-- Generated by Craft v2.6.2988 on Sep 7, 2017, 5:25:23 AM.

--
-- Disable foreign key checks and autocommit.
--

SET FOREIGN_KEY_CHECKS = 0;
SET SQL_MODE = "NO_AUTO_VALUE_ON_ZERO";
SET AUTOCOMMIT = 0;
SET NAMES utf8;


DROP TABLE IF EXISTS `craft_assetfiles`;


--
-- Schema for table `craft_assetfiles`
--
CREATE TABLE `craft_assetfiles` (
  `id` int(11) NOT NULL,
  `sourceId` int(11) DEFAULT NULL,
  `folderId` int(11) NOT NULL,
  `filename` varchar(255) COLLATE utf8_unicode_ci NOT NULL,
  `kind` varchar(50) COLLATE utf8_unicode_ci NOT NULL DEFAULT 'unknown',
  `width` int(11) unsigned DEFAULT NULL,
  `height` int(11) unsigned DEFAULT NULL,
  `size` bigint(20) unsigned DEFAULT NULL,
  `dateModified` datetime DEFAULT NULL,
  `dateCreated` datetime NOT NULL,
  `dateUpdated` datetime NOT NULL,
  `uid` char(36) COLLATE utf8_unicode_ci NOT NULL DEFAULT '0',
  PRIMARY KEY (`id`),
  UNIQUE KEY `craft_assetfiles_filename_folderId_unq_idx` (`filename`,`folderId`),
  KEY `craft_assetfiles_sourceId_fk` (`sourceId`),
  KEY `craft_assetfiles_folderId_fk` (`folderId`)
) ENGINE=InnoDB DEFAULT CHARSET=utf8 COLLATE=utf8_unicode_ci;

--
-- Data for table `craft_assetfiles`
--

INSERT INTO `craft_assetfiles` (`id`, `sourceId`, `folderId`, `filename`, `kind`, `width`, `height`, `size`, `dateModified`, `dateCreated`, `dateUpdated`, `uid`) VALUES
 ('8', '1', '1', 'belay-bg.jpg', 'image', '1413', '644', '55903', '2017-09-07 05:14:24', '2017-09-07 05:14:27', '2017-09-07 05:14:27', 'bb7d83f2-dc62-46a4-849c-8c1bbdba9db0'),
 ('12', '1', '1', 'belay4.jpeg', 'image', '2778', '1807', '141665', '2017-09-07 05:15:03', '2017-09-07 05:15:09', '2017-09-07 05:15:09', 'cc38b267-3f0b-49cf-936c-95e77d2bb8d4'),
 ('13', '1', '1', 'belay6.jpeg', 'image', '2778', '1810', '194415', '2017-09-07 05:15:03', '2017-09-07 05:15:09', '2017-09-07 05:15:09', '3466e2b9-273e-4f1b-9c0e-ac99b4d4a92b'),
 ('14', '1', '1', 'belay7.jpeg', 'image', '2780', '1812', '197030', '2017-09-07 05:15:04', '2017-09-07 05:15:09', '2017-09-07 05:15:09', '1806d1f5-385d-43dd-8303-3b846df6a823');



DROP TABLE IF EXISTS `craft_assetfolders`;


--
-- Schema for table `craft_assetfolders`
--
CREATE TABLE `craft_assetfolders` (
  `id` int(11) NOT NULL AUTO_INCREMENT,
  `parentId` int(11) DEFAULT NULL,
  `sourceId` int(11) DEFAULT NULL,
  `name` varchar(255) COLLATE utf8_unicode_ci NOT NULL,
  `path` varchar(255) COLLATE utf8_unicode_ci DEFAULT NULL,
  `dateCreated` datetime NOT NULL,
  `dateUpdated` datetime NOT NULL,
  `uid` char(36) COLLATE utf8_unicode_ci NOT NULL DEFAULT '0',
  PRIMARY KEY (`id`),
  UNIQUE KEY `craft_assetfolders_name_parentId_sourceId_unq_idx` (`name`,`parentId`,`sourceId`),
  KEY `craft_assetfolders_parentId_fk` (`parentId`),
  KEY `craft_assetfolders_sourceId_fk` (`sourceId`)
) ENGINE=InnoDB AUTO_INCREMENT=2 DEFAULT CHARSET=utf8 COLLATE=utf8_unicode_ci;

--
-- Data for table `craft_assetfolders`
--

INSERT INTO `craft_assetfolders` (`id`, `parentId`, `sourceId`, `name`, `path`, `dateCreated`, `dateUpdated`, `uid`) VALUES
 ('1', NULL, '1', 'assets', '', '2017-09-06 23:46:16', '2017-09-06 23:46:16', '5b7cd283-4c61-43c5-be78-b1fcd33556f9');



DROP TABLE IF EXISTS `craft_assetindexdata`;


--
-- Schema for table `craft_assetindexdata`
--
CREATE TABLE `craft_assetindexdata` (
  `id` int(11) NOT NULL AUTO_INCREMENT,
  `sessionId` varchar(36) COLLATE utf8_unicode_ci NOT NULL DEFAULT '',
  `sourceId` int(10) NOT NULL,
  `offset` int(10) NOT NULL,
  `uri` varchar(255) COLLATE utf8_unicode_ci DEFAULT NULL,
  `size` varchar(255) COLLATE utf8_unicode_ci DEFAULT NULL,
  `recordId` int(10) DEFAULT NULL,
  `dateCreated` datetime NOT NULL,
  `dateUpdated` datetime NOT NULL,
  `uid` char(36) COLLATE utf8_unicode_ci NOT NULL DEFAULT '0',
  PRIMARY KEY (`id`),
  UNIQUE KEY `craft_assetindexdata_sessionId_sourceId_offset_unq_idx` (`sessionId`,`sourceId`,`offset`),
  KEY `craft_assetindexdata_sourceId_fk` (`sourceId`)
) ENGINE=InnoDB DEFAULT CHARSET=utf8 COLLATE=utf8_unicode_ci;

DROP TABLE IF EXISTS `craft_assetsources`;


--
-- Schema for table `craft_assetsources`
--
CREATE TABLE `craft_assetsources` (
  `id` int(11) NOT NULL AUTO_INCREMENT,
  `name` varchar(255) COLLATE utf8_unicode_ci NOT NULL,
  `handle` varchar(255) COLLATE utf8_unicode_ci NOT NULL,
  `type` varchar(150) COLLATE utf8_unicode_ci NOT NULL,
  `settings` text COLLATE utf8_unicode_ci,
  `sortOrder` smallint(6) unsigned DEFAULT NULL,
  `fieldLayoutId` int(10) DEFAULT NULL,
  `dateCreated` datetime NOT NULL,
  `dateUpdated` datetime NOT NULL,
  `uid` char(36) COLLATE utf8_unicode_ci NOT NULL DEFAULT '0',
  PRIMARY KEY (`id`),
  UNIQUE KEY `craft_assetsources_name_unq_idx` (`name`),
  UNIQUE KEY `craft_assetsources_handle_unq_idx` (`handle`),
  KEY `craft_assetsources_fieldLayoutId_fk` (`fieldLayoutId`)
) ENGINE=InnoDB AUTO_INCREMENT=2 DEFAULT CHARSET=utf8 COLLATE=utf8_unicode_ci;

--
-- Data for table `craft_assetsources`
--

INSERT INTO `craft_assetsources` (`id`, `name`, `handle`, `type`, `settings`, `sortOrder`, `fieldLayoutId`, `dateCreated`, `dateUpdated`, `uid`) VALUES
 ('1', 'assets', 'assets', 'Local', '{\"path\":\"assets\\/uploads\\/\",\"publicURLs\":\"1\",\"url\":\"https:\\/\\/craft-f9ma.frb.io\\/assets\\/uploads\\/\"}', '1', '14', '2017-09-06 23:46:16', '2017-09-07 05:13:27', 'b261ec6e-6a04-4a27-97af-5f2080d96ca0');



DROP TABLE IF EXISTS `craft_assettransformindex`;


--
-- Schema for table `craft_assettransformindex`
--
CREATE TABLE `craft_assettransformindex` (
  `id` int(11) NOT NULL AUTO_INCREMENT,
  `fileId` int(11) NOT NULL,
  `filename` varchar(255) COLLATE utf8_unicode_ci DEFAULT NULL,
  `format` varchar(255) COLLATE utf8_unicode_ci DEFAULT NULL,
  `location` varchar(255) COLLATE utf8_unicode_ci NOT NULL,
  `sourceId` int(11) DEFAULT NULL,
  `fileExists` tinyint(1) DEFAULT NULL,
  `inProgress` tinyint(1) DEFAULT NULL,
  `dateIndexed` datetime DEFAULT NULL,
  `dateCreated` datetime NOT NULL,
  `dateUpdated` datetime NOT NULL,
  `uid` char(36) COLLATE utf8_unicode_ci NOT NULL DEFAULT '0',
  PRIMARY KEY (`id`),
  KEY `craft_assettransformindex_sourceId_fileId_location_idx` (`sourceId`,`fileId`,`location`)
) ENGINE=InnoDB DEFAULT CHARSET=utf8 COLLATE=utf8_unicode_ci;

DROP TABLE IF EXISTS `craft_assettransforms`;


--
-- Schema for table `craft_assettransforms`
--
CREATE TABLE `craft_assettransforms` (
  `id` int(11) NOT NULL AUTO_INCREMENT,
  `name` varchar(255) COLLATE utf8_unicode_ci NOT NULL,
  `handle` varchar(255) COLLATE utf8_unicode_ci NOT NULL,
  `mode` enum('stretch','fit','crop') COLLATE utf8_unicode_ci NOT NULL DEFAULT 'crop',
  `position` enum('top-left','top-center','top-right','center-left','center-center','center-right','bottom-left','bottom-center','bottom-right') COLLATE utf8_unicode_ci NOT NULL DEFAULT 'center-center',
  `height` int(10) DEFAULT NULL,
  `width` int(10) DEFAULT NULL,
  `format` varchar(255) COLLATE utf8_unicode_ci DEFAULT NULL,
  `quality` int(10) DEFAULT NULL,
  `dimensionChangeTime` datetime DEFAULT NULL,
  `dateCreated` datetime NOT NULL,
  `dateUpdated` datetime NOT NULL,
  `uid` char(36) COLLATE utf8_unicode_ci NOT NULL DEFAULT '0',
  PRIMARY KEY (`id`),
  UNIQUE KEY `craft_assettransforms_name_unq_idx` (`name`),
  UNIQUE KEY `craft_assettransforms_handle_unq_idx` (`handle`)
) ENGINE=InnoDB DEFAULT CHARSET=utf8 COLLATE=utf8_unicode_ci;

DROP TABLE IF EXISTS `craft_categories`;


--
-- Schema for table `craft_categories`
--
CREATE TABLE `craft_categories` (
  `id` int(11) NOT NULL,
  `groupId` int(11) NOT NULL,
  `dateCreated` datetime NOT NULL,
  `dateUpdated` datetime NOT NULL,
  `uid` char(36) COLLATE utf8_unicode_ci NOT NULL DEFAULT '0',
  PRIMARY KEY (`id`),
  KEY `craft_categories_groupId_fk` (`groupId`)
) ENGINE=InnoDB DEFAULT CHARSET=utf8 COLLATE=utf8_unicode_ci;

DROP TABLE IF EXISTS `craft_categorygroups`;


--
-- Schema for table `craft_categorygroups`
--
CREATE TABLE `craft_categorygroups` (
  `id` int(11) NOT NULL AUTO_INCREMENT,
  `structureId` int(11) NOT NULL,
  `fieldLayoutId` int(11) DEFAULT NULL,
  `name` varchar(255) COLLATE utf8_unicode_ci NOT NULL,
  `handle` varchar(255) COLLATE utf8_unicode_ci NOT NULL,
  `hasUrls` tinyint(1) unsigned NOT NULL DEFAULT '1',
  `template` varchar(500) COLLATE utf8_unicode_ci DEFAULT NULL,
  `dateCreated` datetime NOT NULL,
  `dateUpdated` datetime NOT NULL,
  `uid` char(36) COLLATE utf8_unicode_ci NOT NULL DEFAULT '0',
  PRIMARY KEY (`id`),
  UNIQUE KEY `craft_categorygroups_name_unq_idx` (`name`),
  UNIQUE KEY `craft_categorygroups_handle_unq_idx` (`handle`),
  KEY `craft_categorygroups_structureId_fk` (`structureId`),
  KEY `craft_categorygroups_fieldLayoutId_fk` (`fieldLayoutId`)
) ENGINE=InnoDB DEFAULT CHARSET=utf8 COLLATE=utf8_unicode_ci;

DROP TABLE IF EXISTS `craft_categorygroups_i18n`;


--
-- Schema for table `craft_categorygroups_i18n`
--
CREATE TABLE `craft_categorygroups_i18n` (
  `id` int(11) NOT NULL AUTO_INCREMENT,
  `groupId` int(11) NOT NULL,
  `locale` char(12) COLLATE utf8_unicode_ci NOT NULL,
  `urlFormat` text COLLATE utf8_unicode_ci,
  `nestedUrlFormat` text COLLATE utf8_unicode_ci,
  `dateCreated` datetime NOT NULL,
  `dateUpdated` datetime NOT NULL,
  `uid` char(36) COLLATE utf8_unicode_ci NOT NULL DEFAULT '0',
  PRIMARY KEY (`id`),
  UNIQUE KEY `craft_categorygroups_i18n_groupId_locale_unq_idx` (`groupId`,`locale`),
  KEY `craft_categorygroups_i18n_locale_fk` (`locale`)
) ENGINE=InnoDB DEFAULT CHARSET=utf8 COLLATE=utf8_unicode_ci;

DROP TABLE IF EXISTS `craft_content`;


--
-- Schema for table `craft_content`
--
CREATE TABLE `craft_content` (
  `id` int(11) NOT NULL AUTO_INCREMENT,
  `elementId` int(11) NOT NULL,
  `locale` char(12) COLLATE utf8_unicode_ci NOT NULL,
  `title` varchar(255) COLLATE utf8_unicode_ci DEFAULT NULL,
  `field_body` text COLLATE utf8_unicode_ci,
  `field_clientName` text COLLATE utf8_unicode_ci,
  `field_teaser` text COLLATE utf8_unicode_ci,
  `field_seo` text COLLATE utf8_unicode_ci,
  `dateCreated` datetime NOT NULL,
  `dateUpdated` datetime NOT NULL,
  `uid` char(36) COLLATE utf8_unicode_ci NOT NULL DEFAULT '0',
  PRIMARY KEY (`id`),
  UNIQUE KEY `craft_content_elementId_locale_unq_idx` (`elementId`,`locale`),
  KEY `craft_content_title_idx` (`title`),
  KEY `craft_content_locale_fk` (`locale`)
) ENGINE=InnoDB AUTO_INCREMENT=22 DEFAULT CHARSET=utf8 COLLATE=utf8_unicode_ci;

--
-- Data for table `craft_content`
--

INSERT INTO `craft_content` (`id`, `elementId`, `locale`, `title`, `field_body`, `field_clientName`, `field_teaser`, `field_seo`, `dateCreated`, `dateUpdated`, `uid`) VALUES
 ('1', '1', 'en_us', NULL, NULL, NULL, NULL, NULL, '2017-09-05 12:55:32', '2017-09-05 12:55:32', '09f60b65-f9ed-46b1-a0ea-49ceef325edb'),
 ('2', '2', 'en_us', 'Welcome to Craft-f9ma.frb.io!', '<p>   .</p>', NULL, NULL, NULL, '2017-09-05 12:55:34', '2017-09-05 13:05:14', '631dd305-c158-4efc-ad9e-598afedaae01'),
 ('3', '3', 'en_us', 'We just installed Craft!', '<p>Craft is the CMS that’s powering Craft-f9ma.frb.io. It’s beautiful, powerful, flexible, and easy-to-use, and it’s made by Pixel &amp; Tonic. We can’t wait to dive in and see what it’s capable of!</p><!--pagebreak--><p>This is even more captivating content, which you couldn’t see on the News index page because it was entered after a Page Break, and the News index template only likes to show the content on the first page.</p><p>Craft: a nice alternative to Word, if you’re making a website.</p>', NULL, NULL, NULL, '2017-09-05 12:55:34', '2017-09-05 12:55:34', 'f52b8e41-5dc9-4c5f-bb7d-1126ede88aea'),
 ('5', '5', 'en_us', NULL, NULL, NULL, '<p>Transforming five seperate successful companies into one cohesive brand digitally with my friends at <a href=\"http://huntandsaw.com/\">Hunt &amp; Saw</a>.</p>', NULL, '2017-09-06 23:47:49', '2017-09-07 05:15:23', 'e30c9ae0-b05b-4413-8598-9de5fbedfb1c'),
 ('6', '6', 'en_us', NULL, NULL, NULL, NULL, NULL, '2017-09-06 23:47:49', '2017-09-07 05:15:23', 'ca82aa9b-c64f-4206-a215-4122d36034e0'),
 ('8', '8', 'en_us', 'Belay Bg', NULL, NULL, NULL, NULL, '2017-09-07 05:14:27', '2017-09-07 05:14:27', '85418d4a-f06d-4232-9064-db0f6a36b074'),
 ('12', '12', 'en_us', 'Belay4', NULL, NULL, NULL, NULL, '2017-09-07 05:15:09', '2017-09-07 05:15:09', 'ce970e24-20bc-43fa-abba-91fcbafa2c55'),
 ('13', '13', 'en_us', 'Belay6', NULL, NULL, NULL, NULL, '2017-09-07 05:15:09', '2017-09-07 05:15:09', '944a105e-b8c1-4400-b0ac-14dc42ebdcc1'),
 ('14', '14', 'en_us', 'Belay7', NULL, NULL, NULL, NULL, '2017-09-07 05:15:09', '2017-09-07 05:15:09', '09f7f089-90c9-4495-b583-89fcd910bc0c'),
 ('15', '15', 'en_us', NULL, NULL, NULL, NULL, NULL, '2017-09-07 05:15:23', '2017-09-07 05:15:23', '83d23419-8bba-476b-a9ff-e974d3834867'),
 ('16', '16', 'en_us', 'Belay Solutions', '<p>When I started freelancing, my good friend <a href=\"https://dribbble.com/huntandsaw\">Michael van Tonder of Hunt &amp; Saw</a> was on a similar path and had a lead on an interesting challenge. Michael was in discussions with Bryan Miles from Miles AG, a company that had four subsidiaries that specialized in virtual staffing. If you need an assistant, webmaster, bookkeeper or copywriter and aren’t necessarily worried about where in the world they are, the Miles AG group can staff any of these roles for you.</p>\n<h3>The Need to Consolidate</h3>\n<p>The Miles AG group had reached a point where they had 5 different websites, each with it’s own branding and theme, all related to virtual workers but they all lacked a singular tie back to the parent company.</p>\n<p>Each of these websites had its own WordPress instance with their own blog posts, pages, and CTAs to join the company. As one could imagine, this ended up becoming quite a large undertaking with duplicate content and code across multiple WordPress installs.</p>\n<h3>Five Companies Become One</h3>\n<p>The leadership team met with Hunt &amp; Saw and went through the process of finding a single name that would be synonymous with their company’s values and offerings. After a few rounds of discussion and rewrites, the team decided on BELAY, and Michael went to work on creating the new brand.</p>\n<h3>The Build</h3>\n<p>Once the designs and UX/IA were finalized I got started working on the website. Time was of the essence with the site launch date and we had a lot of ground to cover. Michael was very supportive with answering any questions I had with the designs and how they would flow on the grid. If we still had trouble translating the design, he wouldn’t hesitate to give me a motion study.\n<img src=\"/uploads/faster.gif\" alt=\"faster.gif\" /></p>\n<p><em>The motion study above, and the implementation below</em></p>\n<h3>Iterative QA</h3>\n<p>In order to get my projects out in time I prefer to work with designers who are comfortable with iterating over the same page a few times in a quick fashion. Typically a response from the designer would look like this:</p>\n<p><img src=\"/uploads/Screenshot%202017-01-16%2021.02.54.png\" alt=\"Screenshot 2017-01-16 21.02.54.png\" /></p>\n<p>Not everyone is well equipped to deal with feedback like this. Some developers could take this and it would be a huge point of stress and concern, but for me it helps keep a constant line of communication with my designer at all times.</p>\n<p>This wasn’t the only way we passed our findings back and forth. Aside from these visuals we also had a google spreadsheet full of screenshots and notes from the BELAY team, which really helped keep all of us on the same page for where we were during the project.</p>\n<h3>The Launch</h3>\n<p>Coming up towards the launch date we were lucky to have a handful of key stakeholders helping us QA the site. We made sure to have stand-ups every other day to communicate any issues we may see and increased that cadence to twice a day on the last week prior to launch. The beauty of this team is that they understood the importance of being flexible when it came down to making decisions on critical items that were needed for launch.  I’m happy to say we were able to launch on the exact date we had aimed for with a smooth deployment.</p>\n<p><a href=\"https://belaysolutions.com\">Check out BELAY solutions new website here.</a></p>', NULL, NULL, '{\"id\":null,\"enabled\":1,\"archived\":0,\"locale\":\"en_us\",\"localeEnabled\":1,\"slug\":null,\"uri\":null,\"dateCreated\":null,\"dateUpdated\":null,\"root\":null,\"lft\":null,\"rgt\":null,\"level\":null,\"searchScore\":null,\"elementId\":0,\"metaType\":\"template\",\"metaPath\":\"\",\"seoMainEntityCategory\":\"CreativeWork\",\"seoMainEntityOfPage\":\"WebPage\",\"seoTitle\":\"Belay Solutions\",\"seoDescription\":\"\",\"seoKeywords\":\"\",\"seoImageTransform\":\"\",\"seoFacebookImageTransform\":\"\",\"seoTwitterImageTransform\":\"\",\"twitterCardType\":\"\",\"openGraphType\":\"\",\"robots\":\"\",\"seoImageId\":\"\",\"seoTwitterImageId\":\"\",\"seoFacebookImageId\":\"\",\"seoTitleUnparsed\":\"Belay Solutions\",\"seoDescriptionUnparsed\":\"\",\"seoKeywordsUnparsed\":\"\",\"seoTitleSource\":\"field\",\"seoTitleSourceField\":\"title\",\"seoDescriptionSource\":\"custom\",\"seoDescriptionSourceField\":\"title\",\"seoKeywordsSource\":\"custom\",\"seoKeywordsSourceField\":\"title\",\"seoImageIdSource\":\"custom\",\"seoImageIdSourceField\":\"\",\"seoTwitterImageIdSource\":\"custom\",\"seoTwitterImageIdSourceField\":\"\",\"seoFacebookImageIdSource\":\"custom\",\"seoFacebookImageIdSourceField\":\"\",\"seoCommerceVariants\":null,\"__model__\":\"Craft\\\\Seomatic_MetaFieldModel\"}', '2017-09-07 05:25:01', '2017-09-07 05:25:02', '2412c0d4-ea02-4304-bfe0-318e2c27da91'),
 ('17', '17', 'en_us', NULL, NULL, '', NULL, NULL, '2017-09-07 05:25:01', '2017-09-07 05:25:01', '745c8368-aca2-4058-b4ce-ef63caa9104b'),
 ('18', '18', 'en_us', NULL, NULL, NULL, '<p>Transforming five seperate successful companies into one cohesive brand digitally with my friends at <a href=\"http://huntandsaw.com/\">Hunt &amp; Saw</a>.</p>', NULL, '2017-09-07 05:25:01', '2017-09-07 05:25:01', 'b4af2c83-08b3-48ab-a26d-303add70c3c1'),
 ('19', '19', 'en_us', NULL, NULL, NULL, NULL, NULL, '2017-09-07 05:25:01', '2017-09-07 05:25:01', 'e3c50fb2-eff2-4ca2-9736-5fdde562a3db'),
 ('20', '20', 'en_us', NULL, NULL, NULL, NULL, NULL, '2017-09-07 05:25:02', '2017-09-07 05:25:02', '0155be08-03d7-4a9f-bb19-745e514a9f91'),
 ('21', '21', 'en_us', NULL, NULL, NULL, NULL, NULL, '2017-09-07 05:25:02', '2017-09-07 05:25:02', '69e250cd-a324-46a7-8e46-65434420792a');



DROP TABLE IF EXISTS `craft_deprecationerrors`;


--
-- Schema for table `craft_deprecationerrors`
--
CREATE TABLE `craft_deprecationerrors` (
  `id` int(11) NOT NULL AUTO_INCREMENT,
  `key` varchar(255) COLLATE utf8_unicode_ci NOT NULL,
  `fingerprint` varchar(255) COLLATE utf8_unicode_ci NOT NULL,
  `lastOccurrence` datetime NOT NULL,
  `file` varchar(255) COLLATE utf8_unicode_ci NOT NULL,
  `line` smallint(6) unsigned NOT NULL,
  `class` varchar(255) COLLATE utf8_unicode_ci DEFAULT NULL,
  `method` varchar(255) COLLATE utf8_unicode_ci DEFAULT NULL,
  `template` varchar(255) COLLATE utf8_unicode_ci DEFAULT NULL,
  `templateLine` smallint(6) unsigned DEFAULT NULL,
  `message` varchar(255) COLLATE utf8_unicode_ci DEFAULT NULL,
  `traces` text COLLATE utf8_unicode_ci,
  `dateCreated` datetime NOT NULL,
  `dateUpdated` datetime NOT NULL,
  `uid` char(36) COLLATE utf8_unicode_ci NOT NULL DEFAULT '0',
  PRIMARY KEY (`id`),
  UNIQUE KEY `craft_deprecationerrors_key_fingerprint_unq_idx` (`key`,`fingerprint`)
) ENGINE=InnoDB DEFAULT CHARSET=utf8 COLLATE=utf8_unicode_ci;

DROP TABLE IF EXISTS `craft_elementindexsettings`;


--
-- Schema for table `craft_elementindexsettings`
--
CREATE TABLE `craft_elementindexsettings` (
  `id` int(11) NOT NULL AUTO_INCREMENT,
  `type` varchar(150) COLLATE utf8_unicode_ci NOT NULL,
  `settings` text COLLATE utf8_unicode_ci,
  `dateCreated` datetime NOT NULL,
  `dateUpdated` datetime NOT NULL,
  `uid` char(36) COLLATE utf8_unicode_ci NOT NULL DEFAULT '0',
  PRIMARY KEY (`id`),
  UNIQUE KEY `craft_elementindexsettings_type_unq_idx` (`type`)
) ENGINE=InnoDB DEFAULT CHARSET=utf8 COLLATE=utf8_unicode_ci;

DROP TABLE IF EXISTS `craft_elements`;


--
-- Schema for table `craft_elements`
--
CREATE TABLE `craft_elements` (
  `id` int(11) NOT NULL AUTO_INCREMENT,
  `type` varchar(150) COLLATE utf8_unicode_ci NOT NULL,
  `enabled` tinyint(1) unsigned NOT NULL DEFAULT '1',
  `archived` tinyint(1) unsigned NOT NULL DEFAULT '0',
  `dateCreated` datetime NOT NULL,
  `dateUpdated` datetime NOT NULL,
  `uid` char(36) COLLATE utf8_unicode_ci NOT NULL DEFAULT '0',
  PRIMARY KEY (`id`),
  KEY `craft_elements_type_idx` (`type`),
  KEY `craft_elements_enabled_idx` (`enabled`),
  KEY `craft_elements_archived_dateCreated_idx` (`archived`,`dateCreated`)
) ENGINE=InnoDB AUTO_INCREMENT=22 DEFAULT CHARSET=utf8 COLLATE=utf8_unicode_ci;

--
-- Data for table `craft_elements`
--

INSERT INTO `craft_elements` (`id`, `type`, `enabled`, `archived`, `dateCreated`, `dateUpdated`, `uid`) VALUES
 ('1', 'User', '1', '0', '2017-09-05 12:55:32', '2017-09-05 12:55:32', '4d5ea46b-fea0-4b1c-bd0e-ba5b62add134'),
 ('2', 'Entry', '1', '0', '2017-09-05 12:55:34', '2017-09-05 13:05:14', '2aa88720-c70f-47b3-8397-592b27527a18'),
 ('3', 'Entry', '1', '0', '2017-09-05 12:55:34', '2017-09-05 12:55:34', '51b1e786-541f-4c3b-a501-4c4e91c1f863'),
 ('5', 'Neo_Block', '1', '0', '2017-09-06 23:47:49', '2017-09-07 05:15:23', '1c665278-f571-49d2-b3ef-be21d6bd6ec5'),
 ('6', 'Neo_Block', '1', '0', '2017-09-06 23:47:49', '2017-09-07 05:15:23', 'fd9ae312-2eb0-4e57-a17e-5861db7d09cd'),
 ('8', 'Asset', '1', '0', '2017-09-07 05:14:27', '2017-09-07 05:14:27', 'ad63ae41-a7c4-47d5-8088-89cbad366119'),
 ('12', 'Asset', '1', '0', '2017-09-07 05:15:09', '2017-09-07 05:15:09', 'b2c2e724-43cb-48fc-865e-304c18e8b875'),
 ('13', 'Asset', '1', '0', '2017-09-07 05:15:09', '2017-09-07 05:15:09', 'c2628d40-96da-4782-bf85-c4f54d7d49c3'),
 ('14', 'Asset', '1', '0', '2017-09-07 05:15:09', '2017-09-07 05:15:09', '113e7425-d5c4-4457-bd31-a4323a8155d0'),
 ('15', 'Neo_Block', '1', '0', '2017-09-07 05:15:23', '2017-09-07 05:15:23', '77ce233f-3516-47ba-bca4-6ce152454688'),
 ('16', 'Entry', '1', '0', '2017-09-07 05:25:01', '2017-09-07 05:25:01', '206ced30-430d-4c6b-b905-7cf83b88ce50'),
 ('17', 'Neo_Block', '1', '0', '2017-09-07 05:25:01', '2017-09-07 05:25:01', 'e3504798-5354-4010-ba1c-14e308025253'),
 ('18', 'Neo_Block', '1', '0', '2017-09-07 05:25:01', '2017-09-07 05:25:01', 'd2511fd9-96ec-41e2-8bac-ea2e9a018344'),
 ('19', 'Neo_Block', '1', '0', '2017-09-07 05:25:01', '2017-09-07 05:25:01', '78475f42-ac94-40ea-9b5c-4da47b9ae916'),
 ('20', 'Neo_Block', '1', '0', '2017-09-07 05:25:02', '2017-09-07 05:25:02', '30b58b1c-a8c8-46c6-ba97-eebf25a095b8'),
 ('21', 'Neo_Block', '1', '0', '2017-09-07 05:25:02', '2017-09-07 05:25:02', '7c76a697-d87e-4a5d-8ff4-fe43d3c88293');



DROP TABLE IF EXISTS `craft_elements_i18n`;


--
-- Schema for table `craft_elements_i18n`
--
CREATE TABLE `craft_elements_i18n` (
  `id` int(11) NOT NULL AUTO_INCREMENT,
  `elementId` int(11) NOT NULL,
  `locale` char(12) COLLATE utf8_unicode_ci NOT NULL,
  `slug` varchar(255) COLLATE utf8_unicode_ci DEFAULT NULL,
  `uri` varchar(255) COLLATE utf8_unicode_ci DEFAULT NULL,
  `enabled` tinyint(1) unsigned NOT NULL DEFAULT '1',
  `dateCreated` datetime NOT NULL,
  `dateUpdated` datetime NOT NULL,
  `uid` char(36) COLLATE utf8_unicode_ci NOT NULL DEFAULT '0',
  PRIMARY KEY (`id`),
  UNIQUE KEY `craft_elements_i18n_elementId_locale_unq_idx` (`elementId`,`locale`),
  UNIQUE KEY `craft_elements_i18n_uri_locale_unq_idx` (`uri`,`locale`),
  KEY `craft_elements_i18n_slug_locale_idx` (`slug`,`locale`),
  KEY `craft_elements_i18n_enabled_idx` (`enabled`),
  KEY `craft_elements_i18n_locale_fk` (`locale`)
) ENGINE=InnoDB AUTO_INCREMENT=22 DEFAULT CHARSET=utf8 COLLATE=utf8_unicode_ci;

--
-- Data for table `craft_elements_i18n`
--

INSERT INTO `craft_elements_i18n` (`id`, `elementId`, `locale`, `slug`, `uri`, `enabled`, `dateCreated`, `dateUpdated`, `uid`) VALUES
 ('1', '1', 'en_us', '', NULL, '1', '2017-09-05 12:55:32', '2017-09-05 12:55:32', '614f76a2-f9bb-46f5-9c72-f1d0d20c1951'),
 ('2', '2', 'en_us', 'homepage', '__home__', '1', '2017-09-05 12:55:34', '2017-09-05 13:05:14', 'b77c1148-2043-4095-b44f-ae60d5502d60'),
 ('3', '3', 'en_us', 'we-just-installed-craft', 'news/2017/we-just-installed-craft', '1', '2017-09-05 12:55:34', '2017-09-05 12:55:34', 'dcca5333-127c-4c1b-b095-49c2cf8118df'),
 ('5', '5', 'en_us', '', NULL, '1', '2017-09-06 23:47:49', '2017-09-07 05:15:23', '01675626-4844-43d2-95c1-97ebec7b116a'),
 ('6', '6', 'en_us', '', NULL, '1', '2017-09-06 23:47:49', '2017-09-07 05:15:23', '33df0a2e-047c-4616-937a-9453b57dd334'),
 ('8', '8', 'en_us', 'belay-bg', NULL, '1', '2017-09-07 05:14:27', '2017-09-07 05:14:27', '560e3dee-e028-401c-bc49-d27a1980f505'),
 ('12', '12', 'en_us', 'belay4', NULL, '1', '2017-09-07 05:15:09', '2017-09-07 05:15:09', '019f6a0d-c018-4f37-a8e8-bb77816f5b5e'),
 ('13', '13', 'en_us', 'belay6', NULL, '1', '2017-09-07 05:15:09', '2017-09-07 05:15:09', '193e95bf-0e7a-4989-9af5-f5da1517443d'),
 ('14', '14', 'en_us', 'belay7', NULL, '1', '2017-09-07 05:15:09', '2017-09-07 05:15:09', '68969a95-6341-4beb-bc9f-f86deb01ba3d'),
 ('15', '15', 'en_us', '', NULL, '1', '2017-09-07 05:15:23', '2017-09-07 05:15:23', '9c6ee27f-9561-4efa-81a3-0d01351ca8fa'),
 ('16', '16', 'en_us', 'belay-solutions', 'case-studies/belay-solutions', '1', '2017-09-07 05:25:01', '2017-09-07 05:25:01', 'cca316b6-ecf0-4228-b161-ab2958578690'),
 ('17', '17', 'en_us', '', NULL, '1', '2017-09-07 05:25:01', '2017-09-07 05:25:01', 'c2867c45-043c-4769-a1f1-f72cbc2093c8'),
 ('18', '18', 'en_us', '', NULL, '1', '2017-09-07 05:25:01', '2017-09-07 05:25:01', '5bafbda1-af1b-4425-936e-bf7cdff38674'),
 ('19', '19', 'en_us', '', NULL, '1', '2017-09-07 05:25:02', '2017-09-07 05:25:02', 'b7bc0894-9c70-45ac-ae0c-3a9bac8f7314'),
 ('20', '20', 'en_us', '', NULL, '1', '2017-09-07 05:25:02', '2017-09-07 05:25:02', 'c1300536-57ef-4d30-a6c3-888165384716'),
 ('21', '21', 'en_us', '', NULL, '1', '2017-09-07 05:25:02', '2017-09-07 05:25:02', 'd5a487cb-7341-498e-9e08-e60a34721209');



DROP TABLE IF EXISTS `craft_emailmessages`;


--
-- Schema for table `craft_emailmessages`
--
CREATE TABLE `craft_emailmessages` (
  `id` int(11) NOT NULL AUTO_INCREMENT,
  `key` char(150) COLLATE utf8_unicode_ci NOT NULL,
  `locale` char(12) COLLATE utf8_unicode_ci NOT NULL,
  `subject` varchar(1000) COLLATE utf8_unicode_ci NOT NULL,
  `body` text COLLATE utf8_unicode_ci NOT NULL,
  `dateCreated` datetime NOT NULL,
  `dateUpdated` datetime NOT NULL,
  `uid` char(36) COLLATE utf8_unicode_ci NOT NULL DEFAULT '0',
  PRIMARY KEY (`id`),
  UNIQUE KEY `craft_emailmessages_key_locale_unq_idx` (`key`,`locale`),
  KEY `craft_emailmessages_locale_fk` (`locale`)
) ENGINE=InnoDB DEFAULT CHARSET=utf8 COLLATE=utf8_unicode_ci;

DROP TABLE IF EXISTS `craft_entries`;


--
-- Schema for table `craft_entries`
--
CREATE TABLE `craft_entries` (
  `id` int(11) NOT NULL,
  `sectionId` int(11) NOT NULL,
  `typeId` int(11) DEFAULT NULL,
  `authorId` int(11) DEFAULT NULL,
  `postDate` datetime DEFAULT NULL,
  `expiryDate` datetime DEFAULT NULL,
  `dateCreated` datetime NOT NULL,
  `dateUpdated` datetime NOT NULL,
  `uid` char(36) COLLATE utf8_unicode_ci NOT NULL DEFAULT '0',
  PRIMARY KEY (`id`),
  KEY `craft_entries_sectionId_idx` (`sectionId`),
  KEY `craft_entries_typeId_idx` (`typeId`),
  KEY `craft_entries_postDate_idx` (`postDate`),
  KEY `craft_entries_expiryDate_idx` (`expiryDate`),
  KEY `craft_entries_authorId_fk` (`authorId`)
) ENGINE=InnoDB DEFAULT CHARSET=utf8 COLLATE=utf8_unicode_ci;

--
-- Data for table `craft_entries`
--

INSERT INTO `craft_entries` (`id`, `sectionId`, `typeId`, `authorId`, `postDate`, `expiryDate`, `dateCreated`, `dateUpdated`, `uid`) VALUES
 ('2', '1', NULL, NULL, '2017-09-05 12:55:34', NULL, '2017-09-05 12:55:34', '2017-09-05 13:05:14', '925d5b21-f644-4db2-b395-a7961ec033b6'),
 ('3', '2', '2', '1', '2017-09-05 12:55:34', NULL, '2017-09-05 12:55:34', '2017-09-05 12:55:34', '5ff98ffb-bd49-46f5-b613-566dd743bd65'),
 ('16', '3', '3', '1', '2017-09-07 05:25:01', NULL, '2017-09-07 05:25:02', '2017-09-07 05:25:02', '8e3d691b-ccb7-4489-abb5-fd536072eb64');



DROP TABLE IF EXISTS `craft_entrydrafts`;


--
-- Schema for table `craft_entrydrafts`
--
CREATE TABLE `craft_entrydrafts` (
  `id` int(11) NOT NULL AUTO_INCREMENT,
  `entryId` int(11) NOT NULL,
  `sectionId` int(11) NOT NULL,
  `creatorId` int(11) NOT NULL,
  `locale` char(12) COLLATE utf8_unicode_ci NOT NULL,
  `name` varchar(255) COLLATE utf8_unicode_ci NOT NULL,
  `notes` tinytext COLLATE utf8_unicode_ci,
  `data` mediumtext COLLATE utf8_unicode_ci NOT NULL,
  `dateCreated` datetime NOT NULL,
  `dateUpdated` datetime NOT NULL,
  `uid` char(36) COLLATE utf8_unicode_ci NOT NULL DEFAULT '0',
  PRIMARY KEY (`id`),
  KEY `craft_entrydrafts_entryId_locale_idx` (`entryId`,`locale`),
  KEY `craft_entrydrafts_sectionId_fk` (`sectionId`),
  KEY `craft_entrydrafts_creatorId_fk` (`creatorId`),
  KEY `craft_entrydrafts_locale_fk` (`locale`)
) ENGINE=InnoDB DEFAULT CHARSET=utf8 COLLATE=utf8_unicode_ci;

DROP TABLE IF EXISTS `craft_entrytypes`;


--
-- Schema for table `craft_entrytypes`
--
CREATE TABLE `craft_entrytypes` (
  `id` int(11) NOT NULL AUTO_INCREMENT,
  `sectionId` int(11) NOT NULL,
  `fieldLayoutId` int(11) DEFAULT NULL,
  `name` varchar(255) COLLATE utf8_unicode_ci NOT NULL,
  `handle` varchar(255) COLLATE utf8_unicode_ci NOT NULL,
  `hasTitleField` tinyint(1) unsigned NOT NULL DEFAULT '1',
  `titleLabel` varchar(255) COLLATE utf8_unicode_ci DEFAULT 'Title',
  `titleFormat` varchar(255) COLLATE utf8_unicode_ci DEFAULT NULL,
  `sortOrder` smallint(6) unsigned DEFAULT NULL,
  `dateCreated` datetime NOT NULL,
  `dateUpdated` datetime NOT NULL,
  `uid` char(36) COLLATE utf8_unicode_ci NOT NULL DEFAULT '0',
  PRIMARY KEY (`id`),
  UNIQUE KEY `craft_entrytypes_name_sectionId_unq_idx` (`name`,`sectionId`),
  UNIQUE KEY `craft_entrytypes_handle_sectionId_unq_idx` (`handle`,`sectionId`),
  KEY `craft_entrytypes_sectionId_fk` (`sectionId`),
  KEY `craft_entrytypes_fieldLayoutId_fk` (`fieldLayoutId`)
) ENGINE=InnoDB AUTO_INCREMENT=4 DEFAULT CHARSET=utf8 COLLATE=utf8_unicode_ci;

--
-- Data for table `craft_entrytypes`
--

INSERT INTO `craft_entrytypes` (`id`, `sectionId`, `fieldLayoutId`, `name`, `handle`, `hasTitleField`, `titleLabel`, `titleFormat`, `sortOrder`, `dateCreated`, `dateUpdated`, `uid`) VALUES
 ('1', '1', '3', 'Homepage', 'homepage', '1', 'Title', NULL, '1', '2017-09-05 12:55:34', '2017-09-05 12:55:34', '47da30f6-6a35-4afc-bc2f-3f62107bfb88'),
 ('2', '2', '5', 'News', 'news', '1', 'Title', NULL, '1', '2017-09-05 12:55:34', '2017-09-05 12:55:34', '9fe90c78-ee8c-48d9-aaa6-60da411d44b8'),
 ('3', '3', '15', 'Case Studies', 'caseStudies', '1', 'Title', NULL, '1', '2017-09-06 23:14:46', '2017-09-07 05:13:55', '9139616d-acd9-4d0a-a127-b924e6173040');



DROP TABLE IF EXISTS `craft_entryversions`;


--
-- Schema for table `craft_entryversions`
--
CREATE TABLE `craft_entryversions` (
  `id` int(11) NOT NULL AUTO_INCREMENT,
  `entryId` int(11) NOT NULL,
  `sectionId` int(11) NOT NULL,
  `creatorId` int(11) DEFAULT NULL,
  `locale` char(12) COLLATE utf8_unicode_ci NOT NULL,
  `num` smallint(6) unsigned NOT NULL,
  `notes` tinytext COLLATE utf8_unicode_ci,
  `data` mediumtext COLLATE utf8_unicode_ci NOT NULL,
  `dateCreated` datetime NOT NULL,
  `dateUpdated` datetime NOT NULL,
  `uid` char(36) COLLATE utf8_unicode_ci NOT NULL DEFAULT '0',
  PRIMARY KEY (`id`),
  KEY `craft_entryversions_entryId_locale_idx` (`entryId`,`locale`),
  KEY `craft_entryversions_sectionId_fk` (`sectionId`),
  KEY `craft_entryversions_creatorId_fk` (`creatorId`),
  KEY `craft_entryversions_locale_fk` (`locale`)
) ENGINE=InnoDB AUTO_INCREMENT=8 DEFAULT CHARSET=utf8 COLLATE=utf8_unicode_ci;

--
-- Data for table `craft_entryversions`
--

INSERT INTO `craft_entryversions` (`id`, `entryId`, `sectionId`, `creatorId`, `locale`, `num`, `notes`, `data`, `dateCreated`, `dateUpdated`, `uid`) VALUES
 ('1', '2', '1', '1', 'en_us', '1', NULL, '{\"typeId\":\"1\",\"authorId\":null,\"title\":\"Homepage\",\"slug\":\"homepage\",\"postDate\":1504616134,\"expiryDate\":null,\"enabled\":1,\"parentId\":null,\"fields\":[]}', '2017-09-05 12:55:34', '2017-09-05 12:55:34', '5c36e0ac-4d87-4034-88e4-d7dc199b2bdf'),
 ('2', '2', '1', '1', 'en_us', '2', NULL, '{\"typeId\":null,\"authorId\":null,\"title\":\"Welcome to Craft-f9ma.frb.io!\",\"slug\":\"homepage\",\"postDate\":1504616134,\"expiryDate\":null,\"enabled\":\"1\",\"parentId\":null,\"fields\":{\"1\":\"<p>It\\u2019s true, this site doesn\\u2019t have a whole lot of content yet, but don\\u2019t worry. Our web developers have just installed the CMS, and they\\u2019re setting things up for the content editors this very moment. Soon Craft-f9ma.frb.io will be an oasis of fresh perspectives, sharp analyses, and astute opinions that will keep you coming back again and again.<\\/p>\"}}', '2017-09-05 12:55:34', '2017-09-05 12:55:34', '0bab74d9-a16f-4f0e-a2b6-81e32de7229e'),
 ('3', '3', '2', '1', 'en_us', '1', NULL, '{\"typeId\":\"2\",\"authorId\":\"1\",\"title\":\"We just installed Craft!\",\"slug\":\"we-just-installed-craft\",\"postDate\":1504616134,\"expiryDate\":null,\"enabled\":1,\"parentId\":null,\"fields\":[]}', '2017-09-05 12:55:34', '2017-09-05 12:55:34', 'ad9ff0ab-d194-4b03-a101-089dd6bd5c83'),
 ('4', '2', '1', '1', 'en_us', '3', '', '{\"typeId\":null,\"authorId\":null,\"title\":\"Welcome to Craft-f9ma.frb.io!\",\"slug\":\"homepage\",\"postDate\":1504616134,\"expiryDate\":null,\"enabled\":1,\"parentId\":null,\"fields\":{\"1\":\"<p>&nbsp; &nbsp;.<\\/p>\"}}', '2017-09-05 13:05:14', '2017-09-05 13:05:14', '405411f1-3fe9-48b9-9227-64ea6de82bc5'),
 ('7', '16', '3', '1', 'en_us', '1', '', '{\"typeId\":null,\"authorId\":\"1\",\"title\":\"Belay Solutions\",\"slug\":\"belay-solutions\",\"postDate\":1504761901,\"expiryDate\":null,\"enabled\":1,\"parentId\":null,\"fields\":{\"1\":\"<p>When I started freelancing, my good friend <a href=\\\"https:\\/\\/dribbble.com\\/huntandsaw\\\">Michael van Tonder of Hunt & Saw<\\/a> was on a similar path and had a lead on an interesting challenge. Michael was in discussions with Bryan Miles from Miles AG, a company that had four subsidiaries that specialized in virtual staffing. If you need an assistant, webmaster, bookkeeper or copywriter and aren\\u2019t necessarily worried about where in the world they are, the Miles AG group can staff any of these roles for you.<\\/p>\\r\\n<h3>The Need to Consolidate<\\/h3>\\r\\n<p>The Miles AG group had reached a point where they had 5 different websites, each with it\\u2019s own branding and theme, all related to virtual workers but they all lacked a singular tie back to the parent company.<\\/p>\\r\\n<p>Each of these websites had its own WordPress instance with their own blog posts, pages, and CTAs to join the company. As one could imagine, this ended up becoming quite a large undertaking with duplicate content and code across multiple WordPress installs.<\\/p>\\r\\n<h3>Five Companies Become One<\\/h3>\\r\\n<p>The leadership team met with Hunt & Saw and went through the process of finding a single name that would be synonymous with their company\\u2019s values and offerings. After a few rounds of discussion and rewrites, the team decided on BELAY, and Michael went to work on creating the new brand.<\\/p>\\r\\n<h3>The Build<\\/h3>\\r\\n<p>Once the designs and UX\\/IA were finalized I got started working on the website. Time was of the essence with the site launch date and we had a lot of ground to cover. Michael was very supportive with answering any questions I had with the designs and how they would flow on the grid. If we still had trouble translating the design, he wouldn\\u2019t hesitate to give me a motion study.\\r\\n<img src=\\\"\\/uploads\\/faster.gif\\\" alt=\\\"faster.gif\\\"><\\/p>\\r\\n<p><em>The motion study above, and the implementation below<\\/em><\\/p>\\r\\n<h3>Iterative QA<\\/h3>\\r\\n<p>In order to get my projects out in time I prefer to work with designers who are comfortable with iterating over the same page a few times in a quick fashion. Typically a response from the designer would look like this:<\\/p>\\r\\n<p><img src=\\\"\\/uploads\\/Screenshot%202017-01-16%2021.02.54.png\\\" alt=\\\"Screenshot 2017-01-16 21.02.54.png\\\"><\\/p>\\r\\n<p>Not everyone is well equipped to deal with feedback like this. Some developers could take this and it would be a huge point of stress and concern, but for me it helps keep a constant line of communication with my designer at all times.<\\/p>\\r\\n<p>This wasn\\u2019t the only way we passed our findings back and forth. Aside from these visuals we also had a google spreadsheet full of screenshots and notes from the BELAY team, which really helped keep all of us on the same page for where we were during the project.<\\/p>\\r\\n<h3>The Launch<\\/h3>\\r\\n<p>Coming up towards the launch date we were lucky to have a handful of key stakeholders helping us QA the site. We made sure to have stand-ups every other day to communicate any issues we may see and increased that cadence to twice a day on the last week prior to launch. The beauty of this team is that they understood the importance of being flexible when it came down to making decisions on critical items that were needed for launch.  I\\u2019m happy to say we were able to launch on the exact date we had aimed for with a smooth deployment.<\\/p>\\r\\n<p><a href=\\\"https:\\/\\/belaysolutions.com\\\">Check out BELAY solutions new website here.<\\/a><\\/p>\",\"11\":{\"new0\":{\"modified\":\"1\",\"type\":\"clientName\",\"enabled\":\"1\",\"collapsed\":\"0\",\"level\":\"0\",\"fields\":{\"clientName\":\"\"}},\"new1\":{\"modified\":\"1\",\"type\":\"teaser\",\"enabled\":\"1\",\"collapsed\":\"0\",\"level\":\"0\",\"fields\":{\"teaser\":\"<p>Transforming five seperate successful companies into one cohesive brand digitally with my friends at&nbsp;<a href=\\\"http:\\/\\/huntandsaw.com\\/\\\">Hunt & Saw<\\/a>.<\\/p>\"}},\"new2\":{\"modified\":\"1\",\"type\":\"images\",\"enabled\":\"1\",\"collapsed\":\"0\",\"level\":\"0\",\"fields\":{\"headerImage\":[\"8\"]}},\"new3\":{\"modified\":\"1\",\"type\":\"screenshots\",\"enabled\":\"1\",\"collapsed\":\"0\",\"level\":\"1\",\"fields\":{\"screenshot\":[\"12\",\"13\",\"14\"]}},\"new4\":{\"modified\":\"1\",\"type\":\"logos\",\"enabled\":\"1\",\"collapsed\":\"0\",\"level\":\"1\",\"fields\":{\"regularLogo\":\"\",\"whiteLogo\":\"\"}}},\"10\":{\"seoMainEntityCategory\":\"CreativeWork\",\"seoMainEntityOfPage\":\"WebPage\",\"seoTitleSource\":\"field\",\"seoTitleSourceField\":\"title\",\"seoTitleUnparsed\":\"\",\"seoDescriptionSource\":\"custom\",\"seoDescriptionSourceField\":\"title\",\"seoDescriptionUnparsed\":\"\",\"seoKeywordsSource\":\"custom\",\"seoKeywordsSourceField\":\"title\",\"seoKeywordsUnparsed\":\"\",\"seoImageIdSource\":\"custom\",\"seoImageId\":\"\",\"seoImageTransform\":\"\",\"twitterCardType\":\"\",\"seoTwitterImageIdSource\":\"custom\",\"seoTwitterImageId\":\"\",\"seoTwitterImageTransform\":\"\",\"openGraphType\":\"\",\"seoFacebookImageIdSource\":\"custom\",\"seoFacebookImageId\":\"\",\"seoFacebookImageTransform\":\"\",\"robots\":\"\"}}}', '2017-09-07 05:25:02', '2017-09-07 05:25:02', 'c80b9098-49d5-44fa-94cb-af3f0e6c100d');



DROP TABLE IF EXISTS `craft_fieldgroups`;


--
-- Schema for table `craft_fieldgroups`
--
CREATE TABLE `craft_fieldgroups` (
  `id` int(11) NOT NULL AUTO_INCREMENT,
  `name` varchar(255) COLLATE utf8_unicode_ci NOT NULL,
  `dateCreated` datetime NOT NULL,
  `dateUpdated` datetime NOT NULL,
  `uid` char(36) COLLATE utf8_unicode_ci NOT NULL DEFAULT '0',
  PRIMARY KEY (`id`),
  UNIQUE KEY `craft_fieldgroups_name_unq_idx` (`name`)
) ENGINE=InnoDB AUTO_INCREMENT=3 DEFAULT CHARSET=utf8 COLLATE=utf8_unicode_ci;

--
-- Data for table `craft_fieldgroups`
--

INSERT INTO `craft_fieldgroups` (`id`, `name`, `dateCreated`, `dateUpdated`, `uid`) VALUES
 ('1', 'Default', '2017-09-05 12:55:34', '2017-09-05 12:55:34', '6489873d-d315-4af3-a95c-bc9b2eb0fdb6'),
 ('2', 'Case Study', '2017-09-06 23:22:01', '2017-09-06 23:22:01', '958fc0ec-0750-4038-aa2b-f7604ac9698d');



DROP TABLE IF EXISTS `craft_fieldlayoutfields`;


--
-- Schema for table `craft_fieldlayoutfields`
--
CREATE TABLE `craft_fieldlayoutfields` (
  `id` int(11) NOT NULL AUTO_INCREMENT,
  `layoutId` int(11) NOT NULL,
  `tabId` int(11) NOT NULL,
  `fieldId` int(11) NOT NULL,
  `required` tinyint(1) unsigned NOT NULL DEFAULT '0',
  `sortOrder` smallint(6) unsigned DEFAULT NULL,
  `dateCreated` datetime NOT NULL,
  `dateUpdated` datetime NOT NULL,
  `uid` char(36) COLLATE utf8_unicode_ci NOT NULL DEFAULT '0',
  PRIMARY KEY (`id`),
  UNIQUE KEY `craft_fieldlayoutfields_layoutId_fieldId_unq_idx` (`layoutId`,`fieldId`),
  KEY `craft_fieldlayoutfields_sortOrder_idx` (`sortOrder`),
  KEY `craft_fieldlayoutfields_tabId_fk` (`tabId`),
  KEY `craft_fieldlayoutfields_fieldId_fk` (`fieldId`)
) ENGINE=InnoDB AUTO_INCREMENT=27 DEFAULT CHARSET=utf8 COLLATE=utf8_unicode_ci;

--
-- Data for table `craft_fieldlayoutfields`
--

INSERT INTO `craft_fieldlayoutfields` (`id`, `layoutId`, `tabId`, `fieldId`, `required`, `sortOrder`, `dateCreated`, `dateUpdated`, `uid`) VALUES
 ('1', '3', '1', '1', '1', '1', '2017-09-05 12:55:34', '2017-09-05 12:55:34', '0426098e-8403-4230-b63e-4f6b750b37d3'),
 ('2', '5', '2', '1', '1', '1', '2017-09-05 12:55:34', '2017-09-05 12:55:34', '0db557fe-2656-48b3-bd1f-4c222e3c44b3'),
 ('3', '5', '2', '2', '0', '2', '2017-09-05 12:55:34', '2017-09-05 12:55:34', '4118d39a-5c10-4bc0-b586-9a0ee418913a'),
 ('12', '15', '10', '1', '0', '1', '2017-09-07 05:13:55', '2017-09-07 05:13:55', '1083df58-9bee-41ef-9e5a-570e6f9f84e5'),
 ('13', '15', '10', '11', '0', '2', '2017-09-07 05:13:55', '2017-09-07 05:13:55', 'f7e33fa7-e697-4f7b-a799-395a50c462ca'),
 ('14', '15', '11', '10', '0', '1', '2017-09-07 05:13:55', '2017-09-07 05:13:55', '8fe69ad7-c498-400e-a5d1-e895c27d9088'),
 ('21', '21', '17', '4', '0', '1', '2017-09-07 05:24:03', '2017-09-07 05:24:03', 'e3382979-53e8-40f1-8506-c0e8cf1c12a7'),
 ('22', '22', '18', '5', '0', '1', '2017-09-07 05:24:03', '2017-09-07 05:24:03', '63afc0d4-3af8-42a1-a383-d85c66c39014'),
 ('23', '23', '19', '6', '0', '1', '2017-09-07 05:24:03', '2017-09-07 05:24:03', 'c8cfa1a1-74ac-4196-aa35-8978caab4698'),
 ('24', '24', '20', '9', '0', '1', '2017-09-07 05:24:03', '2017-09-07 05:24:03', 'd4f86827-1a87-44ae-85c4-bec3f996c9c4'),
 ('25', '25', '21', '7', '0', '1', '2017-09-07 05:24:03', '2017-09-07 05:24:03', '80ac5e73-9c92-42ad-ab42-e2a6146918c4'),
 ('26', '25', '21', '8', '0', '2', '2017-09-07 05:24:03', '2017-09-07 05:24:03', 'f500f941-6e34-49eb-8883-ef0db7a07ba6');



DROP TABLE IF EXISTS `craft_fieldlayouts`;


--
-- Schema for table `craft_fieldlayouts`
--
CREATE TABLE `craft_fieldlayouts` (
  `id` int(11) NOT NULL AUTO_INCREMENT,
  `type` varchar(150) COLLATE utf8_unicode_ci NOT NULL,
  `dateCreated` datetime NOT NULL,
  `dateUpdated` datetime NOT NULL,
  `uid` char(36) COLLATE utf8_unicode_ci NOT NULL DEFAULT '0',
  PRIMARY KEY (`id`),
  KEY `craft_fieldlayouts_type_idx` (`type`)
) ENGINE=InnoDB AUTO_INCREMENT=26 DEFAULT CHARSET=utf8 COLLATE=utf8_unicode_ci;

--
-- Data for table `craft_fieldlayouts`
--

INSERT INTO `craft_fieldlayouts` (`id`, `type`, `dateCreated`, `dateUpdated`, `uid`) VALUES
 ('1', 'Tag', '2017-09-05 12:55:34', '2017-09-05 12:55:34', '11f500d5-de34-4ea3-aafb-8733168b7180'),
 ('3', 'Entry', '2017-09-05 12:55:34', '2017-09-05 12:55:34', 'd8f7ea95-bd63-458e-8560-3a94eb2878da'),
 ('5', 'Entry', '2017-09-05 12:55:34', '2017-09-05 12:55:34', '4a3fd243-be04-43c9-9d5a-041d7aa2687f'),
 ('14', 'Asset', '2017-09-07 05:13:27', '2017-09-07 05:13:27', 'd41060a4-a182-418e-a586-07c420f59a6e'),
 ('15', 'Entry', '2017-09-07 05:13:55', '2017-09-07 05:13:55', '02ce0dfa-82a9-4d58-82a4-ea8201b9fb17'),
 ('21', 'Neo_Block', '2017-09-07 05:24:03', '2017-09-07 05:24:03', '310d24e6-5e4e-4094-a6a7-59dc4e7ba15e'),
 ('22', 'Neo_Block', '2017-09-07 05:24:03', '2017-09-07 05:24:03', '622459e2-45f9-4f27-a023-5b7f5eb18820'),
 ('23', 'Neo_Block', '2017-09-07 05:24:03', '2017-09-07 05:24:03', '06a51507-80f2-424a-978a-f464ebcc3050'),
 ('24', 'Neo_Block', '2017-09-07 05:24:03', '2017-09-07 05:24:03', 'ba80ea0f-a36b-4ea2-857d-92610c74637b'),
 ('25', 'Neo_Block', '2017-09-07 05:24:03', '2017-09-07 05:24:03', '23f5bbd9-52e5-4e6a-a572-2696b549c63c');



DROP TABLE IF EXISTS `craft_fieldlayouttabs`;


--
-- Schema for table `craft_fieldlayouttabs`
--
CREATE TABLE `craft_fieldlayouttabs` (
  `id` int(11) NOT NULL AUTO_INCREMENT,
  `layoutId` int(11) NOT NULL,
  `name` varchar(255) COLLATE utf8_unicode_ci NOT NULL,
  `sortOrder` smallint(6) unsigned DEFAULT NULL,
  `dateCreated` datetime NOT NULL,
  `dateUpdated` datetime NOT NULL,
  `uid` char(36) COLLATE utf8_unicode_ci NOT NULL DEFAULT '0',
  PRIMARY KEY (`id`),
  KEY `craft_fieldlayouttabs_sortOrder_idx` (`sortOrder`),
  KEY `craft_fieldlayouttabs_layoutId_fk` (`layoutId`)
) ENGINE=InnoDB AUTO_INCREMENT=22 DEFAULT CHARSET=utf8 COLLATE=utf8_unicode_ci;

--
-- Data for table `craft_fieldlayouttabs`
--

INSERT INTO `craft_fieldlayouttabs` (`id`, `layoutId`, `name`, `sortOrder`, `dateCreated`, `dateUpdated`, `uid`) VALUES
 ('1', '3', 'Content', '1', '2017-09-05 12:55:34', '2017-09-05 12:55:34', '23ccccf3-98d3-4ddf-a621-67a35ebeddc9'),
 ('2', '5', 'Content', '1', '2017-09-05 12:55:34', '2017-09-05 12:55:34', '630d7a6b-71e2-42e9-9c0a-c4046b787d27'),
 ('10', '15', 'Info', '1', '2017-09-07 05:13:55', '2017-09-07 05:13:55', 'bef8f04d-0fe1-473c-a2c2-439cb6f36ac8'),
 ('11', '15', 'SEO', '2', '2017-09-07 05:13:55', '2017-09-07 05:13:55', '45479d67-fbfe-4bc7-a220-9f86a992a6eb'),
 ('17', '21', 'Tab 1', '1', '2017-09-07 05:24:03', '2017-09-07 05:24:03', 'ff2f8427-268e-459a-832e-8c3efe8d1c54'),
 ('18', '22', 'Tab 1', '1', '2017-09-07 05:24:03', '2017-09-07 05:24:03', '33431997-cd53-4f28-ab80-70c52044a1f2'),
 ('19', '23', 'Tab 1', '1', '2017-09-07 05:24:03', '2017-09-07 05:24:03', '8357cee9-1d44-4469-9de2-9de2b5d4951f'),
 ('20', '24', 'Tab 1', '1', '2017-09-07 05:24:03', '2017-09-07 05:24:03', '161e607e-77db-4501-9f03-9f4298086b53'),
 ('21', '25', 'Tab 1', '1', '2017-09-07 05:24:03', '2017-09-07 05:24:03', 'bb3d8a12-43ac-463d-aee1-a81a11d6a7a0');



DROP TABLE IF EXISTS `craft_fields`;


--
-- Schema for table `craft_fields`
--
CREATE TABLE `craft_fields` (
  `id` int(11) NOT NULL AUTO_INCREMENT,
  `groupId` int(11) DEFAULT NULL,
  `name` varchar(255) COLLATE utf8_unicode_ci NOT NULL,
  `handle` varchar(58) COLLATE utf8_unicode_ci NOT NULL,
  `context` varchar(255) COLLATE utf8_unicode_ci NOT NULL DEFAULT 'global',
  `instructions` text COLLATE utf8_unicode_ci,
  `translatable` tinyint(1) unsigned NOT NULL DEFAULT '0',
  `type` varchar(150) COLLATE utf8_unicode_ci NOT NULL,
  `settings` text COLLATE utf8_unicode_ci,
  `dateCreated` datetime NOT NULL,
  `dateUpdated` datetime NOT NULL,
  `uid` char(36) COLLATE utf8_unicode_ci NOT NULL DEFAULT '0',
  PRIMARY KEY (`id`),
  UNIQUE KEY `craft_fields_handle_context_unq_idx` (`handle`,`context`),
  KEY `craft_fields_context_idx` (`context`),
  KEY `craft_fields_groupId_fk` (`groupId`)
) ENGINE=InnoDB AUTO_INCREMENT=12 DEFAULT CHARSET=utf8 COLLATE=utf8_unicode_ci;

--
-- Data for table `craft_fields`
--

INSERT INTO `craft_fields` (`id`, `groupId`, `name`, `handle`, `context`, `instructions`, `translatable`, `type`, `settings`, `dateCreated`, `dateUpdated`, `uid`) VALUES
 ('1', '1', 'Body', 'body', 'global', NULL, '1', 'RichText', '{\"configFile\":\"Standard.json\",\"columnType\":\"text\"}', '2017-09-05 12:55:34', '2017-09-05 12:55:34', '4f8c62ce-6f43-4ad9-b919-9df6c453d3d3'),
 ('2', '1', 'Tags', 'tags', 'global', NULL, '0', 'Tags', '{\"source\":\"taggroup:1\"}', '2017-09-05 12:55:34', '2017-09-05 12:55:34', 'fa1c637a-6fa3-42db-8dce-484cd161f582'),
 ('3', '1', 'Image', 'image', 'global', '', '0', 'Assets', '{\"useSingleFolder\":\"1\",\"sources\":\"*\",\"defaultUploadLocationSource\":\"1\",\"defaultUploadLocationSubpath\":\"\",\"singleUploadLocationSource\":\"1\",\"singleUploadLocationSubpath\":\"\",\"restrictFiles\":\"\",\"limit\":\"\",\"viewMode\":\"list\",\"selectionLabel\":\"\"}', '2017-09-06 23:20:22', '2017-09-06 23:46:34', '81b43b7d-dfe4-47e7-a0f6-7037329ae59f'),
 ('4', '2', 'Client Name', 'clientName', 'global', '', '0', 'PlainText', '{\"placeholder\":\"\",\"maxLength\":\"\",\"multiline\":\"\",\"initialRows\":\"4\"}', '2017-09-06 23:21:08', '2017-09-06 23:22:15', 'bafae09a-6c99-43ed-a9fa-7e3094925f21'),
 ('5', '2', 'Teaser', 'teaser', 'global', '', '0', 'RichText', '{\"configFile\":\"\",\"availableAssetSources\":\"*\",\"availableTransforms\":\"*\",\"cleanupHtml\":\"1\",\"purifyHtml\":\"1\",\"purifierConfig\":\"\",\"columnType\":\"text\"}', '2017-09-06 23:21:39', '2017-09-06 23:22:22', 'b80f7d4f-be6d-4858-841d-575407a4358e'),
 ('6', '2', 'Header Image', 'headerImage', 'global', '', '0', 'Assets', '{\"useSingleFolder\":\"1\",\"sources\":\"*\",\"defaultUploadLocationSource\":\"1\",\"defaultUploadLocationSubpath\":\"\",\"singleUploadLocationSource\":\"1\",\"singleUploadLocationSubpath\":\"\",\"restrictFiles\":\"\",\"limit\":\"\",\"viewMode\":\"list\",\"selectionLabel\":\"\"}', '2017-09-06 23:22:41', '2017-09-06 23:46:27', 'e8ccb0bd-e42c-4ab0-b08d-ca7884bf02b6'),
 ('7', '2', 'Regular Logo', 'regularLogo', 'global', '', '0', 'Assets', '{\"useSingleFolder\":\"1\",\"defaultUploadLocationSubpath\":\"\",\"singleUploadLocationSubpath\":\"\",\"restrictFiles\":\"\",\"limit\":\"\",\"viewMode\":\"list\",\"selectionLabel\":\"\"}', '2017-09-06 23:23:52', '2017-09-06 23:36:23', 'a599aedf-1285-4ada-8350-ebc5cf52bfa9'),
 ('8', '2', 'White Logo', 'whiteLogo', 'global', '', '0', 'Assets', '{\"useSingleFolder\":\"\",\"defaultUploadLocationSubpath\":\"\",\"singleUploadLocationSubpath\":\"\",\"restrictFiles\":\"\",\"limit\":\"\",\"viewMode\":\"list\",\"selectionLabel\":\"\"}', '2017-09-06 23:24:12', '2017-09-06 23:24:12', '6876c1f9-1d6e-4fa2-9c29-bc50c7b14ec1'),
 ('9', '2', 'Screenshot', 'screenshot', 'global', '', '0', 'Assets', '{\"useSingleFolder\":\"1\",\"sources\":\"*\",\"defaultUploadLocationSource\":\"1\",\"defaultUploadLocationSubpath\":\"\",\"singleUploadLocationSource\":\"1\",\"singleUploadLocationSubpath\":\"\",\"restrictFiles\":\"\",\"limit\":\"\",\"viewMode\":\"list\",\"selectionLabel\":\"\"}', '2017-09-06 23:24:40', '2017-09-06 23:46:37', 'fbdf1772-6ce2-4bb1-bc6e-6c9a00f593f8'),
 ('10', '2', 'SEO', 'seo', 'global', '', '0', 'Seomatic_Meta', '{\"seoMainEntityCategory\":\"CreativeWork\",\"seoMainEntityOfPage\":\"WebPage\",\"seoTitleSource\":\"field\",\"seoTitleSourceField\":\"title\",\"seoTitle\":\"\",\"seoTitleSourceChangeable\":\"1\",\"seoDescriptionSource\":\"custom\",\"seoDescriptionSourceField\":\"title\",\"seoDescription\":\"\",\"seoDescriptionSourceChangeable\":\"1\",\"seoKeywordsSource\":\"custom\",\"seoKeywordsSourceField\":\"title\",\"seoKeywords\":\"\",\"seoKeywordsSourceChangeable\":\"1\",\"seoImageIdSource\":\"custom\",\"seoImageIdSourceField\":\"headerImage\",\"seoImageIdSourceChangeable\":\"1\",\"seoImageTransform\":\"\",\"twitterCardType\":\"\",\"twitterCardTypeChangeable\":\"1\",\"seoTwitterImageIdSource\":\"custom\",\"seoTwitterImageIdSourceField\":\"headerImage\",\"seoTwitterImageIdSourceChangeable\":\"1\",\"seoTwitterImageTransform\":\"\",\"openGraphType\":\"\",\"openGraphTypeChangeable\":\"1\",\"seoFacebookImageIdSource\":\"custom\",\"seoFacebookImageIdSourceField\":\"headerImage\",\"seoFacebookImageIdSourceChangeable\":\"1\",\"seoFacebookImageTransform\":\"\",\"robots\":\"\",\"robotsChangeable\":\"1\"}', '2017-09-06 23:27:41', '2017-09-06 23:27:41', '4ed4d2c1-f528-4f54-9e60-1edca7b2261d'),
 ('11', '2', 'Case Study', 'caseStudy', 'global', '', '0', 'Neo', '{\"maxBlocks\":null}', '2017-09-06 23:30:59', '2017-09-07 05:24:03', 'a87fc6ac-6b72-47a1-93b4-94f503af15cb');



DROP TABLE IF EXISTS `craft_globalsets`;


--
-- Schema for table `craft_globalsets`
--
CREATE TABLE `craft_globalsets` (
  `id` int(11) NOT NULL,
  `name` varchar(255) COLLATE utf8_unicode_ci NOT NULL,
  `handle` varchar(255) COLLATE utf8_unicode_ci NOT NULL,
  `fieldLayoutId` int(10) DEFAULT NULL,
  `dateCreated` datetime NOT NULL,
  `dateUpdated` datetime NOT NULL,
  `uid` char(36) COLLATE utf8_unicode_ci NOT NULL DEFAULT '0',
  PRIMARY KEY (`id`),
  UNIQUE KEY `craft_globalsets_name_unq_idx` (`name`),
  UNIQUE KEY `craft_globalsets_handle_unq_idx` (`handle`),
  KEY `craft_globalsets_fieldLayoutId_fk` (`fieldLayoutId`)
) ENGINE=InnoDB DEFAULT CHARSET=utf8 COLLATE=utf8_unicode_ci;

DROP TABLE IF EXISTS `craft_info`;


--
-- Schema for table `craft_info`
--
CREATE TABLE `craft_info` (
  `id` int(11) NOT NULL AUTO_INCREMENT,
  `version` varchar(50) COLLATE utf8_unicode_ci NOT NULL,
  `schemaVersion` varchar(15) COLLATE utf8_unicode_ci NOT NULL,
  `edition` tinyint(1) unsigned NOT NULL DEFAULT '0',
  `siteName` varchar(100) COLLATE utf8_unicode_ci NOT NULL,
  `siteUrl` varchar(255) COLLATE utf8_unicode_ci NOT NULL,
  `timezone` varchar(30) COLLATE utf8_unicode_ci DEFAULT NULL,
  `on` tinyint(1) unsigned NOT NULL DEFAULT '0',
  `maintenance` tinyint(1) unsigned NOT NULL DEFAULT '0',
  `dateCreated` datetime NOT NULL,
  `dateUpdated` datetime NOT NULL,
  `uid` char(36) COLLATE utf8_unicode_ci NOT NULL DEFAULT '0',
  PRIMARY KEY (`id`)
) ENGINE=InnoDB AUTO_INCREMENT=2 DEFAULT CHARSET=utf8 COLLATE=utf8_unicode_ci;

--
-- Data for table `craft_info`
--

INSERT INTO `craft_info` (`id`, `version`, `schemaVersion`, `edition`, `siteName`, `siteUrl`, `timezone`, `on`, `maintenance`, `dateCreated`, `dateUpdated`, `uid`) VALUES
 ('1', '2.6.2988', '2.6.10', '0', 'Hall and All', 'http://craft-f9ma.frb.io', 'UTC', '1', '0', '2017-09-05 12:55:31', '2017-09-05 12:55:31', '084166cb-83f2-4136-85f5-05af72d75aa4');



DROP TABLE IF EXISTS `craft_locales`;


--
-- Schema for table `craft_locales`
--
CREATE TABLE `craft_locales` (
  `locale` char(12) COLLATE utf8_unicode_ci NOT NULL,
  `sortOrder` smallint(6) unsigned DEFAULT NULL,
  `dateCreated` datetime NOT NULL,
  `dateUpdated` datetime NOT NULL,
  `uid` char(36) COLLATE utf8_unicode_ci NOT NULL DEFAULT '0',
  PRIMARY KEY (`locale`),
  KEY `craft_locales_sortOrder_idx` (`sortOrder`)
) ENGINE=InnoDB DEFAULT CHARSET=utf8 COLLATE=utf8_unicode_ci;

--
-- Data for table `craft_locales`
--

INSERT INTO `craft_locales` (`locale`, `sortOrder`, `dateCreated`, `dateUpdated`, `uid`) VALUES
 ('en_us', '1', '2017-09-05 12:55:31', '2017-09-05 12:55:31', '0081a47b-f155-4369-8c38-b74b35ad0578');



DROP TABLE IF EXISTS `craft_matrixblocks`;


--
-- Schema for table `craft_matrixblocks`
--
CREATE TABLE `craft_matrixblocks` (
  `id` int(11) NOT NULL,
  `ownerId` int(11) NOT NULL,
  `fieldId` int(11) NOT NULL,
  `typeId` int(11) DEFAULT NULL,
  `sortOrder` smallint(6) unsigned DEFAULT NULL,
  `ownerLocale` char(12) COLLATE utf8_unicode_ci DEFAULT NULL,
  `dateCreated` datetime NOT NULL,
  `dateUpdated` datetime NOT NULL,
  `uid` char(36) COLLATE utf8_unicode_ci NOT NULL DEFAULT '0',
  PRIMARY KEY (`id`),
  KEY `craft_matrixblocks_ownerId_idx` (`ownerId`),
  KEY `craft_matrixblocks_fieldId_idx` (`fieldId`),
  KEY `craft_matrixblocks_typeId_idx` (`typeId`),
  KEY `craft_matrixblocks_sortOrder_idx` (`sortOrder`),
  KEY `craft_matrixblocks_ownerLocale_fk` (`ownerLocale`)
) ENGINE=InnoDB DEFAULT CHARSET=utf8 COLLATE=utf8_unicode_ci;

DROP TABLE IF EXISTS `craft_matrixblocktypes`;


--
-- Schema for table `craft_matrixblocktypes`
--
CREATE TABLE `craft_matrixblocktypes` (
  `id` int(11) NOT NULL AUTO_INCREMENT,
  `fieldId` int(11) NOT NULL,
  `fieldLayoutId` int(11) DEFAULT NULL,
  `name` varchar(255) COLLATE utf8_unicode_ci NOT NULL,
  `handle` varchar(255) COLLATE utf8_unicode_ci NOT NULL,
  `sortOrder` smallint(6) unsigned DEFAULT NULL,
  `dateCreated` datetime NOT NULL,
  `dateUpdated` datetime NOT NULL,
  `uid` char(36) COLLATE utf8_unicode_ci NOT NULL DEFAULT '0',
  PRIMARY KEY (`id`),
  UNIQUE KEY `craft_matrixblocktypes_name_fieldId_unq_idx` (`name`,`fieldId`),
  UNIQUE KEY `craft_matrixblocktypes_handle_fieldId_unq_idx` (`handle`,`fieldId`),
  KEY `craft_matrixblocktypes_fieldId_fk` (`fieldId`),
  KEY `craft_matrixblocktypes_fieldLayoutId_fk` (`fieldLayoutId`)
) ENGINE=InnoDB DEFAULT CHARSET=utf8 COLLATE=utf8_unicode_ci;

DROP TABLE IF EXISTS `craft_migrations`;


--
-- Schema for table `craft_migrations`
--
CREATE TABLE `craft_migrations` (
  `id` int(11) NOT NULL AUTO_INCREMENT,
  `pluginId` int(11) DEFAULT NULL,
  `version` varchar(255) COLLATE utf8_unicode_ci NOT NULL,
  `applyTime` datetime NOT NULL,
  `dateCreated` datetime NOT NULL,
  `dateUpdated` datetime NOT NULL,
  `uid` char(36) COLLATE utf8_unicode_ci NOT NULL DEFAULT '0',
  PRIMARY KEY (`id`),
  UNIQUE KEY `craft_migrations_version_unq_idx` (`version`),
  KEY `craft_migrations_pluginId_fk` (`pluginId`)
) ENGINE=InnoDB AUTO_INCREMENT=69 DEFAULT CHARSET=utf8 COLLATE=utf8_unicode_ci;

--
-- Data for table `craft_migrations`
--

INSERT INTO `craft_migrations` (`id`, `pluginId`, `version`, `applyTime`, `dateCreated`, `dateUpdated`, `uid`) VALUES
 ('1', NULL, 'm000000_000000_base', '2017-09-05 12:55:31', '2017-09-05 12:55:31', '2017-09-05 12:55:31', 'dda6607f-bb39-4f03-b591-3c1f98737690'),
 ('2', NULL, 'm140730_000001_add_filename_and_format_to_transformindex', '2017-09-05 12:55:31', '2017-09-05 12:55:31', '2017-09-05 12:55:31', '1210956c-d1c6-49c8-ba4e-12a1af63f8e5'),
 ('3', NULL, 'm140815_000001_add_format_to_transforms', '2017-09-05 12:55:31', '2017-09-05 12:55:31', '2017-09-05 12:55:31', '60277708-8ab5-4665-a03e-a28ddf96a59a'),
 ('4', NULL, 'm140822_000001_allow_more_than_128_items_per_field', '2017-09-05 12:55:31', '2017-09-05 12:55:31', '2017-09-05 12:55:31', '0c84d42e-06ae-4fe6-a5b5-7d45c63dbed9'),
 ('5', NULL, 'm140829_000001_single_title_formats', '2017-09-05 12:55:31', '2017-09-05 12:55:31', '2017-09-05 12:55:31', '1210d1c5-88cf-46cb-854b-cb37087b78dc'),
 ('6', NULL, 'm140831_000001_extended_cache_keys', '2017-09-05 12:55:31', '2017-09-05 12:55:31', '2017-09-05 12:55:31', '316239e4-ea3a-4fe6-9cb8-95685e7c7901'),
 ('7', NULL, 'm140922_000001_delete_orphaned_matrix_blocks', '2017-09-05 12:55:31', '2017-09-05 12:55:31', '2017-09-05 12:55:31', '9c7ecbb4-4a58-42c9-a205-cb85c6a445bd'),
 ('8', NULL, 'm141008_000001_elements_index_tune', '2017-09-05 12:55:31', '2017-09-05 12:55:31', '2017-09-05 12:55:31', '4040dea3-2c28-4bc3-a747-0cae425095ba'),
 ('9', NULL, 'm141009_000001_assets_source_handle', '2017-09-05 12:55:31', '2017-09-05 12:55:31', '2017-09-05 12:55:31', 'bbc91c7a-5db8-43d1-af47-94be05d5b2fa'),
 ('10', NULL, 'm141024_000001_field_layout_tabs', '2017-09-05 12:55:31', '2017-09-05 12:55:31', '2017-09-05 12:55:31', '6289d501-aad7-45d4-8949-71a1d9ac1def'),
 ('11', NULL, 'm141030_000000_plugin_schema_versions', '2017-09-05 12:55:31', '2017-09-05 12:55:31', '2017-09-05 12:55:31', '62cc36e4-fbb1-4268-b6ac-2057ed8ee73b'),
 ('12', NULL, 'm141030_000001_drop_structure_move_permission', '2017-09-05 12:55:31', '2017-09-05 12:55:31', '2017-09-05 12:55:31', 'c58bf93c-bdae-4932-b195-8d4525d359ef'),
 ('13', NULL, 'm141103_000001_tag_titles', '2017-09-05 12:55:31', '2017-09-05 12:55:31', '2017-09-05 12:55:31', 'bd77a811-62ed-42a5-b017-6cace22a7bac'),
 ('14', NULL, 'm141109_000001_user_status_shuffle', '2017-09-05 12:55:31', '2017-09-05 12:55:31', '2017-09-05 12:55:31', '7961dbec-a812-45cb-b699-b2f514d68ac6'),
 ('15', NULL, 'm141126_000001_user_week_start_day', '2017-09-05 12:55:31', '2017-09-05 12:55:31', '2017-09-05 12:55:31', '88d43a99-2926-4d47-936e-c56d83ef439b'),
 ('16', NULL, 'm150210_000001_adjust_user_photo_size', '2017-09-05 12:55:31', '2017-09-05 12:55:31', '2017-09-05 12:55:31', '8b887333-337d-438a-b844-e284bdbe22f8'),
 ('17', NULL, 'm150724_000001_adjust_quality_settings', '2017-09-05 12:55:31', '2017-09-05 12:55:31', '2017-09-05 12:55:31', '99834e99-c882-4d41-a4fd-009867a7d526'),
 ('18', NULL, 'm150827_000000_element_index_settings', '2017-09-05 12:55:31', '2017-09-05 12:55:31', '2017-09-05 12:55:31', '224a0b03-aef2-42f9-b651-cc92aac4fb98'),
 ('19', NULL, 'm150918_000001_add_colspan_to_widgets', '2017-09-05 12:55:31', '2017-09-05 12:55:31', '2017-09-05 12:55:31', '6c1db344-89cd-4bc3-99dd-d60c44e2bf24'),
 ('20', NULL, 'm151007_000000_clear_asset_caches', '2017-09-05 12:55:31', '2017-09-05 12:55:31', '2017-09-05 12:55:31', '607d7425-b7b1-44ff-a5cf-ef7a55f11ee6'),
 ('21', NULL, 'm151109_000000_text_url_formats', '2017-09-05 12:55:31', '2017-09-05 12:55:31', '2017-09-05 12:55:31', '7d136990-ca87-4ae5-afd7-084384f42139'),
 ('22', NULL, 'm151110_000000_move_logo', '2017-09-05 12:55:31', '2017-09-05 12:55:31', '2017-09-05 12:55:31', 'c6aba213-cf97-4d07-83f6-3798d6e3da98'),
 ('23', NULL, 'm151117_000000_adjust_image_widthheight', '2017-09-05 12:55:31', '2017-09-05 12:55:31', '2017-09-05 12:55:31', '7869ae1e-51aa-410f-b9ad-160faebcc9c0'),
 ('24', NULL, 'm151127_000000_clear_license_key_status', '2017-09-05 12:55:31', '2017-09-05 12:55:31', '2017-09-05 12:55:31', '3f608b0d-e581-46f6-abee-aaf3bfc27f9d'),
 ('25', NULL, 'm151127_000000_plugin_license_keys', '2017-09-05 12:55:31', '2017-09-05 12:55:31', '2017-09-05 12:55:31', '4397a22b-f581-4d51-80b7-e68a434b00de'),
 ('26', NULL, 'm151130_000000_update_pt_widget_feeds', '2017-09-05 12:55:31', '2017-09-05 12:55:31', '2017-09-05 12:55:31', '080db47d-5db5-4212-9a5c-7d39d0d52d6a'),
 ('27', NULL, 'm160114_000000_asset_sources_public_url_default_true', '2017-09-05 12:55:31', '2017-09-05 12:55:31', '2017-09-05 12:55:31', '1712892c-592e-4d74-809f-a659bc6440b7'),
 ('28', NULL, 'm160223_000000_sortorder_to_smallint', '2017-09-05 12:55:31', '2017-09-05 12:55:31', '2017-09-05 12:55:31', '5979b480-2022-44d6-9a47-f0f18e943984'),
 ('29', NULL, 'm160229_000000_set_default_entry_statuses', '2017-09-05 12:55:31', '2017-09-05 12:55:31', '2017-09-05 12:55:31', '750e98e1-cdb9-47e2-b6b6-4c38beb00684'),
 ('30', NULL, 'm160304_000000_client_permissions', '2017-09-05 12:55:31', '2017-09-05 12:55:31', '2017-09-05 12:55:31', 'c14a21a9-d79d-47ce-8ce6-c02eace4c8e8'),
 ('31', NULL, 'm160322_000000_asset_filesize', '2017-09-05 12:55:31', '2017-09-05 12:55:31', '2017-09-05 12:55:31', '79259205-b829-4755-ab3b-710757a2d6da'),
 ('32', NULL, 'm160503_000000_orphaned_fieldlayouts', '2017-09-05 12:55:31', '2017-09-05 12:55:31', '2017-09-05 12:55:31', 'ca905a4b-022f-4e65-bc9a-ef3e6346f1bf'),
 ('33', NULL, 'm160510_000000_tasksettings', '2017-09-05 12:55:31', '2017-09-05 12:55:31', '2017-09-05 12:55:31', '79462c03-67a7-4234-892b-654185220a04'),
 ('34', NULL, 'm160829_000000_pending_user_content_cleanup', '2017-09-05 12:55:31', '2017-09-05 12:55:31', '2017-09-05 12:55:31', '12511f34-dfea-44a2-b7f8-41223f0e3105'),
 ('35', NULL, 'm160830_000000_asset_index_uri_increase', '2017-09-05 12:55:31', '2017-09-05 12:55:31', '2017-09-05 12:55:31', 'dc5ef4cf-5445-441f-b0bf-147cb903d283'),
 ('36', NULL, 'm160919_000000_usergroup_handle_title_unique', '2017-09-05 12:55:31', '2017-09-05 12:55:31', '2017-09-05 12:55:31', '8c05ec42-3bd5-4660-98f9-cec70edba557'),
 ('37', NULL, 'm161108_000000_new_version_format', '2017-09-05 12:55:31', '2017-09-05 12:55:31', '2017-09-05 12:55:31', 'a071b797-0b18-4cb9-a0b1-0d7eb45927ba'),
 ('38', NULL, 'm161109_000000_index_shuffle', '2017-09-05 12:55:31', '2017-09-05 12:55:31', '2017-09-05 12:55:31', '77bb877e-80bc-4bc1-9d10-4a56350cb1ed'),
 ('39', NULL, 'm170612_000000_route_index_shuffle', '2017-09-05 12:55:31', '2017-09-05 12:55:31', '2017-09-05 12:55:31', '839b7f4f-9169-4dc9-95cf-900b0006947d'),
 ('40', '1', 'm151225_000000_seomatic_addHumansField', '2017-09-05 12:55:49', '2017-09-05 12:55:49', '2017-09-05 12:55:49', 'c0fe88ee-fc39-42d5-a868-d2c378fd3479'),
 ('41', '1', 'm151226_000000_seomatic_addTwitterFacebookFields', '2017-09-05 12:55:49', '2017-09-05 12:55:49', '2017-09-05 12:55:49', '62163437-043a-44c8-a547-e9be37904cb1'),
 ('42', '1', 'm160101_000000_seomatic_addRobotsFields', '2017-09-05 12:55:49', '2017-09-05 12:55:49', '2017-09-05 12:55:49', '08bf7376-9294-477b-a684-f48be9161158'),
 ('43', '1', 'm160111_000000_seomatic_addTitleFields', '2017-09-05 12:55:49', '2017-09-05 12:55:49', '2017-09-05 12:55:49', '43d33192-e3b3-44c1-a73e-7e378e6c71df'),
 ('44', '1', 'm160122_000000_seomatic_addTypeFields', '2017-09-05 12:55:49', '2017-09-05 12:55:49', '2017-09-05 12:55:49', '35cbe6f6-c1e4-4616-be5a-6394796b2fa8'),
 ('45', '1', 'm160123_000000_seomatic_addOpeningHours', '2017-09-05 12:55:49', '2017-09-05 12:55:49', '2017-09-05 12:55:49', '92a55f05-a08e-4803-a07e-8a1e50b9ea12'),
 ('46', '1', 'm160202_000000_seomatic_addSocialHandles', '2017-09-05 12:55:49', '2017-09-05 12:55:49', '2017-09-05 12:55:49', '39acc72b-87a3-437d-b7c0-8db02876847b'),
 ('47', '1', 'm160204_000000_seomatic_addGoogleAnalytics', '2017-09-05 12:55:49', '2017-09-05 12:55:49', '2017-09-05 12:55:49', 'd7fa7fdb-c05e-48f8-8387-1c715da89837'),
 ('48', '1', 'm160205_000000_seomatic_addResturantMenu', '2017-09-05 12:55:49', '2017-09-05 12:55:49', '2017-09-05 12:55:49', '1f0c6c45-7ef2-4adb-a6d2-dbf3aaa756f8'),
 ('49', '1', 'm160206_000000_seomatic_addGoogleAnalyticsPlugins', '2017-09-05 12:55:49', '2017-09-05 12:55:49', '2017-09-05 12:55:49', 'd6cfefca-03ca-44a0-ac3b-04db23fd3d9a'),
 ('50', '1', 'm160206_000000_seomatic_addGoogleAnalyticsSendPageView', '2017-09-05 12:55:49', '2017-09-05 12:55:49', '2017-09-05 12:55:49', 'f18e6c8e-480e-486f-b2c7-f513b68e211b'),
 ('51', '1', 'm160209_000000_seomatic_alterDescriptionsColumns', '2017-09-05 12:55:49', '2017-09-05 12:55:49', '2017-09-05 12:55:49', '0ad5042d-0ab9-40cb-b938-723925a4845b'),
 ('52', '1', 'm160209_000001_seomatic_addRobotsTxt', '2017-09-05 12:55:49', '2017-09-05 12:55:49', '2017-09-05 12:55:49', '5a7a4157-cc58-4a73-adbb-9038005b217f'),
 ('53', '1', 'm160227_000000_seomatic_addFacebookAppId', '2017-09-05 12:55:49', '2017-09-05 12:55:49', '2017-09-05 12:55:49', 'e8db5fbc-3b31-49fb-a9b5-0d2a521ecc53'),
 ('54', '1', 'm160416_000000_seomatic_addContactPoints', '2017-09-05 12:55:49', '2017-09-05 12:55:49', '2017-09-05 12:55:49', '7b6e8a4f-1d16-4c0e-9ad5-c5b353e81268'),
 ('55', '1', 'm160509_000000_seomatic_addSiteLinksBing', '2017-09-05 12:55:49', '2017-09-05 12:55:49', '2017-09-05 12:55:49', '840354ad-5cd3-474e-a406-6d8581c96715'),
 ('56', '1', 'm160707_000000_seomatic_addGoogleTagManager', '2017-09-05 12:55:49', '2017-09-05 12:55:49', '2017-09-05 12:55:49', 'f1899b6e-0f52-4d91-b5d4-1122d383067e'),
 ('57', '1', 'm160715_000000_seomatic_addSeoImageTransforms', '2017-09-05 12:55:49', '2017-09-05 12:55:49', '2017-09-05 12:55:49', '9e778b75-c116-491b-a1d3-9a2a9e449b82'),
 ('58', '1', 'm160723_000000_seomatic_addSeoMainEntityOfPage', '2017-09-05 12:55:49', '2017-09-05 12:55:49', '2017-09-05 12:55:49', 'e7c101a7-9ecc-4ee6-8049-0c5eb9cfa15c'),
 ('59', '1', 'm160724_000000_seomatic_addSeoMainEntityCategory', '2017-09-05 12:55:49', '2017-09-05 12:55:49', '2017-09-05 12:55:49', '2278b5af-4046-4884-b6cd-0671a4e4bf9f'),
 ('60', '1', 'm160811_000000_seomatic_addVimeo', '2017-09-05 12:55:49', '2017-09-05 12:55:49', '2017-09-05 12:55:49', 'f0ba5e27-c000-4d1d-a56f-c3c2d35634e0'),
 ('61', '1', 'm160904_000000_seomatic_addTwitterFacebookImages', '2017-09-05 12:55:49', '2017-09-05 12:55:49', '2017-09-05 12:55:49', '91585530-d187-40bf-bb4b-35b5ef6a8aa2'),
 ('62', '1', 'm161220_000000_seomatic_addPriceRange', '2017-09-05 12:55:49', '2017-09-05 12:55:49', '2017-09-05 12:55:49', 'e6322472-d696-4c7b-99e3-9f43d6e5d482'),
 ('63', '1', 'm170212_000000_seomatic_addGoogleAnalyticsAnonymizeIp', '2017-09-05 12:55:49', '2017-09-05 12:55:49', '2017-09-05 12:55:49', '096792af-3df6-47f8-84d5-a765ebef45b4'),
 ('64', '1', 'm170212_000000_seomatic_addWikipedia', '2017-09-05 12:55:49', '2017-09-05 12:55:49', '2017-09-05 12:55:49', 'c5b20f00-c18f-4d70-9da7-ce32344d3d71'),
 ('65', '2', 'm160428_202308_Neo_UpdateBlockLevels', '2017-09-06 23:19:36', '2017-09-06 23:19:36', '2017-09-06 23:19:36', '9fa3a1f4-0655-458f-b246-ca22fa1cb90f'),
 ('66', '2', 'm160515_005002_Neo_UpdateBlockStructure', '2017-09-06 23:19:36', '2017-09-06 23:19:36', '2017-09-06 23:19:36', '4857f8d2-0354-4d1f-9a30-91d020ddec9a'),
 ('67', '2', 'm160605_191540_Neo_UpdateBlockStructureLocales', '2017-09-06 23:19:36', '2017-09-06 23:19:36', '2017-09-06 23:19:36', '100e5acd-b076-42bc-8bbd-f5d9bcab790b'),
 ('68', '2', 'm161029_230849_Neo_AddMaxChildBlocksSetting', '2017-09-06 23:19:36', '2017-09-06 23:19:36', '2017-09-06 23:19:36', 'e36b7890-623c-49e4-8ebb-2c8e247ed0fb');



DROP TABLE IF EXISTS `craft_neoblocks`;


--
-- Schema for table `craft_neoblocks`
--
CREATE TABLE `craft_neoblocks` (
  `id` int(11) NOT NULL,
  `ownerId` int(11) NOT NULL,
  `fieldId` int(11) NOT NULL,
  `typeId` int(11) DEFAULT NULL,
  `collapsed` tinyint(1) unsigned NOT NULL DEFAULT '0',
  `ownerLocale` char(12) COLLATE utf8_unicode_ci DEFAULT NULL,
  `dateCreated` datetime NOT NULL,
  `dateUpdated` datetime NOT NULL,
  `uid` char(36) COLLATE utf8_unicode_ci NOT NULL DEFAULT '0',
  PRIMARY KEY (`id`),
  KEY `craft_neoblocks_ownerId_idx` (`ownerId`),
  KEY `craft_neoblocks_fieldId_idx` (`fieldId`),
  KEY `craft_neoblocks_typeId_idx` (`typeId`),
  KEY `craft_neoblocks_collapsed_idx` (`collapsed`),
  KEY `craft_neoblocks_ownerLocale_fk` (`ownerLocale`)
) ENGINE=InnoDB DEFAULT CHARSET=utf8 COLLATE=utf8_unicode_ci;

--
-- Data for table `craft_neoblocks`
--

INSERT INTO `craft_neoblocks` (`id`, `ownerId`, `fieldId`, `typeId`, `collapsed`, `ownerLocale`, `dateCreated`, `dateUpdated`, `uid`) VALUES
 ('17', '16', '11', '1', '0', NULL, '2017-09-07 05:25:01', '2017-09-07 05:25:01', '409a0768-a6b9-4a65-90e8-c1e4831cd812'),
 ('18', '16', '11', '5', '0', NULL, '2017-09-07 05:25:01', '2017-09-07 05:25:01', '2ad8255a-ceda-4b8a-b1a3-83cdc537d0d9'),
 ('19', '16', '11', '2', '0', NULL, '2017-09-07 05:25:02', '2017-09-07 05:25:02', 'e5ec41c3-a73c-47f4-a54d-34af862be45a'),
 ('20', '16', '11', '4', '0', NULL, '2017-09-07 05:25:02', '2017-09-07 05:25:02', '39951ad8-ddcc-45ca-a45e-fa2222041ef3'),
 ('21', '16', '11', '3', '0', NULL, '2017-09-07 05:25:02', '2017-09-07 05:25:02', '09ac7235-66d9-4eaf-b0fd-ecd8d8251bc1');



DROP TABLE IF EXISTS `craft_neoblockstructures`;


--
-- Schema for table `craft_neoblockstructures`
--
CREATE TABLE `craft_neoblockstructures` (
  `id` int(11) NOT NULL AUTO_INCREMENT,
  `structureId` int(11) NOT NULL,
  `ownerId` int(11) NOT NULL,
  `fieldId` int(11) NOT NULL,
  `ownerLocale` char(12) COLLATE utf8_unicode_ci DEFAULT NULL,
  `dateCreated` datetime NOT NULL,
  `dateUpdated` datetime NOT NULL,
  `uid` char(36) COLLATE utf8_unicode_ci NOT NULL DEFAULT '0',
  PRIMARY KEY (`id`),
  KEY `craft_neoblockstructures_structureId_idx` (`structureId`),
  KEY `craft_neoblockstructures_ownerId_idx` (`ownerId`),
  KEY `craft_neoblockstructures_fieldId_idx` (`fieldId`),
  KEY `craft_neoblockstructures_ownerLocale_fk` (`ownerLocale`)
) ENGINE=InnoDB AUTO_INCREMENT=4 DEFAULT CHARSET=utf8 COLLATE=utf8_unicode_ci;

--
-- Data for table `craft_neoblockstructures`
--

INSERT INTO `craft_neoblockstructures` (`id`, `structureId`, `ownerId`, `fieldId`, `ownerLocale`, `dateCreated`, `dateUpdated`, `uid`) VALUES
 ('3', '3', '16', '11', NULL, '2017-09-07 05:25:01', '2017-09-07 05:25:01', 'ea241809-7c8e-428c-989a-ee0cdc159dac');



DROP TABLE IF EXISTS `craft_neoblocktypes`;


--
-- Schema for table `craft_neoblocktypes`
--
CREATE TABLE `craft_neoblocktypes` (
  `id` int(11) NOT NULL AUTO_INCREMENT,
  `fieldId` int(11) NOT NULL,
  `fieldLayoutId` int(11) DEFAULT NULL,
  `name` varchar(255) COLLATE utf8_unicode_ci NOT NULL,
  `handle` varchar(255) COLLATE utf8_unicode_ci NOT NULL,
  `maxBlocks` int(10) DEFAULT '0',
  `maxChildBlocks` int(10) DEFAULT '0',
  `childBlocks` text COLLATE utf8_unicode_ci,
  `topLevel` tinyint(1) unsigned NOT NULL DEFAULT '1',
  `sortOrder` smallint(6) unsigned DEFAULT NULL,
  `dateCreated` datetime NOT NULL,
  `dateUpdated` datetime NOT NULL,
  `uid` char(36) COLLATE utf8_unicode_ci NOT NULL DEFAULT '0',
  PRIMARY KEY (`id`),
  UNIQUE KEY `craft_neoblocktypes_name_fieldId_unq_idx` (`name`,`fieldId`),
  UNIQUE KEY `craft_neoblocktypes_handle_fieldId_unq_idx` (`handle`,`fieldId`),
  KEY `craft_neoblocktypes_fieldId_fk` (`fieldId`),
  KEY `craft_neoblocktypes_fieldLayoutId_fk` (`fieldLayoutId`)
) ENGINE=InnoDB AUTO_INCREMENT=6 DEFAULT CHARSET=utf8 COLLATE=utf8_unicode_ci;

--
-- Data for table `craft_neoblocktypes`
--

INSERT INTO `craft_neoblocktypes` (`id`, `fieldId`, `fieldLayoutId`, `name`, `handle`, `maxBlocks`, `maxChildBlocks`, `childBlocks`, `topLevel`, `sortOrder`, `dateCreated`, `dateUpdated`, `uid`) VALUES
 ('1', '11', '21', 'Client Name', 'clientName', '1', NULL, '', '1', '1', '2017-09-06 23:30:59', '2017-09-07 05:24:03', 'e9e89006-a838-4b21-9c0e-07bc13138966'),
 ('2', '11', '23', 'Images', 'images', '1', NULL, '[\"screenshots\",\"logos\"]', '1', '3', '2017-09-06 23:30:59', '2017-09-07 05:24:03', 'bad73554-d77f-4ad1-a3e8-51b186faffd2'),
 ('3', '11', '25', 'Logos', 'logos', NULL, NULL, '', '0', '5', '2017-09-06 23:30:59', '2017-09-07 05:24:03', '5caae4c2-a964-412e-a82e-6cad918249f8'),
 ('4', '11', '24', 'Screenshots', 'screenshots', NULL, NULL, '', '0', '4', '2017-09-06 23:30:59', '2017-09-07 05:24:03', '4e89de93-d0d4-48b9-9d55-f4c8c058b3cc'),
 ('5', '11', '22', 'Teaser', 'teaser', '1', NULL, '', '1', '2', '2017-09-06 23:30:59', '2017-09-07 05:24:03', '6b5b0ea1-6fdb-43f7-bca4-a1ba5e10d268');



DROP TABLE IF EXISTS `craft_neogroups`;


--
-- Schema for table `craft_neogroups`
--
CREATE TABLE `craft_neogroups` (
  `id` int(11) NOT NULL AUTO_INCREMENT,
  `fieldId` int(11) NOT NULL,
  `name` varchar(255) COLLATE utf8_unicode_ci DEFAULT NULL,
  `sortOrder` smallint(6) unsigned DEFAULT NULL,
  `dateCreated` datetime NOT NULL,
  `dateUpdated` datetime NOT NULL,
  `uid` char(36) COLLATE utf8_unicode_ci NOT NULL DEFAULT '0',
  PRIMARY KEY (`id`),
  KEY `craft_neogroups_fieldId_fk` (`fieldId`)
) ENGINE=InnoDB DEFAULT CHARSET=utf8 COLLATE=utf8_unicode_ci;

DROP TABLE IF EXISTS `craft_plugins`;


--
-- Schema for table `craft_plugins`
--
CREATE TABLE `craft_plugins` (
  `id` int(11) NOT NULL AUTO_INCREMENT,
  `class` varchar(150) COLLATE utf8_unicode_ci NOT NULL,
  `version` varchar(15) COLLATE utf8_unicode_ci NOT NULL,
  `schemaVersion` varchar(15) COLLATE utf8_unicode_ci DEFAULT NULL,
  `licenseKey` char(24) COLLATE utf8_unicode_ci DEFAULT NULL,
  `licenseKeyStatus` enum('valid','invalid','mismatched','unknown') COLLATE utf8_unicode_ci NOT NULL DEFAULT 'unknown',
  `enabled` tinyint(1) unsigned NOT NULL DEFAULT '0',
  `settings` text COLLATE utf8_unicode_ci,
  `installDate` datetime NOT NULL,
  `dateCreated` datetime NOT NULL,
  `dateUpdated` datetime NOT NULL,
  `uid` char(36) COLLATE utf8_unicode_ci NOT NULL DEFAULT '0',
  PRIMARY KEY (`id`)
) ENGINE=InnoDB AUTO_INCREMENT=3 DEFAULT CHARSET=utf8 COLLATE=utf8_unicode_ci;

--
-- Data for table `craft_plugins`
--

INSERT INTO `craft_plugins` (`id`, `class`, `version`, `schemaVersion`, `licenseKey`, `licenseKeyStatus`, `enabled`, `settings`, `installDate`, `dateCreated`, `dateUpdated`, `uid`) VALUES
 ('1', 'Seomatic', '1.1.47', '1.1.25', NULL, 'unknown', '1', NULL, '2017-09-05 12:55:49', '2017-09-05 12:55:49', '2017-09-06 23:13:42', 'd148fbf5-cf65-4828-8e3d-bc775a75a15a'),
 ('2', 'Neo', '1.4.1', '1.4.1', NULL, 'unknown', '1', NULL, '2017-09-06 23:19:36', '2017-09-06 23:19:36', '2017-09-06 23:19:36', '8235a33e-90e1-4ddf-9cfe-4e52b957a969');



DROP TABLE IF EXISTS `craft_rackspaceaccess`;


--
-- Schema for table `craft_rackspaceaccess`
--
CREATE TABLE `craft_rackspaceaccess` (
  `id` int(11) NOT NULL AUTO_INCREMENT,
  `connectionKey` varchar(255) COLLATE utf8_unicode_ci NOT NULL,
  `token` varchar(255) COLLATE utf8_unicode_ci NOT NULL,
  `storageUrl` varchar(255) COLLATE utf8_unicode_ci NOT NULL,
  `cdnUrl` varchar(255) COLLATE utf8_unicode_ci NOT NULL,
  `dateCreated` datetime NOT NULL,
  `dateUpdated` datetime NOT NULL,
  `uid` char(36) COLLATE utf8_unicode_ci NOT NULL DEFAULT '0',
  PRIMARY KEY (`id`),
  UNIQUE KEY `craft_rackspaceaccess_connectionKey_unq_idx` (`connectionKey`)
) ENGINE=InnoDB DEFAULT CHARSET=utf8 COLLATE=utf8_unicode_ci;

DROP TABLE IF EXISTS `craft_relations`;


--
-- Schema for table `craft_relations`
--
CREATE TABLE `craft_relations` (
  `id` int(11) NOT NULL AUTO_INCREMENT,
  `fieldId` int(11) NOT NULL,
  `sourceId` int(11) NOT NULL,
  `sourceLocale` char(12) COLLATE utf8_unicode_ci DEFAULT NULL,
  `targetId` int(11) NOT NULL,
  `sortOrder` smallint(6) DEFAULT NULL,
  `dateCreated` datetime NOT NULL,
  `dateUpdated` datetime NOT NULL,
  `uid` char(36) COLLATE utf8_unicode_ci NOT NULL DEFAULT '0',
  PRIMARY KEY (`id`),
  UNIQUE KEY `craft_relations_fieldId_sourceId_sourceLocale_targetId_unq_idx` (`fieldId`,`sourceId`,`sourceLocale`,`targetId`),
  KEY `craft_relations_sourceId_fk` (`sourceId`),
  KEY `craft_relations_sourceLocale_fk` (`sourceLocale`),
  KEY `craft_relations_targetId_fk` (`targetId`)
) ENGINE=InnoDB AUTO_INCREMENT=9 DEFAULT CHARSET=utf8 COLLATE=utf8_unicode_ci;

--
-- Data for table `craft_relations`
--

INSERT INTO `craft_relations` (`id`, `fieldId`, `sourceId`, `sourceLocale`, `targetId`, `sortOrder`, `dateCreated`, `dateUpdated`, `uid`) VALUES
 ('1', '6', '6', NULL, '8', '1', '2017-09-07 05:15:23', '2017-09-07 05:15:23', '81e6cc63-dbc4-45ed-9d19-8e1d67789351'),
 ('2', '9', '15', NULL, '12', '1', '2017-09-07 05:15:23', '2017-09-07 05:15:23', '2ef5c84d-ab0e-4541-9b57-989e52e33912'),
 ('3', '9', '15', NULL, '13', '2', '2017-09-07 05:15:23', '2017-09-07 05:15:23', '9b4497d6-c5f0-429b-8ab1-b3021db29b02'),
 ('4', '9', '15', NULL, '14', '3', '2017-09-07 05:15:23', '2017-09-07 05:15:23', '9c956f99-573b-459b-ace1-292745a3a8bf'),
 ('5', '6', '19', NULL, '8', '1', '2017-09-07 05:25:02', '2017-09-07 05:25:02', '26bb6c48-6caa-4ada-add8-7c85f227a0eb'),
 ('6', '9', '20', NULL, '12', '1', '2017-09-07 05:25:02', '2017-09-07 05:25:02', 'd0b13e56-1143-40e0-8f4f-001858ee3bcb'),
 ('7', '9', '20', NULL, '13', '2', '2017-09-07 05:25:02', '2017-09-07 05:25:02', '56d95e11-5a18-46ff-b6f1-a3d2fc03ad63'),
 ('8', '9', '20', NULL, '14', '3', '2017-09-07 05:25:02', '2017-09-07 05:25:02', 'c12058ed-1168-4d4c-84aa-1222832e3c50');



DROP TABLE IF EXISTS `craft_routes`;


--
-- Schema for table `craft_routes`
--
CREATE TABLE `craft_routes` (
  `id` int(11) NOT NULL AUTO_INCREMENT,
  `locale` char(12) COLLATE utf8_unicode_ci DEFAULT NULL,
  `urlParts` varchar(255) COLLATE utf8_unicode_ci NOT NULL,
  `urlPattern` varchar(255) COLLATE utf8_unicode_ci NOT NULL,
  `template` varchar(255) COLLATE utf8_unicode_ci NOT NULL,
  `sortOrder` smallint(6) unsigned DEFAULT NULL,
  `dateCreated` datetime NOT NULL,
  `dateUpdated` datetime NOT NULL,
  `uid` char(36) COLLATE utf8_unicode_ci NOT NULL DEFAULT '0',
  PRIMARY KEY (`id`),
  KEY `craft_routes_locale_idx` (`locale`),
  KEY `craft_routes_urlPattern_idx` (`urlPattern`)
) ENGINE=InnoDB DEFAULT CHARSET=utf8 COLLATE=utf8_unicode_ci;

DROP TABLE IF EXISTS `craft_searchindex`;


--
-- Schema for table `craft_searchindex`
--
CREATE TABLE `craft_searchindex` (
  `elementId` int(11) NOT NULL,
  `attribute` varchar(25) COLLATE utf8_unicode_ci NOT NULL,
  `fieldId` int(11) NOT NULL,
  `locale` char(12) COLLATE utf8_unicode_ci NOT NULL,
  `keywords` text COLLATE utf8_unicode_ci NOT NULL,
  PRIMARY KEY (`elementId`,`attribute`,`fieldId`,`locale`),
  FULLTEXT KEY `craft_searchindex_keywords_idx` (`keywords`)
) ENGINE=MyISAM DEFAULT CHARSET=utf8 COLLATE=utf8_unicode_ci;

--
-- Data for table `craft_searchindex`
--

INSERT INTO `craft_searchindex` (`elementId`, `attribute`, `fieldId`, `locale`, `keywords`) VALUES
 ('1', 'username', '0', 'en_us', ' admin '),
 ('1', 'firstname', '0', 'en_us', ''),
 ('1', 'lastname', '0', 'en_us', ''),
 ('1', 'fullname', '0', 'en_us', ''),
 ('1', 'email', '0', 'en_us', ' james hallandall com '),
 ('1', 'slug', '0', 'en_us', ''),
 ('2', 'slug', '0', 'en_us', ' homepage '),
 ('2', 'title', '0', 'en_us', ' welcome to craft f9ma frb io '),
 ('2', 'field', '1', 'en_us', ''),
 ('16', 'field', '1', 'en_us', ' when i started freelancing my good friend michael van tonder of hunt saw was on a similar path and had a lead on an interesting challenge michael was in discussions with bryan miles from miles ag a company that had four subsidiaries that specialized in virtual staffing if you need an assistant webmaster bookkeeper or copywriter and aren t necessarily worried about where in the world they are the miles ag group can staff any of these roles for you the need to consolidate the miles ag group had reached a point where they had 5 different websites each with it s own branding and theme all related to virtual workers but they all lacked a singular tie back to the parent company each of these websites had its own wordpress instance with their own blog posts pages and ctas to join the company as one could imagine this ended up becoming quite a large undertaking with duplicate content and code across multiple wordpress installs five companies become one the leadership team met with hunt saw and went through the process of finding a single name that would be synonymous with their company s values and offerings after a few rounds of discussion and rewrites the team decided on belay and michael went to work on creating the new brand the build once the designs and ux ia were finalized i got started working on the website time was of the essence with the site launch date and we had a lot of ground to cover michael was very supportive with answering any questions i had with the designs and how they would flow on the grid if we still had trouble translating the design he wouldn t hesitate to give me a motion study the motion study above and the implementation below iterative qa in order to get my projects out in time i prefer to work with designers who are comfortable with iterating over the same page a few times in a quick fashion typically a response from the designer would look like this not everyone is well equipped to deal with feedback like this some developers could take this and it would be a huge point of stress and concern but for me it helps keep a constant line of communication with my designer at all times this wasn t the only way we passed our findings back and forth aside from these visuals we also had a google spreadsheet full of screenshots and notes from the belay team which really helped keep all of us on the same page for where we were during the project the launch coming up towards the launch date we were lucky to have a handful of key stakeholders helping us qa the site we made sure to have stand ups every other day to communicate any issues we may see and increased that cadence to twice a day on the last week prior to launch the beauty of this team is that they understood the importance of being flexible when it came down to making decisions on critical items that were needed for launch i m happy to say we were able to launch on the exact date we had aimed for with a smooth deployment check out belay solutions new website here '),
 ('3', 'field', '1', 'en_us', ' craft is the cms that s powering craft f9ma frb io it s beautiful powerful flexible and easy to use and it s made by pixel tonic we can t wait to dive in and see what it s capable of this is even more captivating content which you couldn t see on the news index page because it was entered after a page break and the news index template only likes to show the content on the first page craft a nice alternative to word if you re making a website '),
 ('3', 'field', '2', 'en_us', ''),
 ('3', 'slug', '0', 'en_us', ' we just installed craft '),
 ('3', 'title', '0', 'en_us', ' we just installed craft '),
 ('5', 'field', '5', 'en_us', ' transforming five seperate successful companies into one cohesive brand digitally with my friends at hunt saw '),
 ('5', 'slug', '0', 'en_us', ''),
 ('6', 'field', '6', 'en_us', ' belay bg '),
 ('6', 'slug', '0', 'en_us', ''),
 ('14', 'title', '0', 'en_us', ' belay7 '),
 ('13', 'extension', '0', 'en_us', ' jpeg '),
 ('13', 'kind', '0', 'en_us', ' image '),
 ('13', 'slug', '0', 'en_us', ' belay6 '),
 ('13', 'title', '0', 'en_us', ' belay6 '),
 ('8', 'filename', '0', 'en_us', ' belay bg jpg '),
 ('13', 'filename', '0', 'en_us', ' belay6 jpeg '),
 ('8', 'extension', '0', 'en_us', ' jpg '),
 ('8', 'kind', '0', 'en_us', ' image '),
 ('8', 'slug', '0', 'en_us', ' belay bg '),
 ('8', 'title', '0', 'en_us', ' belay bg '),
 ('14', 'kind', '0', 'en_us', ' image '),
 ('14', 'slug', '0', 'en_us', ' belay7 '),
 ('14', 'extension', '0', 'en_us', ' jpeg '),
 ('14', 'filename', '0', 'en_us', ' belay7 jpeg '),
 ('16', 'slug', '0', 'en_us', ' belay solutions '),
 ('16', 'title', '0', 'en_us', ' belay solutions '),
 ('12', 'filename', '0', 'en_us', ' belay4 jpeg '),
 ('12', 'extension', '0', 'en_us', ' jpeg '),
 ('12', 'kind', '0', 'en_us', ' image '),
 ('12', 'slug', '0', 'en_us', ' belay4 '),
 ('12', 'title', '0', 'en_us', ' belay4 '),
 ('16', 'field', '11', 'en_us', ''),
 ('16', 'field', '10', 'en_us', ' 1 en_us 1 0 template creativework webpage belay solutions field title custom title custom title custom custom custom '),
 ('15', 'field', '9', 'en_us', ' belay4 belay6 belay7 '),
 ('15', 'slug', '0', 'en_us', ''),
 ('17', 'field', '4', 'en_us', ''),
 ('17', 'slug', '0', 'en_us', ''),
 ('18', 'field', '5', 'en_us', ' transforming five seperate successful companies into one cohesive brand digitally with my friends at hunt saw '),
 ('18', 'slug', '0', 'en_us', ''),
 ('19', 'field', '6', 'en_us', ' belay bg '),
 ('19', 'slug', '0', 'en_us', ''),
 ('20', 'field', '9', 'en_us', ' belay4 belay6 belay7 '),
 ('20', 'slug', '0', 'en_us', ''),
 ('21', 'field', '7', 'en_us', ''),
 ('21', 'field', '8', 'en_us', ''),
 ('21', 'slug', '0', 'en_us', '');



DROP TABLE IF EXISTS `craft_sections`;


--
-- Schema for table `craft_sections`
--
CREATE TABLE `craft_sections` (
  `id` int(11) NOT NULL AUTO_INCREMENT,
  `structureId` int(11) DEFAULT NULL,
  `name` varchar(255) COLLATE utf8_unicode_ci NOT NULL,
  `handle` varchar(255) COLLATE utf8_unicode_ci NOT NULL,
  `type` enum('single','channel','structure') COLLATE utf8_unicode_ci NOT NULL DEFAULT 'channel',
  `hasUrls` tinyint(1) unsigned NOT NULL DEFAULT '1',
  `template` varchar(500) COLLATE utf8_unicode_ci DEFAULT NULL,
  `enableVersioning` tinyint(1) unsigned NOT NULL DEFAULT '0',
  `dateCreated` datetime NOT NULL,
  `dateUpdated` datetime NOT NULL,
  `uid` char(36) COLLATE utf8_unicode_ci NOT NULL DEFAULT '0',
  PRIMARY KEY (`id`),
  UNIQUE KEY `craft_sections_name_unq_idx` (`name`),
  UNIQUE KEY `craft_sections_handle_unq_idx` (`handle`),
  KEY `craft_sections_structureId_fk` (`structureId`)
) ENGINE=InnoDB AUTO_INCREMENT=4 DEFAULT CHARSET=utf8 COLLATE=utf8_unicode_ci;

--
-- Data for table `craft_sections`
--

INSERT INTO `craft_sections` (`id`, `structureId`, `name`, `handle`, `type`, `hasUrls`, `template`, `enableVersioning`, `dateCreated`, `dateUpdated`, `uid`) VALUES
 ('1', NULL, 'Homepage', 'homepage', 'single', '1', 'index', '1', '2017-09-05 12:55:34', '2017-09-05 12:55:34', '7d2457f0-f09d-4569-9d29-24f23b28ec40'),
 ('2', NULL, 'News', 'news', 'channel', '1', 'news/_entry', '1', '2017-09-05 12:55:34', '2017-09-05 12:55:34', '4d3b9d29-f5bb-432b-9228-82a64e5510ce'),
 ('3', NULL, 'Case Studies', 'caseStudies', 'channel', '1', 'case-studies/_entry', '1', '2017-09-06 23:14:46', '2017-09-06 23:51:06', '0caaf6e3-3e09-4f02-91a9-1d5f31abf6ce');



DROP TABLE IF EXISTS `craft_sections_i18n`;


--
-- Schema for table `craft_sections_i18n`
--
CREATE TABLE `craft_sections_i18n` (
  `id` int(11) NOT NULL AUTO_INCREMENT,
  `sectionId` int(11) NOT NULL,
  `locale` char(12) COLLATE utf8_unicode_ci NOT NULL,
  `enabledByDefault` tinyint(1) unsigned NOT NULL DEFAULT '1',
  `urlFormat` text COLLATE utf8_unicode_ci,
  `nestedUrlFormat` text COLLATE utf8_unicode_ci,
  `dateCreated` datetime NOT NULL,
  `dateUpdated` datetime NOT NULL,
  `uid` char(36) COLLATE utf8_unicode_ci NOT NULL DEFAULT '0',
  PRIMARY KEY (`id`),
  UNIQUE KEY `craft_sections_i18n_sectionId_locale_unq_idx` (`sectionId`,`locale`),
  KEY `craft_sections_i18n_locale_fk` (`locale`)
) ENGINE=InnoDB AUTO_INCREMENT=4 DEFAULT CHARSET=utf8 COLLATE=utf8_unicode_ci;

--
-- Data for table `craft_sections_i18n`
--

INSERT INTO `craft_sections_i18n` (`id`, `sectionId`, `locale`, `enabledByDefault`, `urlFormat`, `nestedUrlFormat`, `dateCreated`, `dateUpdated`, `uid`) VALUES
 ('1', '1', 'en_us', '1', '__home__', NULL, '2017-09-05 12:55:34', '2017-09-05 12:55:34', '8e2cd465-2e16-4fc1-bb1f-fbf70853ef98'),
 ('2', '2', 'en_us', '1', 'news/{postDate.year}/{slug}', NULL, '2017-09-05 12:55:34', '2017-09-05 12:55:34', 'dcd219fd-2588-4e88-9741-4a5d3aad65c0'),
 ('3', '3', 'en_us', '1', 'case-studies/{slug}', NULL, '2017-09-06 23:14:46', '2017-09-06 23:14:46', '2ed30579-6a34-4669-900e-7416b22eb2e9');



DROP TABLE IF EXISTS `craft_seomatic_meta`;


--
-- Schema for table `craft_seomatic_meta`
--
CREATE TABLE `craft_seomatic_meta` (
  `id` int(11) NOT NULL,
  `seoImageId` int(11) DEFAULT NULL,
  `seoTwitterImageId` int(11) DEFAULT NULL,
  `seoFacebookImageId` int(11) DEFAULT NULL,
  `locale` varchar(255) COLLATE utf8_unicode_ci DEFAULT 'en_us',
  `elementId` int(10) DEFAULT '0',
  `metaType` enum('default','template') COLLATE utf8_unicode_ci DEFAULT 'template',
  `metaPath` varchar(255) COLLATE utf8_unicode_ci DEFAULT '',
  `seoMainEntityCategory` varchar(255) COLLATE utf8_unicode_ci DEFAULT '',
  `seoMainEntityOfPage` varchar(255) COLLATE utf8_unicode_ci DEFAULT '',
  `seoTitle` varchar(255) COLLATE utf8_unicode_ci DEFAULT '',
  `seoDescription` varchar(255) COLLATE utf8_unicode_ci DEFAULT '',
  `seoKeywords` varchar(255) COLLATE utf8_unicode_ci DEFAULT '',
  `seoImageTransform` varchar(255) COLLATE utf8_unicode_ci DEFAULT '',
  `seoFacebookImageTransform` varchar(255) COLLATE utf8_unicode_ci DEFAULT '',
  `seoTwitterImageTransform` varchar(255) COLLATE utf8_unicode_ci DEFAULT '',
  `twitterCardType` varchar(255) COLLATE utf8_unicode_ci DEFAULT 'summary',
  `openGraphType` varchar(255) COLLATE utf8_unicode_ci DEFAULT 'website',
  `robots` varchar(255) COLLATE utf8_unicode_ci DEFAULT '',
  `dateCreated` datetime NOT NULL,
  `dateUpdated` datetime NOT NULL,
  `uid` char(36) COLLATE utf8_unicode_ci NOT NULL DEFAULT '0',
  PRIMARY KEY (`id`),
  KEY `craft_seomatic_meta_seoImageId_fk` (`seoImageId`),
  KEY `craft_seomatic_meta_seoTwitterImageId_fk` (`seoTwitterImageId`),
  KEY `craft_seomatic_meta_seoFacebookImageId_fk` (`seoFacebookImageId`)
) ENGINE=InnoDB DEFAULT CHARSET=utf8 COLLATE=utf8_unicode_ci;

DROP TABLE IF EXISTS `craft_seomatic_settings`;


--
-- Schema for table `craft_seomatic_settings`
--
CREATE TABLE `craft_seomatic_settings` (
  `id` int(11) NOT NULL AUTO_INCREMENT,
  `siteSeoImageId` int(11) DEFAULT NULL,
  `siteSeoTwitterImageId` int(11) DEFAULT NULL,
  `siteSeoFacebookImageId` int(11) DEFAULT NULL,
  `genericOwnerImageId` int(11) DEFAULT NULL,
  `genericCreatorImageId` int(11) DEFAULT NULL,
  `locale` varchar(255) COLLATE utf8_unicode_ci DEFAULT '',
  `siteSeoName` varchar(255) COLLATE utf8_unicode_ci DEFAULT '',
  `siteSeoTitle` varchar(255) COLLATE utf8_unicode_ci DEFAULT '',
  `siteSeoTitleSeparator` varchar(10) COLLATE utf8_unicode_ci DEFAULT '|',
  `siteSeoTitlePlacement` enum('before','after','none') COLLATE utf8_unicode_ci DEFAULT 'after',
  `siteSeoDescription` varchar(255) COLLATE utf8_unicode_ci DEFAULT '',
  `siteSeoKeywords` varchar(255) COLLATE utf8_unicode_ci DEFAULT '',
  `siteSeoImageTransform` varchar(100) COLLATE utf8_unicode_ci DEFAULT '',
  `siteSeoFacebookImageTransform` varchar(100) COLLATE utf8_unicode_ci DEFAULT '',
  `siteSeoTwitterImageTransform` varchar(100) COLLATE utf8_unicode_ci DEFAULT '',
  `siteTwitterCardType` varchar(50) COLLATE utf8_unicode_ci DEFAULT '',
  `siteOpenGraphType` varchar(50) COLLATE utf8_unicode_ci DEFAULT '',
  `siteRobots` varchar(50) COLLATE utf8_unicode_ci DEFAULT '',
  `siteRobotsTxt` text COLLATE utf8_unicode_ci,
  `siteLinksSearchTargets` text COLLATE utf8_unicode_ci,
  `siteLinksQueryInput` varchar(50) COLLATE utf8_unicode_ci DEFAULT '',
  `googleSiteVerification` varchar(100) COLLATE utf8_unicode_ci DEFAULT '',
  `bingSiteVerification` varchar(100) COLLATE utf8_unicode_ci DEFAULT '',
  `googleAnalyticsUID` varchar(50) COLLATE utf8_unicode_ci DEFAULT '',
  `googleTagManagerID` varchar(50) COLLATE utf8_unicode_ci DEFAULT '',
  `googleAnalyticsSendPageview` tinyint(1) unsigned NOT NULL DEFAULT '1',
  `googleAnalyticsAdvertising` tinyint(1) unsigned NOT NULL DEFAULT '0',
  `googleAnalyticsEcommerce` tinyint(1) unsigned NOT NULL DEFAULT '0',
  `googleAnalyticsEEcommerce` tinyint(1) unsigned NOT NULL DEFAULT '0',
  `googleAnalyticsLinkAttribution` tinyint(1) unsigned NOT NULL DEFAULT '0',
  `googleAnalyticsLinker` tinyint(1) unsigned NOT NULL DEFAULT '0',
  `googleAnalyticsAnonymizeIp` tinyint(1) unsigned NOT NULL DEFAULT '0',
  `siteOwnerType` varchar(50) COLLATE utf8_unicode_ci DEFAULT '',
  `siteOwnerSubType` varchar(50) COLLATE utf8_unicode_ci DEFAULT '',
  `siteOwnerSpecificType` varchar(50) COLLATE utf8_unicode_ci DEFAULT '',
  `genericOwnerName` varchar(255) COLLATE utf8_unicode_ci DEFAULT '',
  `genericOwnerAlternateName` varchar(255) COLLATE utf8_unicode_ci DEFAULT '',
  `genericOwnerDescription` varchar(1024) COLLATE utf8_unicode_ci DEFAULT '',
  `genericOwnerUrl` varchar(255) COLLATE utf8_unicode_ci DEFAULT '',
  `genericOwnerTelephone` varchar(255) COLLATE utf8_unicode_ci DEFAULT '',
  `genericOwnerEmail` varchar(255) COLLATE utf8_unicode_ci DEFAULT '',
  `genericOwnerStreetAddress` varchar(255) COLLATE utf8_unicode_ci DEFAULT '',
  `genericOwnerAddressLocality` varchar(255) COLLATE utf8_unicode_ci DEFAULT '',
  `genericOwnerAddressRegion` varchar(255) COLLATE utf8_unicode_ci DEFAULT '',
  `genericOwnerPostalCode` varchar(255) COLLATE utf8_unicode_ci DEFAULT '',
  `genericOwnerAddressCountry` varchar(255) COLLATE utf8_unicode_ci DEFAULT '',
  `genericOwnerGeoLatitude` varchar(255) COLLATE utf8_unicode_ci DEFAULT '',
  `genericOwnerGeoLongitude` varchar(255) COLLATE utf8_unicode_ci DEFAULT '',
  `organizationOwnerDuns` varchar(255) COLLATE utf8_unicode_ci DEFAULT '',
  `organizationOwnerFounder` varchar(255) COLLATE utf8_unicode_ci DEFAULT '',
  `organizationOwnerFoundingDate` varchar(255) COLLATE utf8_unicode_ci DEFAULT '',
  `organizationOwnerFoundingLocation` varchar(255) COLLATE utf8_unicode_ci DEFAULT '',
  `organizationOwnerContactPoints` text COLLATE utf8_unicode_ci,
  `localBusinessPriceRange` varchar(10) COLLATE utf8_unicode_ci DEFAULT '$$$',
  `localBusinessOwnerOpeningHours` text COLLATE utf8_unicode_ci,
  `corporationOwnerTickerSymbol` varchar(255) COLLATE utf8_unicode_ci DEFAULT '',
  `restaurantOwnerServesCuisine` varchar(255) COLLATE utf8_unicode_ci DEFAULT '',
  `restaurantOwnerMenuUrl` varchar(255) COLLATE utf8_unicode_ci DEFAULT '',
  `restaurantOwnerReservationsUrl` varchar(255) COLLATE utf8_unicode_ci DEFAULT '',
  `personOwnerGender` varchar(255) COLLATE utf8_unicode_ci DEFAULT '',
  `personOwnerBirthPlace` varchar(255) COLLATE utf8_unicode_ci DEFAULT '',
  `twitterHandle` varchar(50) COLLATE utf8_unicode_ci DEFAULT '',
  `facebookHandle` varchar(50) COLLATE utf8_unicode_ci DEFAULT '',
  `facebookProfileId` varchar(50) COLLATE utf8_unicode_ci DEFAULT '',
  `facebookAppId` varchar(50) COLLATE utf8_unicode_ci DEFAULT '',
  `linkedInHandle` varchar(50) COLLATE utf8_unicode_ci DEFAULT '',
  `googlePlusHandle` varchar(50) COLLATE utf8_unicode_ci DEFAULT '',
  `youtubeHandle` varchar(50) COLLATE utf8_unicode_ci DEFAULT '',
  `youtubeChannelHandle` varchar(50) COLLATE utf8_unicode_ci DEFAULT '',
  `instagramHandle` varchar(50) COLLATE utf8_unicode_ci DEFAULT '',
  `pinterestHandle` varchar(50) COLLATE utf8_unicode_ci DEFAULT '',
  `githubHandle` varchar(50) COLLATE utf8_unicode_ci DEFAULT '',
  `vimeoHandle` varchar(50) COLLATE utf8_unicode_ci DEFAULT '',
  `wikipediaUrl` varchar(100) COLLATE utf8_unicode_ci DEFAULT '',
  `siteCreatorType` varchar(255) COLLATE utf8_unicode_ci DEFAULT '',
  `siteCreatorSubType` varchar(255) COLLATE utf8_unicode_ci DEFAULT '',
  `siteCreatorSpecificType` varchar(255) COLLATE utf8_unicode_ci DEFAULT '',
  `genericCreatorName` varchar(255) COLLATE utf8_unicode_ci DEFAULT '',
  `genericCreatorAlternateName` varchar(255) COLLATE utf8_unicode_ci DEFAULT '',
  `genericCreatorDescription` varchar(1024) COLLATE utf8_unicode_ci DEFAULT '',
  `genericCreatorUrl` varchar(255) COLLATE utf8_unicode_ci DEFAULT '',
  `genericCreatorTelephone` varchar(255) COLLATE utf8_unicode_ci DEFAULT '',
  `genericCreatorEmail` varchar(255) COLLATE utf8_unicode_ci DEFAULT '',
  `genericCreatorStreetAddress` varchar(255) COLLATE utf8_unicode_ci DEFAULT '',
  `genericCreatorAddressLocality` varchar(255) COLLATE utf8_unicode_ci DEFAULT '',
  `genericCreatorAddressRegion` varchar(255) COLLATE utf8_unicode_ci DEFAULT '',
  `genericCreatorPostalCode` varchar(255) COLLATE utf8_unicode_ci DEFAULT '',
  `genericCreatorAddressCountry` varchar(255) COLLATE utf8_unicode_ci DEFAULT '',
  `genericCreatorGeoLatitude` varchar(255) COLLATE utf8_unicode_ci DEFAULT '',
  `genericCreatorGeoLongitude` varchar(255) COLLATE utf8_unicode_ci DEFAULT '',
  `organizationCreatorDuns` varchar(255) COLLATE utf8_unicode_ci DEFAULT '',
  `organizationCreatorFounder` varchar(255) COLLATE utf8_unicode_ci DEFAULT '',
  `organizationCreatorFoundingDate` varchar(255) COLLATE utf8_unicode_ci DEFAULT '',
  `organizationCreatorFoundingLocation` varchar(255) COLLATE utf8_unicode_ci DEFAULT '',
  `organizationCreatorContactPoints` text COLLATE utf8_unicode_ci,
  `localBusinessCreatorOpeningHours` text COLLATE utf8_unicode_ci,
  `corporationCreatorTickerSymbol` varchar(255) COLLATE utf8_unicode_ci DEFAULT '',
  `restaurantCreatorServesCuisine` varchar(255) COLLATE utf8_unicode_ci DEFAULT '',
  `restaurantCreatorMenuUrl` varchar(255) COLLATE utf8_unicode_ci DEFAULT '',
  `restaurantCreatorReservationsUrl` varchar(255) COLLATE utf8_unicode_ci DEFAULT '',
  `personCreatorGender` varchar(255) COLLATE utf8_unicode_ci DEFAULT '',
  `personCreatorBirthPlace` varchar(255) COLLATE utf8_unicode_ci DEFAULT '',
  `genericCreatorHumansTxt` text COLLATE utf8_unicode_ci,
  `dateCreated` datetime NOT NULL,
  `dateUpdated` datetime NOT NULL,
  `uid` char(36) COLLATE utf8_unicode_ci NOT NULL DEFAULT '0',
  PRIMARY KEY (`id`),
  KEY `craft_seomatic_settings_siteSeoImageId_fk` (`siteSeoImageId`),
  KEY `craft_seomatic_settings_siteSeoTwitterImageId_fk` (`siteSeoTwitterImageId`),
  KEY `craft_seomatic_settings_siteSeoFacebookImageId_fk` (`siteSeoFacebookImageId`),
  KEY `craft_seomatic_settings_genericOwnerImageId_fk` (`genericOwnerImageId`),
  KEY `craft_seomatic_settings_genericCreatorImageId_fk` (`genericCreatorImageId`)
) ENGINE=InnoDB AUTO_INCREMENT=2 DEFAULT CHARSET=utf8 COLLATE=utf8_unicode_ci;

--
-- Data for table `craft_seomatic_settings`
--

INSERT INTO `craft_seomatic_settings` (`id`, `siteSeoImageId`, `siteSeoTwitterImageId`, `siteSeoFacebookImageId`, `genericOwnerImageId`, `genericCreatorImageId`, `locale`, `siteSeoName`, `siteSeoTitle`, `siteSeoTitleSeparator`, `siteSeoTitlePlacement`, `siteSeoDescription`, `siteSeoKeywords`, `siteSeoImageTransform`, `siteSeoFacebookImageTransform`, `siteSeoTwitterImageTransform`, `siteTwitterCardType`, `siteOpenGraphType`, `siteRobots`, `siteRobotsTxt`, `siteLinksSearchTargets`, `siteLinksQueryInput`, `googleSiteVerification`, `bingSiteVerification`, `googleAnalyticsUID`, `googleTagManagerID`, `googleAnalyticsSendPageview`, `googleAnalyticsAdvertising`, `googleAnalyticsEcommerce`, `googleAnalyticsEEcommerce`, `googleAnalyticsLinkAttribution`, `googleAnalyticsLinker`, `googleAnalyticsAnonymizeIp`, `siteOwnerType`, `siteOwnerSubType`, `siteOwnerSpecificType`, `genericOwnerName`, `genericOwnerAlternateName`, `genericOwnerDescription`, `genericOwnerUrl`, `genericOwnerTelephone`, `genericOwnerEmail`, `genericOwnerStreetAddress`, `genericOwnerAddressLocality`, `genericOwnerAddressRegion`, `genericOwnerPostalCode`, `genericOwnerAddressCountry`, `genericOwnerGeoLatitude`, `genericOwnerGeoLongitude`, `organizationOwnerDuns`, `organizationOwnerFounder`, `organizationOwnerFoundingDate`, `organizationOwnerFoundingLocation`, `organizationOwnerContactPoints`, `localBusinessPriceRange`, `localBusinessOwnerOpeningHours`, `corporationOwnerTickerSymbol`, `restaurantOwnerServesCuisine`, `restaurantOwnerMenuUrl`, `restaurantOwnerReservationsUrl`, `personOwnerGender`, `personOwnerBirthPlace`, `twitterHandle`, `facebookHandle`, `facebookProfileId`, `facebookAppId`, `linkedInHandle`, `googlePlusHandle`, `youtubeHandle`, `youtubeChannelHandle`, `instagramHandle`, `pinterestHandle`, `githubHandle`, `vimeoHandle`, `wikipediaUrl`, `siteCreatorType`, `siteCreatorSubType`, `siteCreatorSpecificType`, `genericCreatorName`, `genericCreatorAlternateName`, `genericCreatorDescription`, `genericCreatorUrl`, `genericCreatorTelephone`, `genericCreatorEmail`, `genericCreatorStreetAddress`, `genericCreatorAddressLocality`, `genericCreatorAddressRegion`, `genericCreatorPostalCode`, `genericCreatorAddressCountry`, `genericCreatorGeoLatitude`, `genericCreatorGeoLongitude`, `organizationCreatorDuns`, `organizationCreatorFounder`, `organizationCreatorFoundingDate`, `organizationCreatorFoundingLocation`, `organizationCreatorContactPoints`, `localBusinessCreatorOpeningHours`, `corporationCreatorTickerSymbol`, `restaurantCreatorServesCuisine`, `restaurantCreatorMenuUrl`, `restaurantCreatorReservationsUrl`, `personCreatorGender`, `personCreatorBirthPlace`, `genericCreatorHumansTxt`, `dateCreated`, `dateUpdated`, `uid`) VALUES
 ('1', NULL, NULL, NULL, NULL, NULL, 'en_us', 'Hall and All', 'This is the default global title of the site pages.', '|', 'after', 'This is the default global natural language description of the content on the site pages.', 'default,global,comma-separated,keywords', '', '', '', 'summary', 'website', '', '# robots.txt for {{ siteUrl }}\n\nSitemap: {{ siteUrl |trim(\'/\') }}/sitemap.xml\n\n# Don\'t allow web crawlers to index Craft\n\nUser-agent: *\nDisallow: /craft/\n', '', '', '', '', '', '', '1', '0', '0', '0', '0', '0', '0', 'Organization', 'Corporation', '', 'Hall and All', '', '', 'http://craft-f9ma.frb.io/', '', '', '', '', '', '', '', '', '', '', '', '', '', '', '$$$', '', '', '', '', '', '', '', '', '', '', '', '', '', '', '', '', '', '', '', '', 'Organization', 'Corporation', '', '', '', '', '', '', '', '', '', '', '', '', '', '', '', '', '', '', '', '', '', '', '', '', '', '', '/* TEAM */\n\n{% if seomaticCreator.name is defined and seomaticCreator.name %}\nCreator: {{ seomaticCreator.name }}\n{% endif %}\n{% if seomaticCreator.url is defined and seomaticCreator.url %}\nURL: {{ seomaticCreator.url }}\n{% endif %}\n{% if seomaticCreator.description is defined and seomaticCreator.description %}\nDescription: {{ seomaticCreator.description }}\n{% endif %}\n\n/* THANKS */\n\nPixel & Tonic - https://pixelandtonic.com\n\n/* SITE */\n\nStandards: HTML5, CSS3\nComponents: Craft CMS, Yii, PHP, Javascript, SEOmatic', '2017-09-05 12:55:52', '2017-09-05 12:55:52', 'b081ff3b-fa8e-4583-b95c-0e42e805dd45');



DROP TABLE IF EXISTS `craft_sessions`;


--
-- Schema for table `craft_sessions`
--
CREATE TABLE `craft_sessions` (
  `id` int(11) NOT NULL AUTO_INCREMENT,
  `userId` int(11) NOT NULL,
  `token` char(100) COLLATE utf8_unicode_ci NOT NULL,
  `dateCreated` datetime NOT NULL,
  `dateUpdated` datetime NOT NULL,
  `uid` char(36) COLLATE utf8_unicode_ci NOT NULL DEFAULT '0',
  PRIMARY KEY (`id`),
  KEY `craft_sessions_uid_idx` (`uid`),
  KEY `craft_sessions_token_idx` (`token`),
  KEY `craft_sessions_dateUpdated_idx` (`dateUpdated`),
  KEY `craft_sessions_userId_fk` (`userId`)
) ENGINE=InnoDB AUTO_INCREMENT=4 DEFAULT CHARSET=utf8 COLLATE=utf8_unicode_ci;

DROP TABLE IF EXISTS `craft_shunnedmessages`;


--
-- Schema for table `craft_shunnedmessages`
--
CREATE TABLE `craft_shunnedmessages` (
  `id` int(11) NOT NULL AUTO_INCREMENT,
  `userId` int(11) NOT NULL,
  `message` varchar(255) COLLATE utf8_unicode_ci NOT NULL,
  `expiryDate` datetime DEFAULT NULL,
  `dateCreated` datetime NOT NULL,
  `dateUpdated` datetime NOT NULL,
  `uid` char(36) COLLATE utf8_unicode_ci NOT NULL DEFAULT '0',
  PRIMARY KEY (`id`),
  UNIQUE KEY `craft_shunnedmessages_userId_message_unq_idx` (`userId`,`message`)
) ENGINE=InnoDB DEFAULT CHARSET=utf8 COLLATE=utf8_unicode_ci;

DROP TABLE IF EXISTS `craft_structureelements`;


--
-- Schema for table `craft_structureelements`
--
CREATE TABLE `craft_structureelements` (
  `id` int(11) NOT NULL AUTO_INCREMENT,
  `structureId` int(11) NOT NULL,
  `elementId` int(11) DEFAULT NULL,
  `root` int(11) unsigned DEFAULT NULL,
  `lft` int(11) unsigned NOT NULL,
  `rgt` int(11) unsigned NOT NULL,
  `level` smallint(6) unsigned NOT NULL,
  `dateCreated` datetime NOT NULL,
  `dateUpdated` datetime NOT NULL,
  `uid` char(36) COLLATE utf8_unicode_ci NOT NULL DEFAULT '0',
  PRIMARY KEY (`id`),
  UNIQUE KEY `craft_structureelements_structureId_elementId_unq_idx` (`structureId`,`elementId`),
  KEY `craft_structureelements_root_idx` (`root`),
  KEY `craft_structureelements_lft_idx` (`lft`),
  KEY `craft_structureelements_rgt_idx` (`rgt`),
  KEY `craft_structureelements_level_idx` (`level`),
  KEY `craft_structureelements_elementId_fk` (`elementId`)
) ENGINE=InnoDB AUTO_INCREMENT=14 DEFAULT CHARSET=utf8 COLLATE=utf8_unicode_ci;

--
-- Data for table `craft_structureelements`
--

INSERT INTO `craft_structureelements` (`id`, `structureId`, `elementId`, `root`, `lft`, `rgt`, `level`, `dateCreated`, `dateUpdated`, `uid`) VALUES
 ('4', '2', NULL, '4', '1', '8', '0', '2017-09-07 05:15:23', '2017-09-07 05:15:23', 'a5f0499a-6f8a-4637-89b2-e7f4a192a0d7'),
 ('5', '2', '5', '4', '2', '3', '1', '2017-09-07 05:15:23', '2017-09-07 05:15:23', '06ac24bd-14be-47a0-b17b-ae80c3441876'),
 ('6', '2', '6', '4', '4', '7', '1', '2017-09-07 05:15:23', '2017-09-07 05:15:23', 'bab324c6-9359-4e06-91bc-3a1c3b16d59c'),
 ('7', '2', '15', '4', '5', '6', '2', '2017-09-07 05:15:23', '2017-09-07 05:15:23', '2b497325-af49-4829-8fc3-ab6dad380892'),
 ('8', '3', NULL, '8', '1', '12', '0', '2017-09-07 05:25:01', '2017-09-07 05:25:01', '726de57d-36fe-40e2-817e-3888501f0fd1'),
 ('9', '3', '17', '8', '2', '3', '1', '2017-09-07 05:25:01', '2017-09-07 05:25:01', 'ac993697-0749-4a57-ae73-6b561ebacca4'),
 ('10', '3', '18', '8', '4', '5', '1', '2017-09-07 05:25:01', '2017-09-07 05:25:01', 'f1f6f380-c7f2-4573-856c-9f06eb7a43f5'),
 ('11', '3', '19', '8', '6', '11', '1', '2017-09-07 05:25:02', '2017-09-07 05:25:02', 'f34d3154-5913-407a-993e-414d2fef9b3b'),
 ('12', '3', '20', '8', '7', '8', '2', '2017-09-07 05:25:02', '2017-09-07 05:25:02', '8490d5c1-175a-4525-a1d6-1d4381351a1c'),
 ('13', '3', '21', '8', '9', '10', '2', '2017-09-07 05:25:02', '2017-09-07 05:25:02', '85cd35b7-9d7b-43ac-a2cf-5cbee6903b4c');



DROP TABLE IF EXISTS `craft_structures`;


--
-- Schema for table `craft_structures`
--
CREATE TABLE `craft_structures` (
  `id` int(11) NOT NULL AUTO_INCREMENT,
  `maxLevels` smallint(6) unsigned DEFAULT NULL,
  `dateCreated` datetime NOT NULL,
  `dateUpdated` datetime NOT NULL,
  `uid` char(36) COLLATE utf8_unicode_ci NOT NULL DEFAULT '0',
  PRIMARY KEY (`id`)
) ENGINE=InnoDB AUTO_INCREMENT=4 DEFAULT CHARSET=utf8 COLLATE=utf8_unicode_ci;

--
-- Data for table `craft_structures`
--

INSERT INTO `craft_structures` (`id`, `maxLevels`, `dateCreated`, `dateUpdated`, `uid`) VALUES
 ('2', NULL, '2017-09-07 05:15:23', '2017-09-07 05:15:23', '6ce45701-0611-4e1a-b08e-5f12dc5fe644'),
 ('3', NULL, '2017-09-07 05:25:01', '2017-09-07 05:25:01', 'b78dc6ec-7e42-43ad-8a8a-ff2563cf2ff1');



DROP TABLE IF EXISTS `craft_systemsettings`;


--
-- Schema for table `craft_systemsettings`
--
CREATE TABLE `craft_systemsettings` (
  `id` int(11) NOT NULL AUTO_INCREMENT,
  `category` varchar(15) COLLATE utf8_unicode_ci NOT NULL,
  `settings` text COLLATE utf8_unicode_ci,
  `dateCreated` datetime NOT NULL,
  `dateUpdated` datetime NOT NULL,
  `uid` char(36) COLLATE utf8_unicode_ci NOT NULL DEFAULT '0',
  PRIMARY KEY (`id`),
  UNIQUE KEY `craft_systemsettings_category_unq_idx` (`category`)
) ENGINE=InnoDB AUTO_INCREMENT=2 DEFAULT CHARSET=utf8 COLLATE=utf8_unicode_ci;

--
-- Data for table `craft_systemsettings`
--

INSERT INTO `craft_systemsettings` (`id`, `category`, `settings`, `dateCreated`, `dateUpdated`, `uid`) VALUES
 ('1', 'email', '{\"protocol\":\"php\",\"emailAddress\":\"james@hallandall.com\",\"senderName\":\"Hall and All\"}', '2017-09-05 12:55:34', '2017-09-05 12:55:34', '58cce623-5c4f-4a44-a71f-d04cd8dbd134');



DROP TABLE IF EXISTS `craft_taggroups`;


--
-- Schema for table `craft_taggroups`
--
CREATE TABLE `craft_taggroups` (
  `id` int(11) NOT NULL AUTO_INCREMENT,
  `name` varchar(255) COLLATE utf8_unicode_ci NOT NULL,
  `handle` varchar(255) COLLATE utf8_unicode_ci NOT NULL,
  `fieldLayoutId` int(10) DEFAULT NULL,
  `dateCreated` datetime NOT NULL,
  `dateUpdated` datetime NOT NULL,
  `uid` char(36) COLLATE utf8_unicode_ci NOT NULL DEFAULT '0',
  PRIMARY KEY (`id`),
  UNIQUE KEY `craft_taggroups_name_unq_idx` (`name`),
  UNIQUE KEY `craft_taggroups_handle_unq_idx` (`handle`),
  KEY `craft_taggroups_fieldLayoutId_fk` (`fieldLayoutId`)
) ENGINE=InnoDB AUTO_INCREMENT=2 DEFAULT CHARSET=utf8 COLLATE=utf8_unicode_ci;

--
-- Data for table `craft_taggroups`
--

INSERT INTO `craft_taggroups` (`id`, `name`, `handle`, `fieldLayoutId`, `dateCreated`, `dateUpdated`, `uid`) VALUES
 ('1', 'Default', 'default', '1', '2017-09-05 12:55:34', '2017-09-05 12:55:34', '0fdc1ea4-717e-4806-bfe1-488d046fdcf6');



DROP TABLE IF EXISTS `craft_tags`;


--
-- Schema for table `craft_tags`
--
CREATE TABLE `craft_tags` (
  `id` int(11) NOT NULL,
  `groupId` int(11) NOT NULL,
  `dateCreated` datetime NOT NULL,
  `dateUpdated` datetime NOT NULL,
  `uid` char(36) COLLATE utf8_unicode_ci NOT NULL DEFAULT '0',
  PRIMARY KEY (`id`),
  KEY `craft_tags_groupId_fk` (`groupId`)
) ENGINE=InnoDB DEFAULT CHARSET=utf8 COLLATE=utf8_unicode_ci;

DROP TABLE IF EXISTS `craft_tasks`;


--
-- Schema for table `craft_tasks`
--
CREATE TABLE `craft_tasks` (
  `id` int(11) NOT NULL AUTO_INCREMENT,
  `root` int(11) unsigned DEFAULT NULL,
  `lft` int(11) unsigned NOT NULL,
  `rgt` int(11) unsigned NOT NULL,
  `level` smallint(6) unsigned NOT NULL,
  `currentStep` int(11) unsigned DEFAULT NULL,
  `totalSteps` int(11) unsigned DEFAULT NULL,
  `status` enum('pending','error','running') COLLATE utf8_unicode_ci DEFAULT NULL,
  `type` varchar(150) COLLATE utf8_unicode_ci NOT NULL,
  `description` varchar(255) COLLATE utf8_unicode_ci DEFAULT NULL,
  `settings` mediumtext COLLATE utf8_unicode_ci,
  `dateCreated` datetime NOT NULL,
  `dateUpdated` datetime NOT NULL,
  `uid` char(36) COLLATE utf8_unicode_ci NOT NULL DEFAULT '0',
  PRIMARY KEY (`id`),
  KEY `craft_tasks_root_idx` (`root`),
  KEY `craft_tasks_lft_idx` (`lft`),
  KEY `craft_tasks_rgt_idx` (`rgt`),
  KEY `craft_tasks_level_idx` (`level`)
) ENGINE=InnoDB AUTO_INCREMENT=11 DEFAULT CHARSET=utf8 COLLATE=utf8_unicode_ci;

DROP TABLE IF EXISTS `craft_templatecachecriteria`;


--
-- Schema for table `craft_templatecachecriteria`
--
CREATE TABLE `craft_templatecachecriteria` (
  `id` int(11) NOT NULL AUTO_INCREMENT,
  `cacheId` int(11) NOT NULL,
  `type` varchar(150) COLLATE utf8_unicode_ci NOT NULL,
  `criteria` text COLLATE utf8_unicode_ci NOT NULL,
  PRIMARY KEY (`id`),
  KEY `craft_templatecachecriteria_cacheId_fk` (`cacheId`),
  KEY `craft_templatecachecriteria_type_idx` (`type`)
) ENGINE=InnoDB DEFAULT CHARSET=utf8 COLLATE=utf8_unicode_ci;

DROP TABLE IF EXISTS `craft_templatecacheelements`;


--
-- Schema for table `craft_templatecacheelements`
--
CREATE TABLE `craft_templatecacheelements` (
  `cacheId` int(11) NOT NULL,
  `elementId` int(11) NOT NULL,
  KEY `craft_templatecacheelements_cacheId_fk` (`cacheId`),
  KEY `craft_templatecacheelements_elementId_fk` (`elementId`)
) ENGINE=InnoDB DEFAULT CHARSET=utf8 COLLATE=utf8_unicode_ci;

DROP TABLE IF EXISTS `craft_templatecaches`;


--
-- Schema for table `craft_templatecaches`
--
CREATE TABLE `craft_templatecaches` (
  `id` int(11) NOT NULL AUTO_INCREMENT,
  `cacheKey` varchar(255) COLLATE utf8_unicode_ci NOT NULL,
  `locale` char(12) COLLATE utf8_unicode_ci NOT NULL,
  `path` varchar(255) COLLATE utf8_unicode_ci DEFAULT NULL,
  `expiryDate` datetime NOT NULL,
  `body` mediumtext COLLATE utf8_unicode_ci NOT NULL,
  PRIMARY KEY (`id`),
  KEY `craft_templatecaches_expiryDate_cacheKey_locale_path_idx` (`expiryDate`,`cacheKey`,`locale`,`path`),
  KEY `craft_templatecaches_locale_fk` (`locale`)
) ENGINE=InnoDB DEFAULT CHARSET=utf8 COLLATE=utf8_unicode_ci;

DROP TABLE IF EXISTS `craft_tokens`;


--
-- Schema for table `craft_tokens`
--
CREATE TABLE `craft_tokens` (
  `id` int(11) NOT NULL AUTO_INCREMENT,
  `token` char(32) COLLATE utf8_unicode_ci NOT NULL,
  `route` text COLLATE utf8_unicode_ci,
  `usageLimit` tinyint(3) unsigned DEFAULT NULL,
  `usageCount` tinyint(3) unsigned DEFAULT NULL,
  `expiryDate` datetime NOT NULL,
  `dateCreated` datetime NOT NULL,
  `dateUpdated` datetime NOT NULL,
  `uid` char(36) COLLATE utf8_unicode_ci NOT NULL DEFAULT '0',
  PRIMARY KEY (`id`),
  UNIQUE KEY `craft_tokens_token_unq_idx` (`token`),
  KEY `craft_tokens_expiryDate_idx` (`expiryDate`)
) ENGINE=InnoDB DEFAULT CHARSET=utf8 COLLATE=utf8_unicode_ci;

DROP TABLE IF EXISTS `craft_usergroups`;


--
-- Schema for table `craft_usergroups`
--
CREATE TABLE `craft_usergroups` (
  `id` int(11) NOT NULL AUTO_INCREMENT,
  `name` varchar(255) COLLATE utf8_unicode_ci NOT NULL,
  `handle` varchar(255) COLLATE utf8_unicode_ci NOT NULL,
  `dateCreated` datetime NOT NULL,
  `dateUpdated` datetime NOT NULL,
  `uid` char(36) COLLATE utf8_unicode_ci NOT NULL DEFAULT '0',
  PRIMARY KEY (`id`),
  UNIQUE KEY `craft_usergroups_name_unq_idx` (`name`),
  UNIQUE KEY `craft_usergroups_handle_unq_idx` (`handle`)
) ENGINE=InnoDB DEFAULT CHARSET=utf8 COLLATE=utf8_unicode_ci;

DROP TABLE IF EXISTS `craft_usergroups_users`;


--
-- Schema for table `craft_usergroups_users`
--
CREATE TABLE `craft_usergroups_users` (
  `id` int(11) NOT NULL AUTO_INCREMENT,
  `groupId` int(11) NOT NULL,
  `userId` int(11) NOT NULL,
  `dateCreated` datetime NOT NULL,
  `dateUpdated` datetime NOT NULL,
  `uid` char(36) COLLATE utf8_unicode_ci NOT NULL DEFAULT '0',
  PRIMARY KEY (`id`),
  UNIQUE KEY `craft_usergroups_users_groupId_userId_unq_idx` (`groupId`,`userId`),
  KEY `craft_usergroups_users_userId_fk` (`userId`)
) ENGINE=InnoDB DEFAULT CHARSET=utf8 COLLATE=utf8_unicode_ci;

DROP TABLE IF EXISTS `craft_userpermissions`;


--
-- Schema for table `craft_userpermissions`
--
CREATE TABLE `craft_userpermissions` (
  `id` int(11) NOT NULL AUTO_INCREMENT,
  `name` varchar(255) COLLATE utf8_unicode_ci NOT NULL,
  `dateCreated` datetime NOT NULL,
  `dateUpdated` datetime NOT NULL,
  `uid` char(36) COLLATE utf8_unicode_ci NOT NULL DEFAULT '0',
  PRIMARY KEY (`id`),
  UNIQUE KEY `craft_userpermissions_name_unq_idx` (`name`)
) ENGINE=InnoDB DEFAULT CHARSET=utf8 COLLATE=utf8_unicode_ci;

DROP TABLE IF EXISTS `craft_userpermissions_usergroups`;


--
-- Schema for table `craft_userpermissions_usergroups`
--
CREATE TABLE `craft_userpermissions_usergroups` (
  `id` int(11) NOT NULL AUTO_INCREMENT,
  `permissionId` int(11) NOT NULL,
  `groupId` int(11) NOT NULL,
  `dateCreated` datetime NOT NULL,
  `dateUpdated` datetime NOT NULL,
  `uid` char(36) COLLATE utf8_unicode_ci NOT NULL DEFAULT '0',
  PRIMARY KEY (`id`),
  UNIQUE KEY `craft_userpermissions_usergroups_permissionId_groupId_unq_idx` (`permissionId`,`groupId`),
  KEY `craft_userpermissions_usergroups_groupId_fk` (`groupId`)
) ENGINE=InnoDB DEFAULT CHARSET=utf8 COLLATE=utf8_unicode_ci;

DROP TABLE IF EXISTS `craft_userpermissions_users`;


--
-- Schema for table `craft_userpermissions_users`
--
CREATE TABLE `craft_userpermissions_users` (
  `id` int(11) NOT NULL AUTO_INCREMENT,
  `permissionId` int(11) NOT NULL,
  `userId` int(11) NOT NULL,
  `dateCreated` datetime NOT NULL,
  `dateUpdated` datetime NOT NULL,
  `uid` char(36) COLLATE utf8_unicode_ci NOT NULL DEFAULT '0',
  PRIMARY KEY (`id`),
  UNIQUE KEY `craft_userpermissions_users_permissionId_userId_unq_idx` (`permissionId`,`userId`),
  KEY `craft_userpermissions_users_userId_fk` (`userId`)
) ENGINE=InnoDB DEFAULT CHARSET=utf8 COLLATE=utf8_unicode_ci;

DROP TABLE IF EXISTS `craft_users`;


--
-- Schema for table `craft_users`
--
CREATE TABLE `craft_users` (
  `id` int(11) NOT NULL,
  `username` varchar(100) COLLATE utf8_unicode_ci NOT NULL,
  `photo` varchar(100) COLLATE utf8_unicode_ci DEFAULT NULL,
  `firstName` varchar(100) COLLATE utf8_unicode_ci DEFAULT NULL,
  `lastName` varchar(100) COLLATE utf8_unicode_ci DEFAULT NULL,
  `email` varchar(255) COLLATE utf8_unicode_ci NOT NULL,
  `password` char(255) COLLATE utf8_unicode_ci DEFAULT NULL,
  `preferredLocale` char(12) COLLATE utf8_unicode_ci DEFAULT NULL,
  `weekStartDay` tinyint(1) unsigned NOT NULL DEFAULT '0',
  `admin` tinyint(1) unsigned NOT NULL DEFAULT '0',
  `client` tinyint(1) unsigned NOT NULL DEFAULT '0',
  `locked` tinyint(1) unsigned NOT NULL DEFAULT '0',
  `suspended` tinyint(1) unsigned NOT NULL DEFAULT '0',
  `pending` tinyint(1) unsigned NOT NULL DEFAULT '0',
  `archived` tinyint(1) unsigned NOT NULL DEFAULT '0',
  `lastLoginDate` datetime DEFAULT NULL,
  `lastLoginAttemptIPAddress` varchar(45) COLLATE utf8_unicode_ci DEFAULT NULL,
  `invalidLoginWindowStart` datetime DEFAULT NULL,
  `invalidLoginCount` tinyint(4) unsigned DEFAULT NULL,
  `lastInvalidLoginDate` datetime DEFAULT NULL,
  `lockoutDate` datetime DEFAULT NULL,
  `verificationCode` char(100) COLLATE utf8_unicode_ci DEFAULT NULL,
  `verificationCodeIssuedDate` datetime DEFAULT NULL,
  `unverifiedEmail` varchar(255) COLLATE utf8_unicode_ci DEFAULT NULL,
  `passwordResetRequired` tinyint(1) unsigned NOT NULL DEFAULT '0',
  `lastPasswordChangeDate` datetime DEFAULT NULL,
  `dateCreated` datetime NOT NULL,
  `dateUpdated` datetime NOT NULL,
  `uid` char(36) COLLATE utf8_unicode_ci NOT NULL DEFAULT '0',
  PRIMARY KEY (`id`),
  UNIQUE KEY `craft_users_username_unq_idx` (`username`),
  UNIQUE KEY `craft_users_email_unq_idx` (`email`),
  KEY `craft_users_verificationCode_idx` (`verificationCode`),
  KEY `craft_users_uid_idx` (`uid`),
  KEY `craft_users_preferredLocale_fk` (`preferredLocale`)
) ENGINE=InnoDB DEFAULT CHARSET=utf8 COLLATE=utf8_unicode_ci;

--
-- Data for table `craft_users`
--

INSERT INTO `craft_users` (`id`, `username`, `photo`, `firstName`, `lastName`, `email`, `password`, `preferredLocale`, `weekStartDay`, `admin`, `client`, `locked`, `suspended`, `pending`, `archived`, `lastLoginDate`, `lastLoginAttemptIPAddress`, `invalidLoginWindowStart`, `invalidLoginCount`, `lastInvalidLoginDate`, `lockoutDate`, `verificationCode`, `verificationCodeIssuedDate`, `unverifiedEmail`, `passwordResetRequired`, `lastPasswordChangeDate`, `dateCreated`, `dateUpdated`, `uid`) VALUES
 ('1', 'admin', NULL, NULL, NULL, 'james@hallandall.com', '$2y$13$H2.QdIFsH/ujHsS1Bis4KOkn3ecbCDKSzR20rR2CyyviqeaJPuoz6', NULL, '0', '1', '0', '0', '0', '0', '0', '2017-09-07 05:11:54', '70.251.211.31', NULL, NULL, '2017-09-06 23:05:46', NULL, NULL, NULL, NULL, '0', '2017-09-05 12:55:31', '2017-09-05 12:55:32', '2017-09-07 05:11:54', 'e508b099-76ff-47d0-9a33-1ba2f88fa0ab');



DROP TABLE IF EXISTS `craft_widgets`;


--
-- Schema for table `craft_widgets`
--
CREATE TABLE `craft_widgets` (
  `id` int(11) NOT NULL AUTO_INCREMENT,
  `userId` int(11) NOT NULL,
  `type` varchar(150) COLLATE utf8_unicode_ci NOT NULL,
  `sortOrder` smallint(6) unsigned DEFAULT NULL,
  `colspan` tinyint(4) unsigned DEFAULT NULL,
  `settings` text COLLATE utf8_unicode_ci,
  `enabled` tinyint(1) unsigned NOT NULL DEFAULT '1',
  `dateCreated` datetime NOT NULL,
  `dateUpdated` datetime NOT NULL,
  `uid` char(36) COLLATE utf8_unicode_ci NOT NULL DEFAULT '0',
  PRIMARY KEY (`id`),
  KEY `craft_widgets_userId_fk` (`userId`)
) ENGINE=InnoDB AUTO_INCREMENT=5 DEFAULT CHARSET=utf8 COLLATE=utf8_unicode_ci;

--
-- Data for table `craft_widgets`
--

INSERT INTO `craft_widgets` (`id`, `userId`, `type`, `sortOrder`, `colspan`, `settings`, `enabled`, `dateCreated`, `dateUpdated`, `uid`) VALUES
 ('1', '1', 'RecentEntries', '1', NULL, NULL, '1', '2017-09-05 12:55:37', '2017-09-05 12:55:37', '505bcc70-b34c-438c-a8c6-ed4ed1f22a52'),
 ('2', '1', 'GetHelp', '2', NULL, NULL, '1', '2017-09-05 12:55:37', '2017-09-05 12:55:37', '3b96badc-7c2a-4cbc-8e50-588f5f59d2c4'),
 ('3', '1', 'Updates', '3', NULL, NULL, '1', '2017-09-05 12:55:37', '2017-09-05 12:55:37', 'e563b270-86ed-4cf8-b345-dca5e57c1d7b'),
 ('4', '1', 'Feed', '4', NULL, '{\"url\":\"https:\\/\\/craftcms.com\\/news.rss\",\"title\":\"Craft News\"}', '1', '2017-09-05 12:55:37', '2017-09-05 12:55:37', 'e2ffcacb-4f90-4308-a3d9-8caf9af96b87');


--
-- Constraints for tables
--


--
-- Constraints for table `craft_assetfiles`
--
ALTER TABLE `craft_assetfiles`
	ADD CONSTRAINT `craft_assetfiles_folderId_fk` FOREIGN KEY (`folderId`) REFERENCES `craft_assetfolders` (`id`) ON DELETE CASCADE,
	ADD CONSTRAINT `craft_assetfiles_id_fk` FOREIGN KEY (`id`) REFERENCES `craft_elements` (`id`) ON DELETE CASCADE,
	ADD CONSTRAINT `craft_assetfiles_sourceId_fk` FOREIGN KEY (`sourceId`) REFERENCES `craft_assetsources` (`id`) ON DELETE CASCADE;

--
-- Constraints for table `craft_assetfolders`
--
ALTER TABLE `craft_assetfolders`
	ADD CONSTRAINT `craft_assetfolders_parentId_fk` FOREIGN KEY (`parentId`) REFERENCES `craft_assetfolders` (`id`) ON DELETE CASCADE,
	ADD CONSTRAINT `craft_assetfolders_sourceId_fk` FOREIGN KEY (`sourceId`) REFERENCES `craft_assetsources` (`id`) ON DELETE CASCADE;

--
-- Constraints for table `craft_assetindexdata`
--
ALTER TABLE `craft_assetindexdata`
	ADD CONSTRAINT `craft_assetindexdata_sourceId_fk` FOREIGN KEY (`sourceId`) REFERENCES `craft_assetsources` (`id`) ON DELETE CASCADE;

--
-- Constraints for table `craft_assetsources`
--
ALTER TABLE `craft_assetsources`
	ADD CONSTRAINT `craft_assetsources_fieldLayoutId_fk` FOREIGN KEY (`fieldLayoutId`) REFERENCES `craft_fieldlayouts` (`id`) ON DELETE SET NULL;

--
-- Constraints for table `craft_categories`
--
ALTER TABLE `craft_categories`
	ADD CONSTRAINT `craft_categories_groupId_fk` FOREIGN KEY (`groupId`) REFERENCES `craft_categorygroups` (`id`) ON DELETE CASCADE,
	ADD CONSTRAINT `craft_categories_id_fk` FOREIGN KEY (`id`) REFERENCES `craft_elements` (`id`) ON DELETE CASCADE;

--
-- Constraints for table `craft_categorygroups`
--
ALTER TABLE `craft_categorygroups`
	ADD CONSTRAINT `craft_categorygroups_fieldLayoutId_fk` FOREIGN KEY (`fieldLayoutId`) REFERENCES `craft_fieldlayouts` (`id`) ON DELETE SET NULL,
	ADD CONSTRAINT `craft_categorygroups_structureId_fk` FOREIGN KEY (`structureId`) REFERENCES `craft_structures` (`id`) ON DELETE CASCADE;

--
-- Constraints for table `craft_categorygroups_i18n`
--
ALTER TABLE `craft_categorygroups_i18n`
	ADD CONSTRAINT `craft_categorygroups_i18n_groupId_fk` FOREIGN KEY (`groupId`) REFERENCES `craft_categorygroups` (`id`) ON DELETE CASCADE,
	ADD CONSTRAINT `craft_categorygroups_i18n_locale_fk` FOREIGN KEY (`locale`) REFERENCES `craft_locales` (`locale`) ON DELETE CASCADE ON UPDATE CASCADE;

--
-- Constraints for table `craft_content`
--
ALTER TABLE `craft_content`
	ADD CONSTRAINT `craft_content_elementId_fk` FOREIGN KEY (`elementId`) REFERENCES `craft_elements` (`id`) ON DELETE CASCADE,
	ADD CONSTRAINT `craft_content_locale_fk` FOREIGN KEY (`locale`) REFERENCES `craft_locales` (`locale`) ON DELETE CASCADE ON UPDATE CASCADE;

--
-- Constraints for table `craft_elements_i18n`
--
ALTER TABLE `craft_elements_i18n`
	ADD CONSTRAINT `craft_elements_i18n_elementId_fk` FOREIGN KEY (`elementId`) REFERENCES `craft_elements` (`id`) ON DELETE CASCADE,
	ADD CONSTRAINT `craft_elements_i18n_locale_fk` FOREIGN KEY (`locale`) REFERENCES `craft_locales` (`locale`) ON DELETE CASCADE ON UPDATE CASCADE;

--
-- Constraints for table `craft_emailmessages`
--
ALTER TABLE `craft_emailmessages`
	ADD CONSTRAINT `craft_emailmessages_locale_fk` FOREIGN KEY (`locale`) REFERENCES `craft_locales` (`locale`) ON DELETE CASCADE ON UPDATE CASCADE;

--
-- Constraints for table `craft_entries`
--
ALTER TABLE `craft_entries`
	ADD CONSTRAINT `craft_entries_authorId_fk` FOREIGN KEY (`authorId`) REFERENCES `craft_users` (`id`) ON DELETE CASCADE,
	ADD CONSTRAINT `craft_entries_id_fk` FOREIGN KEY (`id`) REFERENCES `craft_elements` (`id`) ON DELETE CASCADE,
	ADD CONSTRAINT `craft_entries_sectionId_fk` FOREIGN KEY (`sectionId`) REFERENCES `craft_sections` (`id`) ON DELETE CASCADE,
	ADD CONSTRAINT `craft_entries_typeId_fk` FOREIGN KEY (`typeId`) REFERENCES `craft_entrytypes` (`id`) ON DELETE CASCADE;

--
-- Constraints for table `craft_entrydrafts`
--
ALTER TABLE `craft_entrydrafts`
	ADD CONSTRAINT `craft_entrydrafts_creatorId_fk` FOREIGN KEY (`creatorId`) REFERENCES `craft_users` (`id`) ON DELETE CASCADE,
	ADD CONSTRAINT `craft_entrydrafts_entryId_fk` FOREIGN KEY (`entryId`) REFERENCES `craft_entries` (`id`) ON DELETE CASCADE,
	ADD CONSTRAINT `craft_entrydrafts_locale_fk` FOREIGN KEY (`locale`) REFERENCES `craft_locales` (`locale`) ON DELETE CASCADE ON UPDATE CASCADE,
	ADD CONSTRAINT `craft_entrydrafts_sectionId_fk` FOREIGN KEY (`sectionId`) REFERENCES `craft_sections` (`id`) ON DELETE CASCADE;

--
-- Constraints for table `craft_entrytypes`
--
ALTER TABLE `craft_entrytypes`
	ADD CONSTRAINT `craft_entrytypes_fieldLayoutId_fk` FOREIGN KEY (`fieldLayoutId`) REFERENCES `craft_fieldlayouts` (`id`) ON DELETE SET NULL,
	ADD CONSTRAINT `craft_entrytypes_sectionId_fk` FOREIGN KEY (`sectionId`) REFERENCES `craft_sections` (`id`) ON DELETE CASCADE;

--
-- Constraints for table `craft_entryversions`
--
ALTER TABLE `craft_entryversions`
	ADD CONSTRAINT `craft_entryversions_creatorId_fk` FOREIGN KEY (`creatorId`) REFERENCES `craft_users` (`id`) ON DELETE SET NULL,
	ADD CONSTRAINT `craft_entryversions_entryId_fk` FOREIGN KEY (`entryId`) REFERENCES `craft_entries` (`id`) ON DELETE CASCADE,
	ADD CONSTRAINT `craft_entryversions_locale_fk` FOREIGN KEY (`locale`) REFERENCES `craft_locales` (`locale`) ON DELETE CASCADE ON UPDATE CASCADE,
	ADD CONSTRAINT `craft_entryversions_sectionId_fk` FOREIGN KEY (`sectionId`) REFERENCES `craft_sections` (`id`) ON DELETE CASCADE;

--
-- Constraints for table `craft_fieldlayoutfields`
--
ALTER TABLE `craft_fieldlayoutfields`
	ADD CONSTRAINT `craft_fieldlayoutfields_fieldId_fk` FOREIGN KEY (`fieldId`) REFERENCES `craft_fields` (`id`) ON DELETE CASCADE,
	ADD CONSTRAINT `craft_fieldlayoutfields_layoutId_fk` FOREIGN KEY (`layoutId`) REFERENCES `craft_fieldlayouts` (`id`) ON DELETE CASCADE,
	ADD CONSTRAINT `craft_fieldlayoutfields_tabId_fk` FOREIGN KEY (`tabId`) REFERENCES `craft_fieldlayouttabs` (`id`) ON DELETE CASCADE;

--
-- Constraints for table `craft_fieldlayouttabs`
--
ALTER TABLE `craft_fieldlayouttabs`
	ADD CONSTRAINT `craft_fieldlayouttabs_layoutId_fk` FOREIGN KEY (`layoutId`) REFERENCES `craft_fieldlayouts` (`id`) ON DELETE CASCADE;

--
-- Constraints for table `craft_fields`
--
ALTER TABLE `craft_fields`
	ADD CONSTRAINT `craft_fields_groupId_fk` FOREIGN KEY (`groupId`) REFERENCES `craft_fieldgroups` (`id`) ON DELETE CASCADE;

--
-- Constraints for table `craft_globalsets`
--
ALTER TABLE `craft_globalsets`
	ADD CONSTRAINT `craft_globalsets_fieldLayoutId_fk` FOREIGN KEY (`fieldLayoutId`) REFERENCES `craft_fieldlayouts` (`id`) ON DELETE SET NULL,
	ADD CONSTRAINT `craft_globalsets_id_fk` FOREIGN KEY (`id`) REFERENCES `craft_elements` (`id`) ON DELETE CASCADE;

--
-- Constraints for table `craft_matrixblocks`
--
ALTER TABLE `craft_matrixblocks`
	ADD CONSTRAINT `craft_matrixblocks_fieldId_fk` FOREIGN KEY (`fieldId`) REFERENCES `craft_fields` (`id`) ON DELETE CASCADE,
	ADD CONSTRAINT `craft_matrixblocks_id_fk` FOREIGN KEY (`id`) REFERENCES `craft_elements` (`id`) ON DELETE CASCADE,
	ADD CONSTRAINT `craft_matrixblocks_ownerId_fk` FOREIGN KEY (`ownerId`) REFERENCES `craft_elements` (`id`) ON DELETE CASCADE,
	ADD CONSTRAINT `craft_matrixblocks_ownerLocale_fk` FOREIGN KEY (`ownerLocale`) REFERENCES `craft_locales` (`locale`) ON DELETE CASCADE ON UPDATE CASCADE,
	ADD CONSTRAINT `craft_matrixblocks_typeId_fk` FOREIGN KEY (`typeId`) REFERENCES `craft_matrixblocktypes` (`id`) ON DELETE CASCADE;

--
-- Constraints for table `craft_matrixblocktypes`
--
ALTER TABLE `craft_matrixblocktypes`
	ADD CONSTRAINT `craft_matrixblocktypes_fieldId_fk` FOREIGN KEY (`fieldId`) REFERENCES `craft_fields` (`id`) ON DELETE CASCADE,
	ADD CONSTRAINT `craft_matrixblocktypes_fieldLayoutId_fk` FOREIGN KEY (`fieldLayoutId`) REFERENCES `craft_fieldlayouts` (`id`) ON DELETE SET NULL;

--
-- Constraints for table `craft_migrations`
--
ALTER TABLE `craft_migrations`
	ADD CONSTRAINT `craft_migrations_pluginId_fk` FOREIGN KEY (`pluginId`) REFERENCES `craft_plugins` (`id`) ON DELETE CASCADE;

--
-- Constraints for table `craft_neoblocks`
--
ALTER TABLE `craft_neoblocks`
	ADD CONSTRAINT `craft_neoblocks_fieldId_fk` FOREIGN KEY (`fieldId`) REFERENCES `craft_fields` (`id`) ON DELETE CASCADE,
	ADD CONSTRAINT `craft_neoblocks_id_fk` FOREIGN KEY (`id`) REFERENCES `craft_elements` (`id`) ON DELETE CASCADE,
	ADD CONSTRAINT `craft_neoblocks_ownerId_fk` FOREIGN KEY (`ownerId`) REFERENCES `craft_elements` (`id`) ON DELETE CASCADE,
	ADD CONSTRAINT `craft_neoblocks_ownerLocale_fk` FOREIGN KEY (`ownerLocale`) REFERENCES `craft_locales` (`locale`) ON DELETE CASCADE ON UPDATE CASCADE,
	ADD CONSTRAINT `craft_neoblocks_typeId_fk` FOREIGN KEY (`typeId`) REFERENCES `craft_neoblocktypes` (`id`) ON DELETE CASCADE;

--
-- Constraints for table `craft_neoblockstructures`
--
ALTER TABLE `craft_neoblockstructures`
	ADD CONSTRAINT `craft_neoblockstructures_fieldId_fk` FOREIGN KEY (`fieldId`) REFERENCES `craft_fields` (`id`) ON DELETE CASCADE,
	ADD CONSTRAINT `craft_neoblockstructures_ownerId_fk` FOREIGN KEY (`ownerId`) REFERENCES `craft_elements` (`id`) ON DELETE CASCADE,
	ADD CONSTRAINT `craft_neoblockstructures_ownerLocale_fk` FOREIGN KEY (`ownerLocale`) REFERENCES `craft_locales` (`locale`) ON DELETE CASCADE ON UPDATE CASCADE,
	ADD CONSTRAINT `craft_neoblockstructures_structureId_fk` FOREIGN KEY (`structureId`) REFERENCES `craft_structures` (`id`) ON DELETE CASCADE;

--
-- Constraints for table `craft_neoblocktypes`
--
ALTER TABLE `craft_neoblocktypes`
	ADD CONSTRAINT `craft_neoblocktypes_fieldId_fk` FOREIGN KEY (`fieldId`) REFERENCES `craft_fields` (`id`) ON DELETE CASCADE,
	ADD CONSTRAINT `craft_neoblocktypes_fieldLayoutId_fk` FOREIGN KEY (`fieldLayoutId`) REFERENCES `craft_fieldlayouts` (`id`) ON DELETE SET NULL;

--
-- Constraints for table `craft_neogroups`
--
ALTER TABLE `craft_neogroups`
	ADD CONSTRAINT `craft_neogroups_fieldId_fk` FOREIGN KEY (`fieldId`) REFERENCES `craft_fields` (`id`) ON DELETE CASCADE;

--
-- Constraints for table `craft_relations`
--
ALTER TABLE `craft_relations`
	ADD CONSTRAINT `craft_relations_fieldId_fk` FOREIGN KEY (`fieldId`) REFERENCES `craft_fields` (`id`) ON DELETE CASCADE,
	ADD CONSTRAINT `craft_relations_sourceId_fk` FOREIGN KEY (`sourceId`) REFERENCES `craft_elements` (`id`) ON DELETE CASCADE,
	ADD CONSTRAINT `craft_relations_sourceLocale_fk` FOREIGN KEY (`sourceLocale`) REFERENCES `craft_locales` (`locale`) ON DELETE CASCADE ON UPDATE CASCADE,
	ADD CONSTRAINT `craft_relations_targetId_fk` FOREIGN KEY (`targetId`) REFERENCES `craft_elements` (`id`) ON DELETE CASCADE;

--
-- Constraints for table `craft_routes`
--
ALTER TABLE `craft_routes`
	ADD CONSTRAINT `craft_routes_locale_fk` FOREIGN KEY (`locale`) REFERENCES `craft_locales` (`locale`) ON DELETE CASCADE ON UPDATE CASCADE;

--
-- Constraints for table `craft_sections`
--
ALTER TABLE `craft_sections`
	ADD CONSTRAINT `craft_sections_structureId_fk` FOREIGN KEY (`structureId`) REFERENCES `craft_structures` (`id`) ON DELETE SET NULL;

--
-- Constraints for table `craft_sections_i18n`
--
ALTER TABLE `craft_sections_i18n`
	ADD CONSTRAINT `craft_sections_i18n_locale_fk` FOREIGN KEY (`locale`) REFERENCES `craft_locales` (`locale`) ON DELETE CASCADE ON UPDATE CASCADE,
	ADD CONSTRAINT `craft_sections_i18n_sectionId_fk` FOREIGN KEY (`sectionId`) REFERENCES `craft_sections` (`id`) ON DELETE CASCADE;

--
-- Constraints for table `craft_seomatic_meta`
--
ALTER TABLE `craft_seomatic_meta`
	ADD CONSTRAINT `craft_seomatic_meta_id_fk` FOREIGN KEY (`id`) REFERENCES `craft_elements` (`id`) ON DELETE CASCADE,
	ADD CONSTRAINT `craft_seomatic_meta_seoFacebookImageId_fk` FOREIGN KEY (`seoFacebookImageId`) REFERENCES `craft_assetfiles` (`id`) ON DELETE SET NULL,
	ADD CONSTRAINT `craft_seomatic_meta_seoImageId_fk` FOREIGN KEY (`seoImageId`) REFERENCES `craft_assetfiles` (`id`) ON DELETE SET NULL,
	ADD CONSTRAINT `craft_seomatic_meta_seoTwitterImageId_fk` FOREIGN KEY (`seoTwitterImageId`) REFERENCES `craft_assetfiles` (`id`) ON DELETE SET NULL;

--
-- Constraints for table `craft_seomatic_settings`
--
ALTER TABLE `craft_seomatic_settings`
	ADD CONSTRAINT `craft_seomatic_settings_genericCreatorImageId_fk` FOREIGN KEY (`genericCreatorImageId`) REFERENCES `craft_assetfiles` (`id`) ON DELETE SET NULL,
	ADD CONSTRAINT `craft_seomatic_settings_genericOwnerImageId_fk` FOREIGN KEY (`genericOwnerImageId`) REFERENCES `craft_assetfiles` (`id`) ON DELETE SET NULL,
	ADD CONSTRAINT `craft_seomatic_settings_siteSeoFacebookImageId_fk` FOREIGN KEY (`siteSeoFacebookImageId`) REFERENCES `craft_assetfiles` (`id`) ON DELETE SET NULL,
	ADD CONSTRAINT `craft_seomatic_settings_siteSeoImageId_fk` FOREIGN KEY (`siteSeoImageId`) REFERENCES `craft_assetfiles` (`id`) ON DELETE SET NULL,
	ADD CONSTRAINT `craft_seomatic_settings_siteSeoTwitterImageId_fk` FOREIGN KEY (`siteSeoTwitterImageId`) REFERENCES `craft_assetfiles` (`id`) ON DELETE SET NULL;

--
-- Constraints for table `craft_sessions`
--
ALTER TABLE `craft_sessions`
	ADD CONSTRAINT `craft_sessions_userId_fk` FOREIGN KEY (`userId`) REFERENCES `craft_users` (`id`) ON DELETE CASCADE;

--
-- Constraints for table `craft_shunnedmessages`
--
ALTER TABLE `craft_shunnedmessages`
	ADD CONSTRAINT `craft_shunnedmessages_userId_fk` FOREIGN KEY (`userId`) REFERENCES `craft_users` (`id`) ON DELETE CASCADE;

--
-- Constraints for table `craft_structureelements`
--
ALTER TABLE `craft_structureelements`
	ADD CONSTRAINT `craft_structureelements_elementId_fk` FOREIGN KEY (`elementId`) REFERENCES `craft_elements` (`id`) ON DELETE CASCADE,
	ADD CONSTRAINT `craft_structureelements_structureId_fk` FOREIGN KEY (`structureId`) REFERENCES `craft_structures` (`id`) ON DELETE CASCADE;

--
-- Constraints for table `craft_taggroups`
--
ALTER TABLE `craft_taggroups`
	ADD CONSTRAINT `craft_taggroups_fieldLayoutId_fk` FOREIGN KEY (`fieldLayoutId`) REFERENCES `craft_fieldlayouts` (`id`) ON DELETE SET NULL;

--
-- Constraints for table `craft_tags`
--
ALTER TABLE `craft_tags`
	ADD CONSTRAINT `craft_tags_groupId_fk` FOREIGN KEY (`groupId`) REFERENCES `craft_taggroups` (`id`) ON DELETE CASCADE,
	ADD CONSTRAINT `craft_tags_id_fk` FOREIGN KEY (`id`) REFERENCES `craft_elements` (`id`) ON DELETE CASCADE;

--
-- Constraints for table `craft_templatecachecriteria`
--
ALTER TABLE `craft_templatecachecriteria`
	ADD CONSTRAINT `craft_templatecachecriteria_cacheId_fk` FOREIGN KEY (`cacheId`) REFERENCES `craft_templatecaches` (`id`) ON DELETE CASCADE;

--
-- Constraints for table `craft_templatecacheelements`
--
ALTER TABLE `craft_templatecacheelements`
	ADD CONSTRAINT `craft_templatecacheelements_cacheId_fk` FOREIGN KEY (`cacheId`) REFERENCES `craft_templatecaches` (`id`) ON DELETE CASCADE,
	ADD CONSTRAINT `craft_templatecacheelements_elementId_fk` FOREIGN KEY (`elementId`) REFERENCES `craft_elements` (`id`) ON DELETE CASCADE;

--
-- Constraints for table `craft_templatecaches`
--
ALTER TABLE `craft_templatecaches`
	ADD CONSTRAINT `craft_templatecaches_locale_fk` FOREIGN KEY (`locale`) REFERENCES `craft_locales` (`locale`) ON DELETE CASCADE ON UPDATE CASCADE;

--
-- Constraints for table `craft_usergroups_users`
--
ALTER TABLE `craft_usergroups_users`
	ADD CONSTRAINT `craft_usergroups_users_groupId_fk` FOREIGN KEY (`groupId`) REFERENCES `craft_usergroups` (`id`) ON DELETE CASCADE,
	ADD CONSTRAINT `craft_usergroups_users_userId_fk` FOREIGN KEY (`userId`) REFERENCES `craft_users` (`id`) ON DELETE CASCADE;

--
-- Constraints for table `craft_userpermissions_usergroups`
--
ALTER TABLE `craft_userpermissions_usergroups`
	ADD CONSTRAINT `craft_userpermissions_usergroups_groupId_fk` FOREIGN KEY (`groupId`) REFERENCES `craft_usergroups` (`id`) ON DELETE CASCADE,
	ADD CONSTRAINT `craft_userpermissions_usergroups_permissionId_fk` FOREIGN KEY (`permissionId`) REFERENCES `craft_userpermissions` (`id`) ON DELETE CASCADE;

--
-- Constraints for table `craft_userpermissions_users`
--
ALTER TABLE `craft_userpermissions_users`
	ADD CONSTRAINT `craft_userpermissions_users_permissionId_fk` FOREIGN KEY (`permissionId`) REFERENCES `craft_userpermissions` (`id`) ON DELETE CASCADE,
	ADD CONSTRAINT `craft_userpermissions_users_userId_fk` FOREIGN KEY (`userId`) REFERENCES `craft_users` (`id`) ON DELETE CASCADE;

--
-- Constraints for table `craft_users`
--
ALTER TABLE `craft_users`
	ADD CONSTRAINT `craft_users_id_fk` FOREIGN KEY (`id`) REFERENCES `craft_elements` (`id`) ON DELETE CASCADE,
	ADD CONSTRAINT `craft_users_preferredLocale_fk` FOREIGN KEY (`preferredLocale`) REFERENCES `craft_locales` (`locale`) ON DELETE SET NULL ON UPDATE CASCADE;

--
-- Constraints for table `craft_widgets`
--
ALTER TABLE `craft_widgets`
	ADD CONSTRAINT `craft_widgets_userId_fk` FOREIGN KEY (`userId`) REFERENCES `craft_users` (`id`) ON DELETE CASCADE;

SET FOREIGN_KEY_CHECKS = 1;
