-- Generated by Craft v2.6.2993 on Oct 26, 2017, 3:32:07 PM.

--
-- Disable foreign key checks and autocommit.
--

SET FOREIGN_KEY_CHECKS = 0;
SET SQL_MODE = "NO_AUTO_VALUE_ON_ZERO";
SET AUTOCOMMIT = 0;
SET NAMES utf8;


DROP TABLE IF EXISTS `craft_assetfiles`;


--
-- Schema for table `craft_assetfiles`
--
CREATE TABLE `craft_assetfiles` (
  `id` int(11) NOT NULL,
  `sourceId` int(11) DEFAULT NULL,
  `folderId` int(11) NOT NULL,
  `filename` varchar(255) COLLATE utf8_unicode_ci NOT NULL,
  `kind` varchar(50) COLLATE utf8_unicode_ci NOT NULL DEFAULT 'unknown',
  `width` int(11) unsigned DEFAULT NULL,
  `height` int(11) unsigned DEFAULT NULL,
  `size` bigint(20) unsigned DEFAULT NULL,
  `dateModified` datetime DEFAULT NULL,
  `dateCreated` datetime NOT NULL,
  `dateUpdated` datetime NOT NULL,
  `uid` char(36) COLLATE utf8_unicode_ci NOT NULL DEFAULT '0',
  PRIMARY KEY (`id`),
  UNIQUE KEY `craft_assetfiles_filename_folderId_unq_idx` (`filename`,`folderId`),
  KEY `craft_assetfiles_sourceId_fk` (`sourceId`),
  KEY `craft_assetfiles_folderId_fk` (`folderId`)
) ENGINE=InnoDB DEFAULT CHARSET=utf8 COLLATE=utf8_unicode_ci;

--
-- Data for table `craft_assetfiles`
--

INSERT INTO `craft_assetfiles` (`id`, `sourceId`, `folderId`, `filename`, `kind`, `width`, `height`, `size`, `dateModified`, `dateCreated`, `dateUpdated`, `uid`) VALUES
 ('8', '1', '1', 'belay-bg.jpg', 'image', '1413', '644', '55903', '2017-09-07 14:48:53', '2017-09-07 05:14:27', '2017-09-07 14:50:20', 'bb7d83f2-dc62-46a4-849c-8c1bbdba9db0'),
 ('12', '1', '1', 'belay4.jpeg', 'image', '2778', '1807', '141665', '2017-09-07 14:48:53', '2017-09-07 05:15:09', '2017-09-07 14:50:20', 'cc38b267-3f0b-49cf-936c-95e77d2bb8d4'),
 ('13', '1', '1', 'belay6.jpeg', 'image', '2778', '1810', '194415', '2017-09-07 14:48:53', '2017-09-07 05:15:09', '2017-09-07 14:50:20', '3466e2b9-273e-4f1b-9c0e-ac99b4d4a92b'),
 ('14', '1', '1', 'belay7.jpeg', 'image', '2780', '1812', '197030', '2017-09-07 14:48:53', '2017-09-07 05:15:09', '2017-09-07 14:50:20', '1806d1f5-385d-43dd-8303-3b846df6a823'),
 ('22', '1', '1', 'case-study-akada.jpg', 'image', '1413', '644', '267934', '2017-09-07 05:34:51', '2017-09-07 05:34:51', '2017-09-07 14:50:20', '86a7d742-f3e2-401e-9ef2-b1cb73d57eae'),
 ('23', '1', '1', 'Screenshot-2016-07-26-23.02.02.png', 'image', '2560', '1710', '91364', '2017-09-07 05:35:23', '2017-09-07 05:35:23', '2017-09-07 14:50:19', 'd96a232a-a49e-4928-affc-18db54ad8f90'),
 ('24', '1', '1', 'Screenshot-2016-10-05-12.49.25.png', 'image', '2784', '1810', '90933', '2017-09-07 05:35:27', '2017-09-07 05:35:27', '2017-09-07 14:50:20', '503a5a44-416b-435b-8637-35205a8aed7d'),
 ('29', '1', '1', 'screen1024x1024.jpeg', 'image', '750', '563', '66029', '2017-09-07 05:40:02', '2017-09-07 05:40:02', '2017-09-07 14:50:20', '87da17c1-c4fb-454b-ace9-0e9257f1e909'),
 ('30', '1', '1', 'case-study-home-depot.jpg', 'image', '1413', '644', '390722', '2017-09-07 05:40:16', '2017-09-07 05:40:16', '2017-09-07 14:50:20', 'bac488ea-8d91-4590-8215-7612df7093d0'),
 ('31', '1', '1', 'case-study-tempur-pedic.jpg', 'image', '1413', '644', '656833', '2017-09-07 05:40:16', '2017-09-07 05:40:16', '2017-09-07 14:50:20', '6c0d764c-289d-4aad-aadd-91c81b18867f'),
 ('36', '1', '1', 'tempurpedic.jpg', 'image', '1480', '850', '54221', '2017-09-07 05:43:44', '2017-09-07 05:43:44', '2017-09-07 14:50:20', '72d5f2a3-1fd0-4238-b396-0898eadf3b0a'),
 ('41', '1', '1', 'belay7-4b66f9.jpeg', 'image', '2780', '1812', '197030', '2017-09-07 14:48:53', '2017-09-07 14:50:20', '2017-09-07 14:50:20', '436a4265-ccf6-4bac-947d-afd349118a3e'),
 ('42', '1', '1', 'white-logo-belay.png', 'image', '184', '91', '4085', '2017-09-07 14:48:53', '2017-09-07 14:50:20', '2017-09-07 14:50:20', '411b7de4-fd09-40e6-baad-4f8ded015108'),
 ('45', '1', '1', 'Akada-Software-1.jpg', 'image', '1440', '900', '78976', '2017-09-07 21:54:36', '2017-09-07 21:54:36', '2017-09-07 21:54:36', '90472162-7961-4cdf-b8b4-57e2befe1c7d'),
 ('46', '1', '1', 'Akada-Software-2.jpg', 'image', '1440', '900', '49068', '2017-09-07 21:54:36', '2017-09-07 21:54:36', '2017-09-07 21:54:36', '60b533fc-a95c-4079-b2ab-9f03e94ece39'),
 ('47', '1', '1', 'Akada-Software.jpg', 'image', '1440', '900', '46500', '2017-09-07 21:54:36', '2017-09-07 21:54:36', '2017-09-07 21:54:36', 'ab70fcfc-3225-41ac-ac1b-52a7c7612721'),
 ('48', '1', '1', 'Features-–-Akada-Software-1.jpg', 'image', '1440', '900', '91996', '2017-09-07 21:54:36', '2017-09-07 21:54:36', '2017-09-07 21:54:36', 'a3e13108-7074-4d62-a6b7-52ccce8674a3'),
 ('49', '1', '1', 'Features-–-Akada-Software.jpg', 'image', '1440', '900', '85429', '2017-09-07 21:54:36', '2017-09-07 21:54:36', '2017-09-07 21:54:36', 'c83c951a-f95d-4e84-a54e-fa408a13404f'),
 ('50', '1', '1', 'Pricing-–-Akada-Software.jpg', 'image', '1440', '900', '54270', '2017-09-07 21:54:36', '2017-09-07 21:54:37', '2017-09-07 21:54:37', '75cab5c3-0baf-44fd-9070-e59582910e83'),
 ('51', '1', '1', 'BELAY-Climb-Higher-With-Your-Virtual-Workforce-1.jpg', 'image', '1440', '900', '76123', '2017-09-07 21:54:37', '2017-09-07 21:54:37', '2017-09-07 21:54:37', 'd6904657-bf15-4e29-9b64-0ec6ae11907c'),
 ('52', '1', '1', 'BELAY-Climb-Higher-With-Your-Virtual-Workforce.jpg', 'image', '1440', '900', '102166', '2017-09-07 21:54:37', '2017-09-07 21:54:37', '2017-09-07 21:54:37', '885daea1-d6a3-4618-9faa-0db792693b6b'),
 ('53', '1', '1', 'Products-Archive-BELAY.jpg', 'image', '1440', '900', '101614', '2017-09-07 21:54:37', '2017-09-07 21:54:37', '2017-09-07 21:54:37', '1be8c9ff-7630-4675-8f42-b4f684ba0c68'),
 ('54', '1', '1', 'Virtual-Assistant-Services-by-BELAY-Climb-Higher.jpg', 'image', '1440', '900', '107294', '2017-09-07 21:54:37', '2017-09-07 21:54:37', '2017-09-07 21:54:37', '5d820d1a-4261-4130-a6b9-72d938a54a5f'),
 ('55', '1', '1', 'Screenshot-2017-09-07-14.36.56.png', 'image', '1440', '800', '1049722', '2017-09-07 22:05:13', '2017-09-07 22:05:13', '2017-09-07 22:05:13', 'bade9fbf-7810-41d6-a569-6ba0257f5980'),
 ('56', '1', '1', 'Screenshot-2017-09-07-14.36.09.png', 'image', '1440', '800', '1103030', '2017-09-07 22:05:14', '2017-09-07 22:05:14', '2017-09-07 22:05:14', 'e12af80d-3571-4731-8cc2-fa06da4f89e1'),
 ('57', '1', '1', 'Screenshot-2017-09-07-14.35.34.png', 'image', '1440', '800', '941083', '2017-09-07 22:05:15', '2017-09-07 22:05:15', '2017-09-07 22:05:15', '8e6ca4e6-5de4-4ae7-9cb2-5fb9644d1bcc'),
 ('58', '1', '1', 'Screenshot-2017-09-07-14.35.00.png', 'image', '1440', '810', '1359073', '2017-09-07 22:05:18', '2017-09-07 22:05:18', '2017-09-07 22:05:18', 'ac02c879-c7f7-4eaa-bc87-235a326b0f5a');



DROP TABLE IF EXISTS `craft_assetfolders`;


--
-- Schema for table `craft_assetfolders`
--
CREATE TABLE `craft_assetfolders` (
  `id` int(11) NOT NULL AUTO_INCREMENT,
  `parentId` int(11) DEFAULT NULL,
  `sourceId` int(11) DEFAULT NULL,
  `name` varchar(255) COLLATE utf8_unicode_ci NOT NULL,
  `path` varchar(255) COLLATE utf8_unicode_ci DEFAULT NULL,
  `dateCreated` datetime NOT NULL,
  `dateUpdated` datetime NOT NULL,
  `uid` char(36) COLLATE utf8_unicode_ci NOT NULL DEFAULT '0',
  PRIMARY KEY (`id`),
  UNIQUE KEY `craft_assetfolders_name_parentId_sourceId_unq_idx` (`name`,`parentId`,`sourceId`),
  KEY `craft_assetfolders_parentId_fk` (`parentId`),
  KEY `craft_assetfolders_sourceId_fk` (`sourceId`)
) ENGINE=InnoDB AUTO_INCREMENT=2 DEFAULT CHARSET=utf8 COLLATE=utf8_unicode_ci;

--
-- Data for table `craft_assetfolders`
--

INSERT INTO `craft_assetfolders` (`id`, `parentId`, `sourceId`, `name`, `path`, `dateCreated`, `dateUpdated`, `uid`) VALUES
 ('1', NULL, '1', 'assets', '', '2017-09-06 23:46:16', '2017-09-06 23:46:16', '5b7cd283-4c61-43c5-be78-b1fcd33556f9');



DROP TABLE IF EXISTS `craft_assetindexdata`;


--
-- Schema for table `craft_assetindexdata`
--
CREATE TABLE `craft_assetindexdata` (
  `id` int(11) NOT NULL AUTO_INCREMENT,
  `sessionId` varchar(36) COLLATE utf8_unicode_ci NOT NULL DEFAULT '',
  `sourceId` int(10) NOT NULL,
  `offset` int(10) NOT NULL,
  `uri` varchar(255) COLLATE utf8_unicode_ci DEFAULT NULL,
  `size` varchar(255) COLLATE utf8_unicode_ci DEFAULT NULL,
  `recordId` int(10) DEFAULT NULL,
  `dateCreated` datetime NOT NULL,
  `dateUpdated` datetime NOT NULL,
  `uid` char(36) COLLATE utf8_unicode_ci NOT NULL DEFAULT '0',
  PRIMARY KEY (`id`),
  UNIQUE KEY `craft_assetindexdata_sessionId_sourceId_offset_unq_idx` (`sessionId`,`sourceId`,`offset`),
  KEY `craft_assetindexdata_sourceId_fk` (`sourceId`)
) ENGINE=InnoDB AUTO_INCREMENT=14 DEFAULT CHARSET=utf8 COLLATE=utf8_unicode_ci;

DROP TABLE IF EXISTS `craft_assetsources`;


--
-- Schema for table `craft_assetsources`
--
CREATE TABLE `craft_assetsources` (
  `id` int(11) NOT NULL AUTO_INCREMENT,
  `name` varchar(255) COLLATE utf8_unicode_ci NOT NULL,
  `handle` varchar(255) COLLATE utf8_unicode_ci NOT NULL,
  `type` varchar(150) COLLATE utf8_unicode_ci NOT NULL,
  `settings` text COLLATE utf8_unicode_ci,
  `sortOrder` smallint(6) unsigned DEFAULT NULL,
  `fieldLayoutId` int(10) DEFAULT NULL,
  `dateCreated` datetime NOT NULL,
  `dateUpdated` datetime NOT NULL,
  `uid` char(36) COLLATE utf8_unicode_ci NOT NULL DEFAULT '0',
  PRIMARY KEY (`id`),
  UNIQUE KEY `craft_assetsources_name_unq_idx` (`name`),
  UNIQUE KEY `craft_assetsources_handle_unq_idx` (`handle`),
  KEY `craft_assetsources_fieldLayoutId_fk` (`fieldLayoutId`)
) ENGINE=InnoDB AUTO_INCREMENT=2 DEFAULT CHARSET=utf8 COLLATE=utf8_unicode_ci;

--
-- Data for table `craft_assetsources`
--

INSERT INTO `craft_assetsources` (`id`, `name`, `handle`, `type`, `settings`, `sortOrder`, `fieldLayoutId`, `dateCreated`, `dateUpdated`, `uid`) VALUES
 ('1', 'assets', 'assets', 'Local', '{\"path\":\"assets\\/uploads\\/\",\"publicURLs\":\"1\",\"url\":\"https:\\/\\/hallandall.com\\/assets\\/uploads\\/\"}', '1', '26', '2017-09-06 23:46:16', '2017-09-07 14:48:12', 'b261ec6e-6a04-4a27-97af-5f2080d96ca0');



DROP TABLE IF EXISTS `craft_assettransformindex`;


--
-- Schema for table `craft_assettransformindex`
--
CREATE TABLE `craft_assettransformindex` (
  `id` int(11) NOT NULL AUTO_INCREMENT,
  `fileId` int(11) NOT NULL,
  `filename` varchar(255) COLLATE utf8_unicode_ci DEFAULT NULL,
  `format` varchar(255) COLLATE utf8_unicode_ci DEFAULT NULL,
  `location` varchar(255) COLLATE utf8_unicode_ci NOT NULL,
  `sourceId` int(11) DEFAULT NULL,
  `fileExists` tinyint(1) DEFAULT NULL,
  `inProgress` tinyint(1) DEFAULT NULL,
  `dateIndexed` datetime DEFAULT NULL,
  `dateCreated` datetime NOT NULL,
  `dateUpdated` datetime NOT NULL,
  `uid` char(36) COLLATE utf8_unicode_ci NOT NULL DEFAULT '0',
  PRIMARY KEY (`id`),
  KEY `craft_assettransformindex_sourceId_fileId_location_idx` (`sourceId`,`fileId`,`location`)
) ENGINE=InnoDB DEFAULT CHARSET=utf8 COLLATE=utf8_unicode_ci;

DROP TABLE IF EXISTS `craft_assettransforms`;


--
-- Schema for table `craft_assettransforms`
--
CREATE TABLE `craft_assettransforms` (
  `id` int(11) NOT NULL AUTO_INCREMENT,
  `name` varchar(255) COLLATE utf8_unicode_ci NOT NULL,
  `handle` varchar(255) COLLATE utf8_unicode_ci NOT NULL,
  `mode` enum('stretch','fit','crop') COLLATE utf8_unicode_ci NOT NULL DEFAULT 'crop',
  `position` enum('top-left','top-center','top-right','center-left','center-center','center-right','bottom-left','bottom-center','bottom-right') COLLATE utf8_unicode_ci NOT NULL DEFAULT 'center-center',
  `height` int(10) DEFAULT NULL,
  `width` int(10) DEFAULT NULL,
  `format` varchar(255) COLLATE utf8_unicode_ci DEFAULT NULL,
  `quality` int(10) DEFAULT NULL,
  `dimensionChangeTime` datetime DEFAULT NULL,
  `dateCreated` datetime NOT NULL,
  `dateUpdated` datetime NOT NULL,
  `uid` char(36) COLLATE utf8_unicode_ci NOT NULL DEFAULT '0',
  PRIMARY KEY (`id`),
  UNIQUE KEY `craft_assettransforms_name_unq_idx` (`name`),
  UNIQUE KEY `craft_assettransforms_handle_unq_idx` (`handle`)
) ENGINE=InnoDB DEFAULT CHARSET=utf8 COLLATE=utf8_unicode_ci;

DROP TABLE IF EXISTS `craft_categories`;


--
-- Schema for table `craft_categories`
--
CREATE TABLE `craft_categories` (
  `id` int(11) NOT NULL,
  `groupId` int(11) NOT NULL,
  `dateCreated` datetime NOT NULL,
  `dateUpdated` datetime NOT NULL,
  `uid` char(36) COLLATE utf8_unicode_ci NOT NULL DEFAULT '0',
  PRIMARY KEY (`id`),
  KEY `craft_categories_groupId_fk` (`groupId`)
) ENGINE=InnoDB DEFAULT CHARSET=utf8 COLLATE=utf8_unicode_ci;

DROP TABLE IF EXISTS `craft_categorygroups`;


--
-- Schema for table `craft_categorygroups`
--
CREATE TABLE `craft_categorygroups` (
  `id` int(11) NOT NULL AUTO_INCREMENT,
  `structureId` int(11) NOT NULL,
  `fieldLayoutId` int(11) DEFAULT NULL,
  `name` varchar(255) COLLATE utf8_unicode_ci NOT NULL,
  `handle` varchar(255) COLLATE utf8_unicode_ci NOT NULL,
  `hasUrls` tinyint(1) unsigned NOT NULL DEFAULT '1',
  `template` varchar(500) COLLATE utf8_unicode_ci DEFAULT NULL,
  `dateCreated` datetime NOT NULL,
  `dateUpdated` datetime NOT NULL,
  `uid` char(36) COLLATE utf8_unicode_ci NOT NULL DEFAULT '0',
  PRIMARY KEY (`id`),
  UNIQUE KEY `craft_categorygroups_name_unq_idx` (`name`),
  UNIQUE KEY `craft_categorygroups_handle_unq_idx` (`handle`),
  KEY `craft_categorygroups_structureId_fk` (`structureId`),
  KEY `craft_categorygroups_fieldLayoutId_fk` (`fieldLayoutId`)
) ENGINE=InnoDB DEFAULT CHARSET=utf8 COLLATE=utf8_unicode_ci;

DROP TABLE IF EXISTS `craft_categorygroups_i18n`;


--
-- Schema for table `craft_categorygroups_i18n`
--
CREATE TABLE `craft_categorygroups_i18n` (
  `id` int(11) NOT NULL AUTO_INCREMENT,
  `groupId` int(11) NOT NULL,
  `locale` char(12) COLLATE utf8_unicode_ci NOT NULL,
  `urlFormat` text COLLATE utf8_unicode_ci,
  `nestedUrlFormat` text COLLATE utf8_unicode_ci,
  `dateCreated` datetime NOT NULL,
  `dateUpdated` datetime NOT NULL,
  `uid` char(36) COLLATE utf8_unicode_ci NOT NULL DEFAULT '0',
  PRIMARY KEY (`id`),
  UNIQUE KEY `craft_categorygroups_i18n_groupId_locale_unq_idx` (`groupId`,`locale`),
  KEY `craft_categorygroups_i18n_locale_fk` (`locale`)
) ENGINE=InnoDB DEFAULT CHARSET=utf8 COLLATE=utf8_unicode_ci;

DROP TABLE IF EXISTS `craft_content`;


--
-- Schema for table `craft_content`
--
CREATE TABLE `craft_content` (
  `id` int(11) NOT NULL AUTO_INCREMENT,
  `elementId` int(11) NOT NULL,
  `locale` char(12) COLLATE utf8_unicode_ci NOT NULL,
  `title` varchar(255) COLLATE utf8_unicode_ci DEFAULT NULL,
  `field_body` text COLLATE utf8_unicode_ci,
  `field_clientName` text COLLATE utf8_unicode_ci,
  `field_teaser` text COLLATE utf8_unicode_ci,
  `field_seo` text COLLATE utf8_unicode_ci,
  `field_bottomCopy` text COLLATE utf8_unicode_ci,
  `dateCreated` datetime NOT NULL,
  `dateUpdated` datetime NOT NULL,
  `uid` char(36) COLLATE utf8_unicode_ci NOT NULL DEFAULT '0',
  PRIMARY KEY (`id`),
  UNIQUE KEY `craft_content_elementId_locale_unq_idx` (`elementId`,`locale`),
  KEY `craft_content_title_idx` (`title`),
  KEY `craft_content_locale_fk` (`locale`)
) ENGINE=InnoDB AUTO_INCREMENT=59 DEFAULT CHARSET=utf8 COLLATE=utf8_unicode_ci;

--
-- Data for table `craft_content`
--

INSERT INTO `craft_content` (`id`, `elementId`, `locale`, `title`, `field_body`, `field_clientName`, `field_teaser`, `field_seo`, `field_bottomCopy`, `dateCreated`, `dateUpdated`, `uid`) VALUES
 ('1', '1', 'en_us', NULL, NULL, NULL, NULL, NULL, NULL, '2017-09-05 12:55:32', '2017-10-26 15:31:34', '09f60b65-f9ed-46b1-a0ea-49ceef325edb'),
 ('2', '2', 'en_us', 'Welcome to Craft-f9ma.frb.io!', '<p>   .</p>', NULL, NULL, NULL, NULL, '2017-09-05 12:55:34', '2017-09-05 13:05:14', '631dd305-c158-4efc-ad9e-598afedaae01'),
 ('3', '3', 'en_us', 'We just installed Craft!', '<p>Craft is the CMS that’s powering Craft-f9ma.frb.io. It’s beautiful, powerful, flexible, and easy-to-use, and it’s made by Pixel &amp; Tonic. We can’t wait to dive in and see what it’s capable of!</p><!--pagebreak--><p>This is even more captivating content, which you couldn’t see on the News index page because it was entered after a Page Break, and the News index template only likes to show the content on the first page.</p><p>Craft: a nice alternative to Word, if you’re making a website.</p>', NULL, NULL, NULL, NULL, '2017-09-05 12:55:34', '2017-09-05 12:55:34', 'f52b8e41-5dc9-4c5f-bb7d-1126ede88aea'),
 ('5', '5', 'en_us', NULL, NULL, NULL, '<p>Transforming five seperate successful companies into one cohesive brand digitally with my friends at <a href=\"http://huntandsaw.com/\">Hunt &amp; Saw</a>.</p>', NULL, NULL, '2017-09-06 23:47:49', '2017-09-07 05:15:23', 'e30c9ae0-b05b-4413-8598-9de5fbedfb1c'),
 ('6', '6', 'en_us', NULL, NULL, NULL, NULL, NULL, NULL, '2017-09-06 23:47:49', '2017-09-07 05:15:23', 'ca82aa9b-c64f-4206-a215-4122d36034e0'),
 ('8', '8', 'en_us', 'Belay Bg', NULL, NULL, NULL, NULL, NULL, '2017-09-07 05:14:27', '2017-09-07 14:50:20', '85418d4a-f06d-4232-9064-db0f6a36b074'),
 ('12', '12', 'en_us', 'Belay4', NULL, NULL, NULL, NULL, NULL, '2017-09-07 05:15:09', '2017-09-07 14:50:20', 'ce970e24-20bc-43fa-abba-91fcbafa2c55'),
 ('13', '13', 'en_us', 'Belay6', NULL, NULL, NULL, NULL, NULL, '2017-09-07 05:15:09', '2017-09-07 14:50:20', '944a105e-b8c1-4400-b0ac-14dc42ebdcc1'),
 ('14', '14', 'en_us', 'Belay7', NULL, NULL, NULL, NULL, NULL, '2017-09-07 05:15:09', '2017-09-07 14:50:20', '09f7f089-90c9-4495-b583-89fcd910bc0c'),
 ('15', '15', 'en_us', NULL, NULL, NULL, NULL, NULL, NULL, '2017-09-07 05:15:23', '2017-09-07 05:15:23', '83d23419-8bba-476b-a9ff-e974d3834867'),
 ('16', '16', 'en_us', 'Belay Solutions', '<p>When I started freelancing, my good friend <a href=\"https://dribbble.com/huntandsaw\">Michael van Tonder of Hunt &amp; Saw</a> was on a similar path and had a lead on an interesting challenge. Michael was in discussions with Bryan Miles from Miles AG, a company that had four subsidiaries that specialized in virtual staffing. If you need an assistant, webmaster, bookkeeper or copywriter and aren’t necessarily worried about where in the world they are, the Miles AG group can staff any of these roles for you.</p>\n<h3>The Need to Consolidate</h3>\n<p>The Miles AG group had reached a point where they had 5 different websites, each with it’s own branding and theme, all related to virtual workers but they all lacked a singular tie back to the parent company.</p>\n<p>Each of these websites had its own WordPress instance with their own blog posts, pages, and CTAs to join the company. As one could imagine, this ended up becoming quite a large undertaking with duplicate content and code across multiple WordPress installs.</p>\n<h3>Five Companies Become One</h3>\n<p>The leadership team met with Hunt &amp; Saw and went through the process of finding a single name that would be synonymous with their company’s values and offerings. After a few rounds of discussion and rewrites, the team decided on BELAY, and Michael went to work on creating the new brand.</p>\n<h3>The Build</h3>\n<p>Once the designs and UX/IA were finalized I got started working on the website. Time was of the essence with the site launch date and we had a lot of ground to cover. Michael was very supportive with answering any questions I had with the designs and how they would flow on the grid. If we still had trouble translating the design, he wouldn’t hesitate to give me a motion study. </p>', NULL, NULL, '{\"id\":null,\"enabled\":1,\"archived\":0,\"locale\":\"en_us\",\"localeEnabled\":1,\"slug\":null,\"uri\":null,\"dateCreated\":null,\"dateUpdated\":null,\"root\":null,\"lft\":null,\"rgt\":null,\"level\":null,\"searchScore\":null,\"elementId\":0,\"metaType\":\"template\",\"metaPath\":\"\",\"seoMainEntityCategory\":\"CreativeWork\",\"seoMainEntityOfPage\":\"WebPage\",\"seoTitle\":\"Belay Solutions\",\"seoDescription\":\"\",\"seoKeywords\":\"\",\"seoImageTransform\":\"\",\"seoFacebookImageTransform\":\"\",\"seoTwitterImageTransform\":\"\",\"twitterCardType\":\"\",\"openGraphType\":\"\",\"robots\":\"\",\"seoImageId\":\"\",\"seoTwitterImageId\":\"\",\"seoFacebookImageId\":\"\",\"seoTitleUnparsed\":\"Belay Solutions\",\"seoDescriptionUnparsed\":\"\",\"seoKeywordsUnparsed\":\"\",\"seoTitleSource\":\"field\",\"seoTitleSourceField\":\"title\",\"seoDescriptionSource\":\"custom\",\"seoDescriptionSourceField\":\"title\",\"seoKeywordsSource\":\"custom\",\"seoKeywordsSourceField\":\"title\",\"seoImageIdSource\":\"custom\",\"seoImageIdSourceField\":\"\",\"seoTwitterImageIdSource\":\"custom\",\"seoTwitterImageIdSourceField\":\"\",\"seoFacebookImageIdSource\":\"custom\",\"seoFacebookImageIdSourceField\":\"\",\"seoCommerceVariants\":null,\"__model__\":\"Craft\\\\Seomatic_MetaFieldModel\"}', '<h2>Iterative QA</h2>\n<p>In order to get my projects out in time I prefer to work with designers who are comfortable with iterating over the same page a few times in a quick fashion. Typically a response from my designer would have a lot of notes and arrows all over the place.</p>\n<p>Not everyone is well equipped to deal with feedback like this. Some developers could take this and it would be a huge point of stress and concern, but for me it helps keep a constant line of communication with my designer at all times.</p>\n<p>This wasn’t the only way we passed our findings back and forth. Aside from these visuals we also had a google spreadsheet full of screenshots and notes from the BELAY team, which really helped keep all of us on the same page for where we were during the project.</p>\n<h3>The Launch</h3>\n<p>Coming up towards the launch date we were lucky to have a handful of key stakeholders helping us QA the site. We made sure to have stand-ups every other day to communicate any issues we may see and increased that cadence to twice a day on the last week prior to launch. The beauty of this team is that they understood the importance of being flexible when it came down to making decisions on critical items that were needed for launch. I’m happy to say we were able to launch on the exact date we had aimed for with a smooth deployment.</p><p><br /></p><p><br /></p>\n<p><a href=\"https://belaysolutions.com/\">Check out BELAY solutions new website here.</a></p>', '2017-09-07 05:25:01', '2017-09-07 21:52:17', '2412c0d4-ea02-4304-bfe0-318e2c27da91'),
 ('17', '17', 'en_us', NULL, NULL, '', NULL, NULL, NULL, '2017-09-07 05:25:01', '2017-09-07 21:52:16', '745c8368-aca2-4058-b4ce-ef63caa9104b'),
 ('18', '18', 'en_us', NULL, NULL, NULL, '<p>Transforming five seperate successful companies into one cohesive brand digitally with my friends at <a href=\"http://huntandsaw.com/\">Hunt &amp; Saw</a>.</p>', NULL, NULL, '2017-09-07 05:25:01', '2017-09-07 21:52:16', 'b4af2c83-08b3-48ab-a26d-303add70c3c1'),
 ('19', '19', 'en_us', NULL, NULL, NULL, NULL, NULL, NULL, '2017-09-07 05:25:01', '2017-09-07 21:52:16', 'e3c50fb2-eff2-4ca2-9736-5fdde562a3db'),
 ('20', '20', 'en_us', NULL, NULL, NULL, NULL, NULL, NULL, '2017-09-07 05:25:02', '2017-09-07 21:52:16', '0155be08-03d7-4a9f-bb19-745e514a9f91'),
 ('21', '21', 'en_us', NULL, NULL, NULL, NULL, NULL, NULL, '2017-09-07 05:25:02', '2017-09-07 21:52:17', '69e250cd-a324-46a7-8e46-65434420792a'),
 ('22', '22', 'en_us', 'Case Study Akada', NULL, NULL, NULL, NULL, NULL, '2017-09-07 05:34:51', '2017-09-07 14:50:20', '5edf199f-3cf8-4839-9938-5b5e93ed1ec8'),
 ('23', '23', 'en_us', 'Screenshot 2016 07 26 23 02 02', NULL, NULL, NULL, NULL, NULL, '2017-09-07 05:35:23', '2017-09-07 14:50:19', 'e3253855-3fee-47b0-b8bd-63de2340f9b2'),
 ('24', '24', 'en_us', 'Screenshot 2016 10 05 12 49 25', NULL, NULL, NULL, NULL, NULL, '2017-09-07 05:35:27', '2017-09-07 14:50:19', '8b2df94a-1214-4bd2-bd9d-ecbb4a1aa643'),
 ('25', '25', 'en_us', 'Akada Software', '<p>Akada Software was in need of an updating. They approached Son&amp;Sons for new branding and a new take on their website. After getting a beautiful new Brand treatment, Son&amp;Sons reached out to me to meet with the team to see if I was available to tackle the job.</p>\n<p>After meeting with Son&amp;Sons and seeing the design I knew I had to take the job. They did an amazing job making the site feel alive and whimsical with their iconography.</p><p>I’ve always wanted to be able to play with SVG animations using scrolling and I felt like this was the perfect opportunity to do so. I felt like while the icons provided were fun and full of life, I could add a bit more to them.</p><p>I decided to use the ever popular greensock javascript library to help me with the SVG animations. I want to learn how to do the animations on my own however with the time constraint of this engagement I didn’t want to risk going over my time allotted, so greensock was the perfect choice. I have to say i\'m really happy with the outcome. </p>', NULL, NULL, '{\"id\":null,\"enabled\":1,\"archived\":0,\"locale\":\"en_us\",\"localeEnabled\":1,\"slug\":null,\"uri\":null,\"dateCreated\":null,\"dateUpdated\":null,\"root\":null,\"lft\":null,\"rgt\":null,\"level\":null,\"searchScore\":null,\"elementId\":0,\"metaType\":\"template\",\"metaPath\":\"\",\"seoMainEntityCategory\":\"CreativeWork\",\"seoMainEntityOfPage\":\"WebPage\",\"seoTitle\":\"Akada Software\",\"seoDescription\":\"\",\"seoKeywords\":\"\",\"seoImageTransform\":\"\",\"seoFacebookImageTransform\":\"\",\"seoTwitterImageTransform\":\"\",\"twitterCardType\":\"\",\"openGraphType\":\"\",\"robots\":\"\",\"seoImageId\":\"\",\"seoTwitterImageId\":\"\",\"seoFacebookImageId\":\"\",\"seoTitleUnparsed\":\"Akada Software\",\"seoDescriptionUnparsed\":\"\",\"seoKeywordsUnparsed\":\"\",\"seoTitleSource\":\"field\",\"seoTitleSourceField\":\"title\",\"seoDescriptionSource\":\"custom\",\"seoDescriptionSourceField\":\"title\",\"seoKeywordsSource\":\"custom\",\"seoKeywordsSourceField\":\"title\",\"seoImageIdSource\":\"custom\",\"seoImageIdSourceField\":\"\",\"seoTwitterImageIdSource\":\"custom\",\"seoTwitterImageIdSourceField\":\"\",\"seoFacebookImageIdSource\":\"custom\",\"seoFacebookImageIdSourceField\":\"\",\"seoCommerceVariants\":null,\"__model__\":\"Craft\\\\Seomatic_MetaFieldModel\"}', '<p>This was built on wordpress using the Sage Starter theme for wordpress and while it was my first time using it, I was able to really power through my workflow with it in a great and efficient manner, will definitely use this going forward for my Wordpress needs.</p><p>After having the site ready to go, the client and Son&amp;Sons couldn’t be happier with the work that was delivered. Definitely a huge win!</p>\n<p><a href=\"http://akadasoftware.com/\">Check out the site!</a></p>', '2017-09-07 05:35:36', '2017-09-07 22:16:40', '9a78f60a-5610-4580-9189-38e997d6b60f'),
 ('26', '26', 'en_us', NULL, NULL, NULL, '<p>SVG animations and bright colors make for a great rebrand project with my friends at <a href=\"//sonandsons.com\"></a><a href=\"//sonandsons.com\" target=\"_blank\" rel=\"noreferrer noopener\">Son &amp; Sons</a></p>', NULL, NULL, '2017-09-07 05:35:36', '2017-09-07 22:16:40', 'd7de6cc3-a1c1-4653-8faf-7909edf0f5af'),
 ('27', '27', 'en_us', NULL, NULL, NULL, NULL, NULL, NULL, '2017-09-07 05:35:36', '2017-09-07 22:16:40', '9f98499e-d836-497f-8902-8b0d76200bd7'),
 ('28', '28', 'en_us', NULL, NULL, NULL, NULL, NULL, NULL, '2017-09-07 05:35:36', '2017-09-07 22:16:40', 'ee7ab57d-1ecb-42a9-afa4-bf25f990b80b'),
 ('29', '29', 'en_us', 'Screen1024X1024', NULL, NULL, NULL, NULL, NULL, '2017-09-07 05:40:02', '2017-09-07 14:50:20', '73b959a1-1a8f-448c-b02a-5aa1e7883505'),
 ('30', '30', 'en_us', 'Case Study Home Depot', NULL, NULL, NULL, NULL, NULL, '2017-09-07 05:40:16', '2017-09-07 14:50:20', '0778ee32-df0a-4fa2-80a0-943f3c6dcdfc'),
 ('31', '31', 'en_us', 'Case Study Tempur Pedic', NULL, NULL, NULL, NULL, NULL, '2017-09-07 05:40:16', '2017-09-07 14:50:20', '5bac5285-8d35-4537-8592-79d66c4cb451'),
 ('32', '32', 'en_us', 'The Home Depot', '<p>The Home Depot partnered with MaxMedia to create a multi-channel experience giving a distinct point-of-view in the market of home décor while promoting a fun, engaging, and non-intimidating environment for users.</p><p>This was the first catalog styled app I got to work on. It was based off seasonal ideas so we were putting out an issue every 3 months or so. I was lucky enough to do all of the development for three of the seasons.</p><p>The first issue I developed was the fall style guide:</p>\n<p><a href=\"http://www.youtube.com/watch?v=-vOtRlYb32w\" title=\"Fall Guide\"><img src=\"http://img.youtube.com/vi/-vOtRlYb32w/0.jpg\" alt=\"Fall Guide\" /></a></p>\n<p>In the fall guide I was able to play with a lot of fun functionality such as in view Video as well as a lot of page build ups.</p><p>In the holiday style guide we got to play with a small amount of \"VR\" as well as hid some easter eggs. The video doesn\'t show it but in a specific view (the one where you can slide horizontally) if you shake the iPad, it would create a snow storm!</p><p>You can view all of the other features here:</p>\n<p>\n</p>\n<p><a href=\"http://www.youtube.com/watch?v=3o30p0hRhBw\" title=\"Holiday Guide\"><img src=\"http://img.youtube.com/vi/3o30p0hRhBw/0.jpg\" alt=\"Holiday Guide\" /></a></p>\n<p><br /></p>', NULL, NULL, '{\"id\":null,\"enabled\":1,\"archived\":0,\"locale\":\"en_us\",\"localeEnabled\":1,\"slug\":null,\"uri\":null,\"dateCreated\":null,\"dateUpdated\":null,\"root\":null,\"lft\":null,\"rgt\":null,\"level\":null,\"searchScore\":null,\"elementId\":0,\"metaType\":\"template\",\"metaPath\":\"\",\"seoMainEntityCategory\":\"CreativeWork\",\"seoMainEntityOfPage\":\"WebPage\",\"seoTitle\":\"The Home Depot\",\"seoDescription\":\"\",\"seoKeywords\":\"\",\"seoImageTransform\":\"\",\"seoFacebookImageTransform\":\"\",\"seoTwitterImageTransform\":\"\",\"twitterCardType\":\"\",\"openGraphType\":\"\",\"robots\":\"\",\"seoImageId\":\"\",\"seoTwitterImageId\":\"\",\"seoFacebookImageId\":\"\",\"seoTitleUnparsed\":\"The Home Depot\",\"seoDescriptionUnparsed\":\"\",\"seoKeywordsUnparsed\":\"\",\"seoTitleSource\":\"field\",\"seoTitleSourceField\":\"title\",\"seoDescriptionSource\":\"custom\",\"seoDescriptionSourceField\":\"title\",\"seoKeywordsSource\":\"custom\",\"seoKeywordsSourceField\":\"title\",\"seoImageIdSource\":\"custom\",\"seoImageIdSourceField\":\"\",\"seoTwitterImageIdSource\":\"custom\",\"seoTwitterImageIdSourceField\":\"\",\"seoFacebookImageIdSource\":\"custom\",\"seoFacebookImageIdSourceField\":\"\",\"seoCommerceVariants\":null,\"__model__\":\"Craft\\\\Seomatic_MetaFieldModel\"}', '<p>The final issue we produced was really fun. We added more of the VR aspect as well as added some 360 degree views of sheds. We added a different form of tiling views to help with loading of the app (as we added more imagery the size had began to bloat a bit which was another challenge we had to overcome).</p><p>You can view the spring guide here:</p>\n<p><a href=\"http://www.youtube.com/watch?v=BJICnZRNROs\" title=\"Spring Guide\"><img src=\"http://img.youtube.com/vi/BJICnZRNROs/0.jpg\" alt=\"Spring Guide\" style=\"vertical-align:middle;height:auto;\" /></a></p>', '2017-09-07 05:40:57', '2017-09-07 22:17:27', 'dbb7f076-858a-4cdf-ab0b-a2c9d41a49e9'),
 ('33', '33', 'en_us', NULL, NULL, NULL, '<p>Bringing style and interactivity to big orange with my friends at <a href=\"//maxmedia.com\" target=\"_blank\" rel=\"noreferrer noopener\">Maxmedia</a></p>', NULL, NULL, '2017-09-07 05:40:57', '2017-09-07 22:17:27', 'a6c16f23-cce2-4173-bf85-4598b893d157'),
 ('34', '34', 'en_us', NULL, NULL, NULL, NULL, NULL, NULL, '2017-09-07 05:40:57', '2017-09-07 22:17:27', 'e7c8eb44-eb1f-42de-a30e-43eb02720459'),
 ('35', '35', 'en_us', NULL, NULL, NULL, NULL, NULL, NULL, '2017-09-07 05:40:57', '2017-09-07 22:17:27', '6fd2b246-b382-4fed-98e6-df568c7d3bdf'),
 ('36', '36', 'en_us', 'Tempurpedic', NULL, NULL, NULL, NULL, NULL, '2017-09-07 05:43:44', '2017-09-07 14:50:20', 'c4408c05-da97-4712-a34f-495f3796f7f7'),
 ('37', '37', 'en_us', 'Tempur Pedic', '<p>After the success of the <a href=\"/projects/home-depot-style-guide/\"></a><a href=\"{entry:32:url}\">Style Guide</a> with MaxMedia, Tempur Pedic reached out to us in order to create a brochure type experience for potential buyers.</p><p>We ended up creating an app with video and animations that helped inform the user for buying the correct type of mattress as well as included video testimonials</p>', NULL, NULL, '{\"id\":null,\"enabled\":1,\"archived\":0,\"locale\":\"en_us\",\"localeEnabled\":1,\"slug\":null,\"uri\":null,\"dateCreated\":null,\"dateUpdated\":null,\"root\":null,\"lft\":null,\"rgt\":null,\"level\":null,\"searchScore\":null,\"elementId\":0,\"metaType\":\"template\",\"metaPath\":\"\",\"seoMainEntityCategory\":\"CreativeWork\",\"seoMainEntityOfPage\":\"WebPage\",\"seoTitle\":\"Tempur Pedic\",\"seoDescription\":\"\",\"seoKeywords\":\"\",\"seoImageTransform\":\"\",\"seoFacebookImageTransform\":\"\",\"seoTwitterImageTransform\":\"\",\"twitterCardType\":\"\",\"openGraphType\":\"\",\"robots\":\"\",\"seoImageId\":\"\",\"seoTwitterImageId\":\"\",\"seoFacebookImageId\":\"\",\"seoTitleUnparsed\":\"Tempur Pedic\",\"seoDescriptionUnparsed\":\"\",\"seoKeywordsUnparsed\":\"\",\"seoTitleSource\":\"field\",\"seoTitleSourceField\":\"title\",\"seoDescriptionSource\":\"custom\",\"seoDescriptionSourceField\":\"title\",\"seoKeywordsSource\":\"custom\",\"seoKeywordsSourceField\":\"title\",\"seoImageIdSource\":\"custom\",\"seoImageIdSourceField\":\"\",\"seoTwitterImageIdSource\":\"custom\",\"seoTwitterImageIdSourceField\":\"\",\"seoFacebookImageIdSource\":\"custom\",\"seoFacebookImageIdSourceField\":\"\",\"seoCommerceVariants\":null,\"__model__\":\"Craft\\\\Seomatic_MetaFieldModel\"}', '<p>Check out the promo video here:</p>\n<p>  <a href=\"http://www.youtube.com/watch?v=zEzUQ53t3IU\" title=\"Tempur Pedic\"><img src=\"http://img.youtube.com/vi/zEzUQ53t3IU/0.jpg\" alt=\"Tempur Pedic\" style=\"vertical-align:middle;height:auto;\" /></a></p>', '2017-09-07 05:44:49', '2017-09-07 22:17:49', '0288fb55-4ba0-4ada-8d9d-c22d2828eae3'),
 ('38', '38', 'en_us', NULL, NULL, NULL, '<p>Creating a fun informative brochure for a great matress brand with my friends at <a href=\"//maxmedia.com\" target=\"_blank\" rel=\"noreferrer noopener\">Maxmedia</a></p>', NULL, NULL, '2017-09-07 05:44:49', '2017-09-07 22:17:49', '6dd3150b-aee8-415b-a94f-6ca8567afee0'),
 ('39', '39', 'en_us', NULL, NULL, NULL, NULL, NULL, NULL, '2017-09-07 05:44:49', '2017-09-07 22:17:49', '608b53e8-1b4e-4f39-8109-067f9ba517ac'),
 ('40', '40', 'en_us', NULL, NULL, NULL, NULL, NULL, NULL, '2017-09-07 05:44:49', '2017-09-07 22:17:49', 'e79645d6-f307-4914-bdc9-9ac3170b790d'),
 ('41', '41', 'en_us', 'Belay7 4B66F9', NULL, NULL, NULL, NULL, NULL, '2017-09-07 14:50:20', '2017-09-07 14:50:20', '8f41aa61-5671-444b-af88-41e524749115'),
 ('42', '42', 'en_us', 'White Logo Belay', NULL, NULL, NULL, NULL, NULL, '2017-09-07 14:50:20', '2017-09-07 14:50:20', '70d7dd2d-9579-4680-983b-7bd2131a2d98'),
 ('43', '43', 'en_us', 'Work', NULL, NULL, NULL, NULL, NULL, '2017-09-07 21:40:04', '2017-09-07 21:40:04', '0994d97d-ab73-47ee-af78-833ae758f05a'),
 ('44', '44', 'en_us', 'About', NULL, NULL, NULL, NULL, NULL, '2017-09-07 21:40:11', '2017-09-07 21:40:11', 'f921179f-2fb5-4585-b0e7-87fbfb83626d'),
 ('45', '45', 'en_us', 'Akada Software 1', NULL, NULL, NULL, NULL, NULL, '2017-09-07 21:54:36', '2017-09-07 21:54:36', 'a7728247-9120-4ae0-addc-3cf348b1f9b9'),
 ('46', '46', 'en_us', 'Akada Software 2', NULL, NULL, NULL, NULL, NULL, '2017-09-07 21:54:36', '2017-09-07 21:54:36', '2b1921bf-a9eb-4992-b92a-faae910233ce'),
 ('47', '47', 'en_us', 'Akada Software', NULL, NULL, NULL, NULL, NULL, '2017-09-07 21:54:36', '2017-09-07 21:54:36', '007259fb-0962-4753-9393-e9df49c40a9e'),
 ('48', '48', 'en_us', 'Features – Akada Software 1', NULL, NULL, NULL, NULL, NULL, '2017-09-07 21:54:36', '2017-09-07 21:54:36', 'f728b2a0-19ed-48ee-b83d-109e9b7f0db6'),
 ('49', '49', 'en_us', 'Features – Akada Software', NULL, NULL, NULL, NULL, NULL, '2017-09-07 21:54:36', '2017-09-07 21:54:36', '710f67f9-5165-406e-9051-7d9d5c1b91e4'),
 ('50', '50', 'en_us', 'Pricing – Akada Software', NULL, NULL, NULL, NULL, NULL, '2017-09-07 21:54:36', '2017-09-07 21:54:36', '72ac65c2-cc71-4df0-88e9-2f13e68d59bd'),
 ('51', '51', 'en_us', 'Belay Climb Higher With Your Virtual Workforce 1', NULL, NULL, NULL, NULL, NULL, '2017-09-07 21:54:37', '2017-09-07 21:54:37', '8df52d48-727e-4479-b238-9841761f1563'),
 ('52', '52', 'en_us', 'Belay Climb Higher With Your Virtual Workforce', NULL, NULL, NULL, NULL, NULL, '2017-09-07 21:54:37', '2017-09-07 21:54:37', '3cf3ee3d-c4dd-49c6-8487-257021ac4d12'),
 ('53', '53', 'en_us', 'Products Archive Belay', NULL, NULL, NULL, NULL, NULL, '2017-09-07 21:54:37', '2017-09-07 21:54:37', 'd13f1974-9f70-40a5-9a0f-607d4ffcc573'),
 ('54', '54', 'en_us', 'Virtual Assistant Services By Belay Climb Higher', NULL, NULL, NULL, NULL, NULL, '2017-09-07 21:54:37', '2017-09-07 21:54:37', '5110533e-2dd3-4900-ae26-db19d5a56aa3'),
 ('55', '55', 'en_us', 'Screenshot 2017 09 07 14 36 56', NULL, NULL, NULL, NULL, NULL, '2017-09-07 22:05:13', '2017-09-07 22:05:13', '8a091d77-0d02-4cfc-8a46-b288f8494103'),
 ('56', '56', 'en_us', 'Screenshot 2017 09 07 14 36 09', NULL, NULL, NULL, NULL, NULL, '2017-09-07 22:05:14', '2017-09-07 22:05:14', '8e33a69f-8fef-44a9-825d-55618a6367b3'),
 ('57', '57', 'en_us', 'Screenshot 2017 09 07 14 35 34', NULL, NULL, NULL, NULL, NULL, '2017-09-07 22:05:15', '2017-09-07 22:05:15', 'c7798cd8-7035-476d-8196-92a65675cd7c'),
 ('58', '58', 'en_us', 'Screenshot 2017 09 07 14 35 00', NULL, NULL, NULL, NULL, NULL, '2017-09-07 22:05:18', '2017-09-07 22:05:18', '503a53cf-865b-4f67-b918-0688984a16b4');



DROP TABLE IF EXISTS `craft_deprecationerrors`;


--
-- Schema for table `craft_deprecationerrors`
--
CREATE TABLE `craft_deprecationerrors` (
  `id` int(11) NOT NULL AUTO_INCREMENT,
  `key` varchar(255) COLLATE utf8_unicode_ci NOT NULL,
  `fingerprint` varchar(255) COLLATE utf8_unicode_ci NOT NULL,
  `lastOccurrence` datetime NOT NULL,
  `file` varchar(255) COLLATE utf8_unicode_ci NOT NULL,
  `line` smallint(6) unsigned NOT NULL,
  `class` varchar(255) COLLATE utf8_unicode_ci DEFAULT NULL,
  `method` varchar(255) COLLATE utf8_unicode_ci DEFAULT NULL,
  `template` varchar(255) COLLATE utf8_unicode_ci DEFAULT NULL,
  `templateLine` smallint(6) unsigned DEFAULT NULL,
  `message` varchar(255) COLLATE utf8_unicode_ci DEFAULT NULL,
  `traces` text COLLATE utf8_unicode_ci,
  `dateCreated` datetime NOT NULL,
  `dateUpdated` datetime NOT NULL,
  `uid` char(36) COLLATE utf8_unicode_ci NOT NULL DEFAULT '0',
  PRIMARY KEY (`id`),
  UNIQUE KEY `craft_deprecationerrors_key_fingerprint_unq_idx` (`key`,`fingerprint`)
) ENGINE=InnoDB DEFAULT CHARSET=utf8 COLLATE=utf8_unicode_ci;

DROP TABLE IF EXISTS `craft_elementindexsettings`;


--
-- Schema for table `craft_elementindexsettings`
--
CREATE TABLE `craft_elementindexsettings` (
  `id` int(11) NOT NULL AUTO_INCREMENT,
  `type` varchar(150) COLLATE utf8_unicode_ci NOT NULL,
  `settings` text COLLATE utf8_unicode_ci,
  `dateCreated` datetime NOT NULL,
  `dateUpdated` datetime NOT NULL,
  `uid` char(36) COLLATE utf8_unicode_ci NOT NULL DEFAULT '0',
  PRIMARY KEY (`id`),
  UNIQUE KEY `craft_elementindexsettings_type_unq_idx` (`type`)
) ENGINE=InnoDB DEFAULT CHARSET=utf8 COLLATE=utf8_unicode_ci;

DROP TABLE IF EXISTS `craft_elements`;


--
-- Schema for table `craft_elements`
--
CREATE TABLE `craft_elements` (
  `id` int(11) NOT NULL AUTO_INCREMENT,
  `type` varchar(150) COLLATE utf8_unicode_ci NOT NULL,
  `enabled` tinyint(1) unsigned NOT NULL DEFAULT '1',
  `archived` tinyint(1) unsigned NOT NULL DEFAULT '0',
  `dateCreated` datetime NOT NULL,
  `dateUpdated` datetime NOT NULL,
  `uid` char(36) COLLATE utf8_unicode_ci NOT NULL DEFAULT '0',
  PRIMARY KEY (`id`),
  KEY `craft_elements_type_idx` (`type`),
  KEY `craft_elements_enabled_idx` (`enabled`),
  KEY `craft_elements_archived_dateCreated_idx` (`archived`,`dateCreated`)
) ENGINE=InnoDB AUTO_INCREMENT=59 DEFAULT CHARSET=utf8 COLLATE=utf8_unicode_ci;

--
-- Data for table `craft_elements`
--

INSERT INTO `craft_elements` (`id`, `type`, `enabled`, `archived`, `dateCreated`, `dateUpdated`, `uid`) VALUES
 ('1', 'User', '1', '0', '2017-09-05 12:55:32', '2017-10-26 15:31:34', '4d5ea46b-fea0-4b1c-bd0e-ba5b62add134'),
 ('2', 'Entry', '1', '0', '2017-09-05 12:55:34', '2017-09-05 13:05:14', '2aa88720-c70f-47b3-8397-592b27527a18'),
 ('3', 'Entry', '1', '0', '2017-09-05 12:55:34', '2017-09-05 12:55:34', '51b1e786-541f-4c3b-a501-4c4e91c1f863'),
 ('5', 'Neo_Block', '1', '0', '2017-09-06 23:47:49', '2017-09-07 05:15:23', '1c665278-f571-49d2-b3ef-be21d6bd6ec5'),
 ('6', 'Neo_Block', '1', '0', '2017-09-06 23:47:49', '2017-09-07 05:15:23', 'fd9ae312-2eb0-4e57-a17e-5861db7d09cd'),
 ('8', 'Asset', '1', '0', '2017-09-07 05:14:27', '2017-09-07 14:50:20', 'ad63ae41-a7c4-47d5-8088-89cbad366119'),
 ('12', 'Asset', '1', '0', '2017-09-07 05:15:09', '2017-09-07 14:50:20', 'b2c2e724-43cb-48fc-865e-304c18e8b875'),
 ('13', 'Asset', '1', '0', '2017-09-07 05:15:09', '2017-09-07 14:50:20', 'c2628d40-96da-4782-bf85-c4f54d7d49c3'),
 ('14', 'Asset', '1', '0', '2017-09-07 05:15:09', '2017-09-07 14:50:20', '113e7425-d5c4-4457-bd31-a4323a8155d0'),
 ('15', 'Neo_Block', '1', '0', '2017-09-07 05:15:23', '2017-09-07 05:15:23', '77ce233f-3516-47ba-bca4-6ce152454688'),
 ('16', 'Entry', '1', '0', '2017-09-07 05:25:01', '2017-09-07 21:52:16', '206ced30-430d-4c6b-b905-7cf83b88ce50'),
 ('17', 'Neo_Block', '1', '0', '2017-09-07 05:25:01', '2017-09-07 21:52:16', 'e3504798-5354-4010-ba1c-14e308025253'),
 ('18', 'Neo_Block', '1', '0', '2017-09-07 05:25:01', '2017-09-07 21:52:16', 'd2511fd9-96ec-41e2-8bac-ea2e9a018344'),
 ('19', 'Neo_Block', '1', '0', '2017-09-07 05:25:01', '2017-09-07 21:52:16', '78475f42-ac94-40ea-9b5c-4da47b9ae916'),
 ('20', 'Neo_Block', '1', '0', '2017-09-07 05:25:02', '2017-09-07 21:52:16', '30b58b1c-a8c8-46c6-ba97-eebf25a095b8'),
 ('21', 'Neo_Block', '1', '0', '2017-09-07 05:25:02', '2017-09-07 21:52:17', '7c76a697-d87e-4a5d-8ff4-fe43d3c88293'),
 ('22', 'Asset', '1', '0', '2017-09-07 05:34:51', '2017-09-07 14:50:20', '8e9305a9-e850-4d39-b2bd-a7675016e6b0'),
 ('23', 'Asset', '1', '0', '2017-09-07 05:35:23', '2017-09-07 14:50:19', '1c092a2b-d215-4348-b4c5-11e19ebebbc1'),
 ('24', 'Asset', '1', '0', '2017-09-07 05:35:27', '2017-09-07 14:50:19', 'c5f6f75d-6e35-4cbc-8fc8-a353422e02e1'),
 ('25', 'Entry', '1', '0', '2017-09-07 05:35:36', '2017-09-07 22:16:39', 'f815447a-a378-4f7d-ba34-4b3641293eac'),
 ('26', 'Neo_Block', '1', '0', '2017-09-07 05:35:36', '2017-09-07 22:16:40', '02fc57ba-252e-4805-bf4b-42d77ee168bf'),
 ('27', 'Neo_Block', '1', '0', '2017-09-07 05:35:36', '2017-09-07 22:16:40', 'b678fab5-afb0-45f8-8391-6dad7c0b2c15'),
 ('28', 'Neo_Block', '1', '0', '2017-09-07 05:35:36', '2017-09-07 22:16:40', '497f94c9-6a70-4338-ac58-740c344e96ed'),
 ('29', 'Asset', '1', '0', '2017-09-07 05:40:02', '2017-09-07 14:50:20', 'c24e8231-cd03-4a39-b4b0-11ea12cac5b9'),
 ('30', 'Asset', '1', '0', '2017-09-07 05:40:16', '2017-09-07 14:50:20', 'b59d3624-1e1d-4f10-b2aa-73ea1bc4b8fd'),
 ('31', 'Asset', '1', '0', '2017-09-07 05:40:16', '2017-09-07 14:50:20', '894647d4-42a0-4d6c-9ee7-514bfb491ca7'),
 ('32', 'Entry', '1', '0', '2017-09-07 05:40:57', '2017-09-07 22:17:27', '755f6bbd-9263-4021-89ca-dd6e67f8991e'),
 ('33', 'Neo_Block', '1', '0', '2017-09-07 05:40:57', '2017-09-07 22:17:27', '68b73e7a-1033-4091-9a52-7b171a2a88dc'),
 ('34', 'Neo_Block', '1', '0', '2017-09-07 05:40:57', '2017-09-07 22:17:27', '229b5671-87e9-4ea2-a874-6fbf131d8c75'),
 ('35', 'Neo_Block', '1', '0', '2017-09-07 05:40:57', '2017-09-07 22:17:27', 'bcd55e5d-0764-47c8-bc00-16f1fc14fc5e'),
 ('36', 'Asset', '1', '0', '2017-09-07 05:43:44', '2017-09-07 14:50:20', '66ec43b5-7cae-4415-a823-b2c5ce45ab55'),
 ('37', 'Entry', '1', '0', '2017-09-07 05:44:49', '2017-09-07 22:17:49', 'c040f757-8bbc-44ac-95f8-667435eb755c'),
 ('38', 'Neo_Block', '1', '0', '2017-09-07 05:44:49', '2017-09-07 22:17:49', '933cf5f8-3055-4600-b526-c9e4123dfd3d'),
 ('39', 'Neo_Block', '1', '0', '2017-09-07 05:44:49', '2017-09-07 22:17:49', 'd97b8588-81f8-4d5b-a0a4-6b064fe04c3c'),
 ('40', 'Neo_Block', '1', '0', '2017-09-07 05:44:49', '2017-09-07 22:17:49', '63d048e4-4f50-4107-8807-ff09e19c9455'),
 ('41', 'Asset', '1', '0', '2017-09-07 14:50:20', '2017-09-07 14:50:20', 'cc5c1a3f-0604-4602-ac82-833403c1a8ec'),
 ('42', 'Asset', '1', '0', '2017-09-07 14:50:20', '2017-09-07 14:50:20', '8237fd41-fc8e-49b0-8dd9-b88c26d497bf'),
 ('43', 'Entry', '1', '0', '2017-09-07 21:40:04', '2017-09-07 21:40:04', 'b8ed0fb9-0149-4781-ad19-243b3f70272f'),
 ('44', 'Entry', '1', '0', '2017-09-07 21:40:11', '2017-09-07 21:40:11', '3e101a43-ef8e-4567-8505-cc955a4560f4'),
 ('45', 'Asset', '1', '0', '2017-09-07 21:54:36', '2017-09-07 21:54:36', '27a1374f-b336-486d-919b-d205d20bf046'),
 ('46', 'Asset', '1', '0', '2017-09-07 21:54:36', '2017-09-07 21:54:36', 'c1ed1cca-c2d1-4b7e-8a99-8791b5feb3be'),
 ('47', 'Asset', '1', '0', '2017-09-07 21:54:36', '2017-09-07 21:54:36', '4074d320-0346-4529-b013-b194599d1c85'),
 ('48', 'Asset', '1', '0', '2017-09-07 21:54:36', '2017-09-07 21:54:36', 'f2d2e6bd-f623-4ae8-9aea-8eb99db26d24'),
 ('49', 'Asset', '1', '0', '2017-09-07 21:54:36', '2017-09-07 21:54:36', 'd37ec8a1-fcbb-4452-9f9b-0e0535e040af'),
 ('50', 'Asset', '1', '0', '2017-09-07 21:54:36', '2017-09-07 21:54:36', '9497c70a-5b14-4e6f-a1d8-6622753f918d'),
 ('51', 'Asset', '1', '0', '2017-09-07 21:54:37', '2017-09-07 21:54:37', 'fb6ccb38-8b7d-4ec7-8cd1-b5ca63fd290a'),
 ('52', 'Asset', '1', '0', '2017-09-07 21:54:37', '2017-09-07 21:54:37', '09759473-c1db-4d38-a5c0-fa9bb96143b1'),
 ('53', 'Asset', '1', '0', '2017-09-07 21:54:37', '2017-09-07 21:54:37', 'f8afacf6-1f05-49cd-83fa-8ff7a55d8894'),
 ('54', 'Asset', '1', '0', '2017-09-07 21:54:37', '2017-09-07 21:54:37', '269b2112-54da-4117-892b-8cf41ac905a0'),
 ('55', 'Asset', '1', '0', '2017-09-07 22:05:13', '2017-09-07 22:05:13', '07c530ad-42d9-49cc-b4f3-44aeb8c2714e'),
 ('56', 'Asset', '1', '0', '2017-09-07 22:05:14', '2017-09-07 22:05:14', '830c89ef-b4dd-4549-ac21-f6efa8874d1f'),
 ('57', 'Asset', '1', '0', '2017-09-07 22:05:15', '2017-09-07 22:05:15', 'e7a3bf2e-f762-48ab-9fb8-1a5bd93c1d27'),
 ('58', 'Asset', '1', '0', '2017-09-07 22:05:18', '2017-09-07 22:05:18', 'b3500ec4-139f-4b32-b96a-e67749ddd257');



DROP TABLE IF EXISTS `craft_elements_i18n`;


--
-- Schema for table `craft_elements_i18n`
--
CREATE TABLE `craft_elements_i18n` (
  `id` int(11) NOT NULL AUTO_INCREMENT,
  `elementId` int(11) NOT NULL,
  `locale` char(12) COLLATE utf8_unicode_ci NOT NULL,
  `slug` varchar(255) COLLATE utf8_unicode_ci DEFAULT NULL,
  `uri` varchar(255) COLLATE utf8_unicode_ci DEFAULT NULL,
  `enabled` tinyint(1) unsigned NOT NULL DEFAULT '1',
  `dateCreated` datetime NOT NULL,
  `dateUpdated` datetime NOT NULL,
  `uid` char(36) COLLATE utf8_unicode_ci NOT NULL DEFAULT '0',
  PRIMARY KEY (`id`),
  UNIQUE KEY `craft_elements_i18n_elementId_locale_unq_idx` (`elementId`,`locale`),
  UNIQUE KEY `craft_elements_i18n_uri_locale_unq_idx` (`uri`,`locale`),
  KEY `craft_elements_i18n_slug_locale_idx` (`slug`,`locale`),
  KEY `craft_elements_i18n_enabled_idx` (`enabled`),
  KEY `craft_elements_i18n_locale_fk` (`locale`)
) ENGINE=InnoDB AUTO_INCREMENT=59 DEFAULT CHARSET=utf8 COLLATE=utf8_unicode_ci;

--
-- Data for table `craft_elements_i18n`
--

INSERT INTO `craft_elements_i18n` (`id`, `elementId`, `locale`, `slug`, `uri`, `enabled`, `dateCreated`, `dateUpdated`, `uid`) VALUES
 ('1', '1', 'en_us', '', NULL, '1', '2017-09-05 12:55:32', '2017-10-26 15:31:34', '614f76a2-f9bb-46f5-9c72-f1d0d20c1951'),
 ('2', '2', 'en_us', 'homepage', '__home__', '1', '2017-09-05 12:55:34', '2017-09-05 13:05:14', 'b77c1148-2043-4095-b44f-ae60d5502d60'),
 ('3', '3', 'en_us', 'we-just-installed-craft', 'news/2017/we-just-installed-craft', '1', '2017-09-05 12:55:34', '2017-09-05 12:55:34', 'dcca5333-127c-4c1b-b095-49c2cf8118df'),
 ('5', '5', 'en_us', '', NULL, '1', '2017-09-06 23:47:49', '2017-09-07 05:15:23', '01675626-4844-43d2-95c1-97ebec7b116a'),
 ('6', '6', 'en_us', '', NULL, '1', '2017-09-06 23:47:49', '2017-09-07 05:15:23', '33df0a2e-047c-4616-937a-9453b57dd334'),
 ('8', '8', 'en_us', 'belay-bg', NULL, '1', '2017-09-07 05:14:27', '2017-09-07 14:50:20', '560e3dee-e028-401c-bc49-d27a1980f505'),
 ('12', '12', 'en_us', 'belay4', NULL, '1', '2017-09-07 05:15:09', '2017-09-07 14:50:20', '019f6a0d-c018-4f37-a8e8-bb77816f5b5e'),
 ('13', '13', 'en_us', 'belay6', NULL, '1', '2017-09-07 05:15:09', '2017-09-07 14:50:20', '193e95bf-0e7a-4989-9af5-f5da1517443d'),
 ('14', '14', 'en_us', 'belay7', NULL, '1', '2017-09-07 05:15:09', '2017-09-07 14:50:20', '68969a95-6341-4beb-bc9f-f86deb01ba3d'),
 ('15', '15', 'en_us', '', NULL, '1', '2017-09-07 05:15:23', '2017-09-07 05:15:23', '9c6ee27f-9561-4efa-81a3-0d01351ca8fa'),
 ('16', '16', 'en_us', 'belay-solutions', 'case-studies/belay-solutions', '1', '2017-09-07 05:25:01', '2017-09-07 21:52:16', 'cca316b6-ecf0-4228-b161-ab2958578690'),
 ('17', '17', 'en_us', '', NULL, '1', '2017-09-07 05:25:01', '2017-09-07 21:52:16', 'c2867c45-043c-4769-a1f1-f72cbc2093c8'),
 ('18', '18', 'en_us', '', NULL, '1', '2017-09-07 05:25:01', '2017-09-07 21:52:16', '5bafbda1-af1b-4425-936e-bf7cdff38674'),
 ('19', '19', 'en_us', '', NULL, '1', '2017-09-07 05:25:02', '2017-09-07 21:52:16', 'b7bc0894-9c70-45ac-ae0c-3a9bac8f7314'),
 ('20', '20', 'en_us', '', NULL, '1', '2017-09-07 05:25:02', '2017-09-07 21:52:16', 'c1300536-57ef-4d30-a6c3-888165384716'),
 ('21', '21', 'en_us', '', NULL, '1', '2017-09-07 05:25:02', '2017-09-07 21:52:17', 'd5a487cb-7341-498e-9e08-e60a34721209'),
 ('22', '22', 'en_us', 'case-study-akada', NULL, '1', '2017-09-07 05:34:51', '2017-09-07 14:50:20', '8944e2a4-f815-44c2-a5ba-4a023859f20c'),
 ('23', '23', 'en_us', 'screenshot-2016-07-26-23-02-02', NULL, '1', '2017-09-07 05:35:23', '2017-09-07 14:50:19', '0f7e9f2c-81bf-4f00-9397-7db3ff3a0092'),
 ('24', '24', 'en_us', 'screenshot-2016-10-05-12-49-25', NULL, '1', '2017-09-07 05:35:27', '2017-09-07 14:50:19', '0212cd0f-7640-4ccc-a9c8-770172c6f15b'),
 ('25', '25', 'en_us', 'akada-software', 'case-studies/akada-software', '1', '2017-09-07 05:35:36', '2017-09-07 22:16:40', 'aefec60e-1a9f-4725-b2b4-8c73a15e83db'),
 ('26', '26', 'en_us', '', NULL, '1', '2017-09-07 05:35:36', '2017-09-07 22:16:40', '7d8cfab2-c3cc-4d5f-bfe3-0b0c22f88a2c'),
 ('27', '27', 'en_us', '', NULL, '1', '2017-09-07 05:35:36', '2017-09-07 22:16:40', 'd5a7ab5a-a38a-44d5-9200-5514cc4a2af4'),
 ('28', '28', 'en_us', '', NULL, '1', '2017-09-07 05:35:36', '2017-09-07 22:16:40', 'a193cea4-8cbb-4b41-90f5-8b50f11241b8'),
 ('29', '29', 'en_us', 'screen1024x1024', NULL, '1', '2017-09-07 05:40:02', '2017-09-07 14:50:20', '151a6df7-a8c7-4f26-b352-4b0ccd8be6e7'),
 ('30', '30', 'en_us', 'case-study-home-depot', NULL, '1', '2017-09-07 05:40:16', '2017-09-07 14:50:20', '96a7535f-07ca-407a-9510-f7d3f25879d1'),
 ('31', '31', 'en_us', 'case-study-tempur-pedic', NULL, '1', '2017-09-07 05:40:16', '2017-09-07 14:50:20', '354eb8ba-4128-4dca-af27-ff7a5685c067'),
 ('32', '32', 'en_us', 'the-home-depot', 'case-studies/the-home-depot', '1', '2017-09-07 05:40:57', '2017-09-07 22:17:27', '363b5945-842f-4516-a67b-6bc47a414d2b'),
 ('33', '33', 'en_us', '', NULL, '1', '2017-09-07 05:40:57', '2017-09-07 22:17:27', 'b1f63035-8a97-4e4a-bb53-a2dcf59c480b'),
 ('34', '34', 'en_us', '', NULL, '1', '2017-09-07 05:40:57', '2017-09-07 22:17:27', 'a4778ec0-f168-470b-b268-49fa15132a9d'),
 ('35', '35', 'en_us', '', NULL, '1', '2017-09-07 05:40:57', '2017-09-07 22:17:27', 'a6fa0871-a8bc-46c3-a23b-63517accf031'),
 ('36', '36', 'en_us', 'tempurpedic', NULL, '1', '2017-09-07 05:43:44', '2017-09-07 14:50:20', 'ac2e7b46-4c47-487f-ae05-928f2c211276'),
 ('37', '37', 'en_us', 'tempur-pedic', 'case-studies/tempur-pedic', '1', '2017-09-07 05:44:49', '2017-09-07 22:17:49', 'daa149ff-2d41-468a-a5d4-4e09ecf30760'),
 ('38', '38', 'en_us', '', NULL, '1', '2017-09-07 05:44:49', '2017-09-07 22:17:49', '5c8ac5b7-2f1c-4f27-8d7c-1065f2261b81'),
 ('39', '39', 'en_us', '', NULL, '1', '2017-09-07 05:44:49', '2017-09-07 22:17:49', 'ded14f88-821e-4ac9-b5d5-0fbc00b58644'),
 ('40', '40', 'en_us', '', NULL, '1', '2017-09-07 05:44:49', '2017-09-07 22:17:49', '4bbec480-1187-4401-ae1c-9adb915f45b4'),
 ('41', '41', 'en_us', 'belay7-4b66f9', NULL, '1', '2017-09-07 14:50:20', '2017-09-07 14:50:20', '94468e68-9508-4a04-a2fa-643974b72319'),
 ('42', '42', 'en_us', 'white-logo-belay', NULL, '1', '2017-09-07 14:50:20', '2017-09-07 14:50:20', 'a119e871-6609-4cc1-b59f-15f834565544'),
 ('43', '43', 'en_us', 'work', 'work', '1', '2017-09-07 21:40:04', '2017-09-07 21:40:04', '5f58693d-058b-4dd8-9c7d-32bcd645ed42'),
 ('44', '44', 'en_us', 'about', 'about', '1', '2017-09-07 21:40:11', '2017-09-07 21:40:11', '7533323e-1d06-43dd-adc9-5acc75556d9d'),
 ('45', '45', 'en_us', 'akada-software-1', NULL, '1', '2017-09-07 21:54:36', '2017-09-07 21:54:36', '00b465bc-073d-4d21-879e-4d6a454c3c10'),
 ('46', '46', 'en_us', 'akada-software-2', NULL, '1', '2017-09-07 21:54:36', '2017-09-07 21:54:36', '13b0ac07-4311-446a-8e8e-dd2bf8344945'),
 ('47', '47', 'en_us', 'akada-software', NULL, '1', '2017-09-07 21:54:36', '2017-09-07 21:54:36', '512017d3-002e-4d50-9832-09208d684c24'),
 ('48', '48', 'en_us', 'features-akada-software-1', NULL, '1', '2017-09-07 21:54:36', '2017-09-07 21:54:36', 'fdc945cb-d312-468f-bf83-3445708ddeda'),
 ('49', '49', 'en_us', 'features-akada-software', NULL, '1', '2017-09-07 21:54:36', '2017-09-07 21:54:36', '2899f9c5-af3e-45de-8474-9c2750c65ed3'),
 ('50', '50', 'en_us', 'pricing-akada-software', NULL, '1', '2017-09-07 21:54:37', '2017-09-07 21:54:37', 'e3fd94c9-37bf-408a-ab00-79bce2a47065'),
 ('51', '51', 'en_us', 'belay-climb-higher-with-your-virtual-workforce-1', NULL, '1', '2017-09-07 21:54:37', '2017-09-07 21:54:37', 'dbfd549d-f6f6-4199-90a5-a76405e9fc56'),
 ('52', '52', 'en_us', 'belay-climb-higher-with-your-virtual-workforce', NULL, '1', '2017-09-07 21:54:37', '2017-09-07 21:54:37', 'a49f5527-ce33-4f9f-a036-a5d54bfb822d'),
 ('53', '53', 'en_us', 'products-archive-belay', NULL, '1', '2017-09-07 21:54:37', '2017-09-07 21:54:37', '428b7603-b368-4216-8971-b441ca2fcedc'),
 ('54', '54', 'en_us', 'virtual-assistant-services-by-belay-climb-higher', NULL, '1', '2017-09-07 21:54:37', '2017-09-07 21:54:37', '26b740b9-ff42-4afc-9e03-17d3a5f2eaec'),
 ('55', '55', 'en_us', 'screenshot-2017-09-07-14-36-56', NULL, '1', '2017-09-07 22:05:13', '2017-09-07 22:05:13', '57758671-2681-4945-b597-5c8938d05e98'),
 ('56', '56', 'en_us', 'screenshot-2017-09-07-14-36-09', NULL, '1', '2017-09-07 22:05:14', '2017-09-07 22:05:14', '53054000-e0b3-473c-87d4-9941716b5365'),
 ('57', '57', 'en_us', 'screenshot-2017-09-07-14-35-34', NULL, '1', '2017-09-07 22:05:15', '2017-09-07 22:05:15', '7d7585e5-9918-4f33-9812-aa2d2c0f5313'),
 ('58', '58', 'en_us', 'screenshot-2017-09-07-14-35-00', NULL, '1', '2017-09-07 22:05:18', '2017-09-07 22:05:18', 'eeefaa30-7738-40c6-8a5f-8306e9ee52ba');



DROP TABLE IF EXISTS `craft_emailmessages`;


--
-- Schema for table `craft_emailmessages`
--
CREATE TABLE `craft_emailmessages` (
  `id` int(11) NOT NULL AUTO_INCREMENT,
  `key` char(150) COLLATE utf8_unicode_ci NOT NULL,
  `locale` char(12) COLLATE utf8_unicode_ci NOT NULL,
  `subject` varchar(1000) COLLATE utf8_unicode_ci NOT NULL,
  `body` text COLLATE utf8_unicode_ci NOT NULL,
  `dateCreated` datetime NOT NULL,
  `dateUpdated` datetime NOT NULL,
  `uid` char(36) COLLATE utf8_unicode_ci NOT NULL DEFAULT '0',
  PRIMARY KEY (`id`),
  UNIQUE KEY `craft_emailmessages_key_locale_unq_idx` (`key`,`locale`),
  KEY `craft_emailmessages_locale_fk` (`locale`)
) ENGINE=InnoDB DEFAULT CHARSET=utf8 COLLATE=utf8_unicode_ci;

DROP TABLE IF EXISTS `craft_entries`;


--
-- Schema for table `craft_entries`
--
CREATE TABLE `craft_entries` (
  `id` int(11) NOT NULL,
  `sectionId` int(11) NOT NULL,
  `typeId` int(11) DEFAULT NULL,
  `authorId` int(11) DEFAULT NULL,
  `postDate` datetime DEFAULT NULL,
  `expiryDate` datetime DEFAULT NULL,
  `dateCreated` datetime NOT NULL,
  `dateUpdated` datetime NOT NULL,
  `uid` char(36) COLLATE utf8_unicode_ci NOT NULL DEFAULT '0',
  PRIMARY KEY (`id`),
  KEY `craft_entries_sectionId_idx` (`sectionId`),
  KEY `craft_entries_typeId_idx` (`typeId`),
  KEY `craft_entries_postDate_idx` (`postDate`),
  KEY `craft_entries_expiryDate_idx` (`expiryDate`),
  KEY `craft_entries_authorId_fk` (`authorId`)
) ENGINE=InnoDB DEFAULT CHARSET=utf8 COLLATE=utf8_unicode_ci;

--
-- Data for table `craft_entries`
--

INSERT INTO `craft_entries` (`id`, `sectionId`, `typeId`, `authorId`, `postDate`, `expiryDate`, `dateCreated`, `dateUpdated`, `uid`) VALUES
 ('2', '1', NULL, NULL, '2017-09-05 12:55:34', NULL, '2017-09-05 12:55:34', '2017-09-05 13:05:14', '925d5b21-f644-4db2-b395-a7961ec033b6'),
 ('3', '2', '2', '1', '2017-09-05 12:55:34', NULL, '2017-09-05 12:55:34', '2017-09-05 12:55:34', '5ff98ffb-bd49-46f5-b613-566dd743bd65'),
 ('16', '3', '3', '1', '2017-01-01 05:25:00', NULL, '2017-09-07 05:25:02', '2017-09-07 21:52:17', '8e3d691b-ccb7-4489-abb5-fd536072eb64'),
 ('25', '3', '3', '1', '2016-06-27 05:35:00', NULL, '2017-09-07 05:35:37', '2017-09-07 22:16:40', '674ce85b-3722-4f73-8797-68e21ab53f8e'),
 ('32', '3', '3', '1', '2013-06-15 05:40:00', NULL, '2017-09-07 05:40:57', '2017-09-07 22:17:27', '32b76f12-0093-4627-929d-ff18ed69ef1a'),
 ('37', '3', '3', '1', '2013-06-13 05:44:00', NULL, '2017-09-07 05:44:49', '2017-09-07 22:17:49', 'abf5fd8b-69af-4aa6-8abb-04aa78ecfa71'),
 ('43', '4', NULL, NULL, '2017-09-07 21:40:04', NULL, '2017-09-07 21:40:04', '2017-09-07 21:40:04', '918fea2a-7130-4a82-aaf4-1b5afbff7577'),
 ('44', '5', NULL, NULL, '2017-09-07 21:40:11', NULL, '2017-09-07 21:40:11', '2017-09-07 21:40:11', '640d34fd-f7a2-4b74-8aa2-e106d089585f');



DROP TABLE IF EXISTS `craft_entrydrafts`;


--
-- Schema for table `craft_entrydrafts`
--
CREATE TABLE `craft_entrydrafts` (
  `id` int(11) NOT NULL AUTO_INCREMENT,
  `entryId` int(11) NOT NULL,
  `sectionId` int(11) NOT NULL,
  `creatorId` int(11) NOT NULL,
  `locale` char(12) COLLATE utf8_unicode_ci NOT NULL,
  `name` varchar(255) COLLATE utf8_unicode_ci NOT NULL,
  `notes` tinytext COLLATE utf8_unicode_ci,
  `data` mediumtext COLLATE utf8_unicode_ci NOT NULL,
  `dateCreated` datetime NOT NULL,
  `dateUpdated` datetime NOT NULL,
  `uid` char(36) COLLATE utf8_unicode_ci NOT NULL DEFAULT '0',
  PRIMARY KEY (`id`),
  KEY `craft_entrydrafts_entryId_locale_idx` (`entryId`,`locale`),
  KEY `craft_entrydrafts_sectionId_fk` (`sectionId`),
  KEY `craft_entrydrafts_creatorId_fk` (`creatorId`),
  KEY `craft_entrydrafts_locale_fk` (`locale`)
) ENGINE=InnoDB DEFAULT CHARSET=utf8 COLLATE=utf8_unicode_ci;

DROP TABLE IF EXISTS `craft_entrytypes`;


--
-- Schema for table `craft_entrytypes`
--
CREATE TABLE `craft_entrytypes` (
  `id` int(11) NOT NULL AUTO_INCREMENT,
  `sectionId` int(11) NOT NULL,
  `fieldLayoutId` int(11) DEFAULT NULL,
  `name` varchar(255) COLLATE utf8_unicode_ci NOT NULL,
  `handle` varchar(255) COLLATE utf8_unicode_ci NOT NULL,
  `hasTitleField` tinyint(1) unsigned NOT NULL DEFAULT '1',
  `titleLabel` varchar(255) COLLATE utf8_unicode_ci DEFAULT 'Title',
  `titleFormat` varchar(255) COLLATE utf8_unicode_ci DEFAULT NULL,
  `sortOrder` smallint(6) unsigned DEFAULT NULL,
  `dateCreated` datetime NOT NULL,
  `dateUpdated` datetime NOT NULL,
  `uid` char(36) COLLATE utf8_unicode_ci NOT NULL DEFAULT '0',
  PRIMARY KEY (`id`),
  UNIQUE KEY `craft_entrytypes_name_sectionId_unq_idx` (`name`,`sectionId`),
  UNIQUE KEY `craft_entrytypes_handle_sectionId_unq_idx` (`handle`,`sectionId`),
  KEY `craft_entrytypes_sectionId_fk` (`sectionId`),
  KEY `craft_entrytypes_fieldLayoutId_fk` (`fieldLayoutId`)
) ENGINE=InnoDB AUTO_INCREMENT=6 DEFAULT CHARSET=utf8 COLLATE=utf8_unicode_ci;

--
-- Data for table `craft_entrytypes`
--

INSERT INTO `craft_entrytypes` (`id`, `sectionId`, `fieldLayoutId`, `name`, `handle`, `hasTitleField`, `titleLabel`, `titleFormat`, `sortOrder`, `dateCreated`, `dateUpdated`, `uid`) VALUES
 ('1', '1', '3', 'Homepage', 'homepage', '1', 'Title', NULL, '1', '2017-09-05 12:55:34', '2017-09-05 12:55:34', '47da30f6-6a35-4afc-bc2f-3f62107bfb88'),
 ('2', '2', '5', 'News', 'news', '1', 'Title', NULL, '1', '2017-09-05 12:55:34', '2017-09-05 12:55:34', '9fe90c78-ee8c-48d9-aaa6-60da411d44b8'),
 ('3', '3', '27', 'Case Studies', 'caseStudies', '1', 'Title', NULL, '1', '2017-09-06 23:14:46', '2017-09-07 21:39:51', '9139616d-acd9-4d0a-a127-b924e6173040'),
 ('4', '4', '28', 'Work', 'work', '0', NULL, '{section.name|raw}', '1', '2017-09-07 21:40:04', '2017-09-07 21:40:04', '8b9ae44c-d389-4355-852e-05104251ef2e'),
 ('5', '5', '29', 'About', 'about', '0', NULL, '{section.name|raw}', '1', '2017-09-07 21:40:11', '2017-09-07 21:40:11', 'c6483a46-fd59-4272-b8e7-2164a1cf09b9');



DROP TABLE IF EXISTS `craft_entryversions`;


--
-- Schema for table `craft_entryversions`
--
CREATE TABLE `craft_entryversions` (
  `id` int(11) NOT NULL AUTO_INCREMENT,
  `entryId` int(11) NOT NULL,
  `sectionId` int(11) NOT NULL,
  `creatorId` int(11) DEFAULT NULL,
  `locale` char(12) COLLATE utf8_unicode_ci NOT NULL,
  `num` smallint(6) unsigned NOT NULL,
  `notes` tinytext COLLATE utf8_unicode_ci,
  `data` mediumtext COLLATE utf8_unicode_ci NOT NULL,
  `dateCreated` datetime NOT NULL,
  `dateUpdated` datetime NOT NULL,
  `uid` char(36) COLLATE utf8_unicode_ci NOT NULL DEFAULT '0',
  PRIMARY KEY (`id`),
  KEY `craft_entryversions_entryId_locale_idx` (`entryId`,`locale`),
  KEY `craft_entryversions_sectionId_fk` (`sectionId`),
  KEY `craft_entryversions_creatorId_fk` (`creatorId`),
  KEY `craft_entryversions_locale_fk` (`locale`)
) ENGINE=InnoDB AUTO_INCREMENT=39 DEFAULT CHARSET=utf8 COLLATE=utf8_unicode_ci;

--
-- Data for table `craft_entryversions`
--

INSERT INTO `craft_entryversions` (`id`, `entryId`, `sectionId`, `creatorId`, `locale`, `num`, `notes`, `data`, `dateCreated`, `dateUpdated`, `uid`) VALUES
 ('1', '2', '1', '1', 'en_us', '1', NULL, '{\"typeId\":\"1\",\"authorId\":null,\"title\":\"Homepage\",\"slug\":\"homepage\",\"postDate\":1504616134,\"expiryDate\":null,\"enabled\":1,\"parentId\":null,\"fields\":[]}', '2017-09-05 12:55:34', '2017-09-05 12:55:34', '5c36e0ac-4d87-4034-88e4-d7dc199b2bdf'),
 ('2', '2', '1', '1', 'en_us', '2', NULL, '{\"typeId\":null,\"authorId\":null,\"title\":\"Welcome to Craft-f9ma.frb.io!\",\"slug\":\"homepage\",\"postDate\":1504616134,\"expiryDate\":null,\"enabled\":\"1\",\"parentId\":null,\"fields\":{\"1\":\"<p>It\\u2019s true, this site doesn\\u2019t have a whole lot of content yet, but don\\u2019t worry. Our web developers have just installed the CMS, and they\\u2019re setting things up for the content editors this very moment. Soon Craft-f9ma.frb.io will be an oasis of fresh perspectives, sharp analyses, and astute opinions that will keep you coming back again and again.<\\/p>\"}}', '2017-09-05 12:55:34', '2017-09-05 12:55:34', '0bab74d9-a16f-4f0e-a2b6-81e32de7229e'),
 ('3', '3', '2', '1', 'en_us', '1', NULL, '{\"typeId\":\"2\",\"authorId\":\"1\",\"title\":\"We just installed Craft!\",\"slug\":\"we-just-installed-craft\",\"postDate\":1504616134,\"expiryDate\":null,\"enabled\":1,\"parentId\":null,\"fields\":[]}', '2017-09-05 12:55:34', '2017-09-05 12:55:34', 'ad9ff0ab-d194-4b03-a101-089dd6bd5c83'),
 ('4', '2', '1', '1', 'en_us', '3', '', '{\"typeId\":null,\"authorId\":null,\"title\":\"Welcome to Craft-f9ma.frb.io!\",\"slug\":\"homepage\",\"postDate\":1504616134,\"expiryDate\":null,\"enabled\":1,\"parentId\":null,\"fields\":{\"1\":\"<p>&nbsp; &nbsp;.<\\/p>\"}}', '2017-09-05 13:05:14', '2017-09-05 13:05:14', '405411f1-3fe9-48b9-9227-64ea6de82bc5'),
 ('7', '16', '3', '1', 'en_us', '1', '', '{\"typeId\":null,\"authorId\":\"1\",\"title\":\"Belay Solutions\",\"slug\":\"belay-solutions\",\"postDate\":1504761901,\"expiryDate\":null,\"enabled\":1,\"parentId\":null,\"fields\":{\"1\":\"<p>When I started freelancing, my good friend <a href=\\\"https:\\/\\/dribbble.com\\/huntandsaw\\\">Michael van Tonder of Hunt & Saw<\\/a> was on a similar path and had a lead on an interesting challenge. Michael was in discussions with Bryan Miles from Miles AG, a company that had four subsidiaries that specialized in virtual staffing. If you need an assistant, webmaster, bookkeeper or copywriter and aren\\u2019t necessarily worried about where in the world they are, the Miles AG group can staff any of these roles for you.<\\/p>\\r\\n<h3>The Need to Consolidate<\\/h3>\\r\\n<p>The Miles AG group had reached a point where they had 5 different websites, each with it\\u2019s own branding and theme, all related to virtual workers but they all lacked a singular tie back to the parent company.<\\/p>\\r\\n<p>Each of these websites had its own WordPress instance with their own blog posts, pages, and CTAs to join the company. As one could imagine, this ended up becoming quite a large undertaking with duplicate content and code across multiple WordPress installs.<\\/p>\\r\\n<h3>Five Companies Become One<\\/h3>\\r\\n<p>The leadership team met with Hunt & Saw and went through the process of finding a single name that would be synonymous with their company\\u2019s values and offerings. After a few rounds of discussion and rewrites, the team decided on BELAY, and Michael went to work on creating the new brand.<\\/p>\\r\\n<h3>The Build<\\/h3>\\r\\n<p>Once the designs and UX\\/IA were finalized I got started working on the website. Time was of the essence with the site launch date and we had a lot of ground to cover. Michael was very supportive with answering any questions I had with the designs and how they would flow on the grid. If we still had trouble translating the design, he wouldn\\u2019t hesitate to give me a motion study.\\r\\n<img src=\\\"\\/uploads\\/faster.gif\\\" alt=\\\"faster.gif\\\"><\\/p>\\r\\n<p><em>The motion study above, and the implementation below<\\/em><\\/p>\\r\\n<h3>Iterative QA<\\/h3>\\r\\n<p>In order to get my projects out in time I prefer to work with designers who are comfortable with iterating over the same page a few times in a quick fashion. Typically a response from the designer would look like this:<\\/p>\\r\\n<p><img src=\\\"\\/uploads\\/Screenshot%202017-01-16%2021.02.54.png\\\" alt=\\\"Screenshot 2017-01-16 21.02.54.png\\\"><\\/p>\\r\\n<p>Not everyone is well equipped to deal with feedback like this. Some developers could take this and it would be a huge point of stress and concern, but for me it helps keep a constant line of communication with my designer at all times.<\\/p>\\r\\n<p>This wasn\\u2019t the only way we passed our findings back and forth. Aside from these visuals we also had a google spreadsheet full of screenshots and notes from the BELAY team, which really helped keep all of us on the same page for where we were during the project.<\\/p>\\r\\n<h3>The Launch<\\/h3>\\r\\n<p>Coming up towards the launch date we were lucky to have a handful of key stakeholders helping us QA the site. We made sure to have stand-ups every other day to communicate any issues we may see and increased that cadence to twice a day on the last week prior to launch. The beauty of this team is that they understood the importance of being flexible when it came down to making decisions on critical items that were needed for launch.  I\\u2019m happy to say we were able to launch on the exact date we had aimed for with a smooth deployment.<\\/p>\\r\\n<p><a href=\\\"https:\\/\\/belaysolutions.com\\\">Check out BELAY solutions new website here.<\\/a><\\/p>\",\"11\":{\"new0\":{\"modified\":\"1\",\"type\":\"clientName\",\"enabled\":\"1\",\"collapsed\":\"0\",\"level\":\"0\",\"fields\":{\"clientName\":\"\"}},\"new1\":{\"modified\":\"1\",\"type\":\"teaser\",\"enabled\":\"1\",\"collapsed\":\"0\",\"level\":\"0\",\"fields\":{\"teaser\":\"<p>Transforming five seperate successful companies into one cohesive brand digitally with my friends at&nbsp;<a href=\\\"http:\\/\\/huntandsaw.com\\/\\\">Hunt & Saw<\\/a>.<\\/p>\"}},\"new2\":{\"modified\":\"1\",\"type\":\"images\",\"enabled\":\"1\",\"collapsed\":\"0\",\"level\":\"0\",\"fields\":{\"headerImage\":[\"8\"]}},\"new3\":{\"modified\":\"1\",\"type\":\"screenshots\",\"enabled\":\"1\",\"collapsed\":\"0\",\"level\":\"1\",\"fields\":{\"screenshot\":[\"12\",\"13\",\"14\"]}},\"new4\":{\"modified\":\"1\",\"type\":\"logos\",\"enabled\":\"1\",\"collapsed\":\"0\",\"level\":\"1\",\"fields\":{\"regularLogo\":\"\",\"whiteLogo\":\"\"}}},\"10\":{\"seoMainEntityCategory\":\"CreativeWork\",\"seoMainEntityOfPage\":\"WebPage\",\"seoTitleSource\":\"field\",\"seoTitleSourceField\":\"title\",\"seoTitleUnparsed\":\"\",\"seoDescriptionSource\":\"custom\",\"seoDescriptionSourceField\":\"title\",\"seoDescriptionUnparsed\":\"\",\"seoKeywordsSource\":\"custom\",\"seoKeywordsSourceField\":\"title\",\"seoKeywordsUnparsed\":\"\",\"seoImageIdSource\":\"custom\",\"seoImageId\":\"\",\"seoImageTransform\":\"\",\"twitterCardType\":\"\",\"seoTwitterImageIdSource\":\"custom\",\"seoTwitterImageId\":\"\",\"seoTwitterImageTransform\":\"\",\"openGraphType\":\"\",\"seoFacebookImageIdSource\":\"custom\",\"seoFacebookImageId\":\"\",\"seoFacebookImageTransform\":\"\",\"robots\":\"\"}}}', '2017-09-07 05:25:02', '2017-09-07 05:25:02', 'c80b9098-49d5-44fa-94cb-af3f0e6c100d'),
 ('8', '25', '3', '1', 'en_us', '1', '', '{\"typeId\":null,\"authorId\":\"1\",\"title\":\"Akada Software\",\"slug\":\"akada-software\",\"postDate\":1504762536,\"expiryDate\":null,\"enabled\":1,\"parentId\":null,\"fields\":{\"1\":\"<p>Akada Software was in need of an updating. They approached Son&amp;Sons for new branding and a new take on their website. After getting a beautiful new Brand treatment, Son&amp;Sons reached out to me to meet with the team to see if I was available to tackle the job.<\\/p>\\r\\n\\r\\n<p>After meeting with Son&amp;Sons and seeing the design I knew I had to take the job. They did an amazing job making the site feel alive and whimsical with their iconography.<\\/p>\\r\\n\\r\\n<p>I\\u2019ve always wanted to be able to play with SVG animations using scrolling and I felt like this was the perfect opportunity to do so. I felt like while the icons provided were fun and full of life, I could add a bit more to them. <\\/p>\\r\\n\\r\\n<p>I decided to use the ever popular greensock javascript library to help me with the SVG animations. I want to learn how to do the animations on my own however with the time constraint of this engagement I didn\\u2019t want to risk going over my time allotted, so greensock was the perfect choice. I have to say i\'m really happy with the out come. Here is what the \\\"Security\\\" icon looks like when you scroll down the page:\\r\\n<img src=\\\"\\/uploads\\/safe.gif\\\" alt=\\\"safe.gif\\\" \\/><\\/p>\\r\\n\\r\\n<p>This was built on wordpress using the Sage Starter theme for wordpress and while it was my first time using it, I was able to really power through my workflow with it in a great and efficient manner, will definitely use this going forward for my Wordpress needs.<\\/p>\\r\\n\\r\\n<p>After having the site ready to go, the client and Son&amp;Sons couldn\\u2019t be happier with the work that was delivered. Definitely a huge win!<\\/p>\\r\\n\\r\\n<p><a href=\\\"http:\\/\\/akadasoftware.com\\\">Check out the site!<\\/a><\\/p>\",\"11\":{\"new1\":{\"modified\":\"1\",\"type\":\"teaser\",\"enabled\":\"1\",\"collapsed\":\"0\",\"level\":\"0\",\"fields\":{\"teaser\":\"<p>SVG animations and bright colors make for a great rebrand project with my friends at <a href=\\\"\\/\\/sonandsons.com\\\"><\\/a><a href=\\\"\\/\\/sonandsons.com\\\" target=\\\"_blank\\\">Son & Sons<\\/a><\\/p>\"}},\"new2\":{\"modified\":\"1\",\"type\":\"images\",\"enabled\":\"1\",\"collapsed\":\"0\",\"level\":\"0\",\"fields\":{\"headerImage\":[\"22\"]}},\"new3\":{\"modified\":\"1\",\"type\":\"screenshots\",\"enabled\":\"1\",\"collapsed\":\"0\",\"level\":\"1\",\"fields\":{\"screenshot\":[\"23\",\"24\"]}}},\"10\":{\"seoMainEntityCategory\":\"CreativeWork\",\"seoMainEntityOfPage\":\"WebPage\",\"seoTitleSource\":\"field\",\"seoTitleSourceField\":\"title\",\"seoTitleUnparsed\":\"\",\"seoDescriptionSource\":\"custom\",\"seoDescriptionSourceField\":\"title\",\"seoDescriptionUnparsed\":\"\",\"seoKeywordsSource\":\"custom\",\"seoKeywordsSourceField\":\"title\",\"seoKeywordsUnparsed\":\"\",\"seoImageIdSource\":\"custom\",\"seoImageId\":\"\",\"seoImageTransform\":\"\",\"twitterCardType\":\"\",\"seoTwitterImageIdSource\":\"custom\",\"seoTwitterImageId\":\"\",\"seoTwitterImageTransform\":\"\",\"openGraphType\":\"\",\"seoFacebookImageIdSource\":\"custom\",\"seoFacebookImageId\":\"\",\"seoFacebookImageTransform\":\"\",\"robots\":\"\"}}}', '2017-09-07 05:35:37', '2017-09-07 05:35:37', '3f842101-169a-4655-880d-4cb1a050cc17'),
 ('9', '32', '3', '1', 'en_us', '1', '', '{\"typeId\":null,\"authorId\":\"1\",\"title\":\"The Home Depot\",\"slug\":\"the-home-depot\",\"postDate\":1504762857,\"expiryDate\":null,\"enabled\":1,\"parentId\":null,\"fields\":{\"1\":\"<p>The Home Depot partnered with MaxMedia to create a multi-channel experience giving a distinct point-of-view in the market of home d\\u00e9cor while promoting a fun, engaging, and non-intimidating environment for users.<\\/p>\\r\\n\\r\\n<p>This was the first catalog styled app I got to work on. It was based off seasonal ideas so we were putting out an issue every 3 months or so. I was lucky enough to do all of the development for three of the seasons.<\\/p>\\r\\n\\r\\n<p>The first issue I developed was the fall style guide:\\r\\n<a href=\\\"http:\\/\\/www.youtube.com\\/watch?v=-vOtRlYb32w\\\" title=\\\"Fall Guide\\\"><img src=\\\"http:\\/\\/img.youtube.com\\/vi\\/-vOtRlYb32w\\/0.jpg\\\" alt=\\\"Fall Guide\\\" \\/><\\/a><\\/p>\\r\\n\\r\\n<p>In the fall guide I was able to play with a lot of fun functionality such as in view Video as well as a lot of page build ups. <\\/p>\\r\\n\\r\\n<p>In the holiday style guide we got to play with a small amount of \\\"VR\\\" as well as hid some easter eggs. The video doesn\'t show it but in a specific view (the one where you can slide horizontally) if you shake the iPad, it would create a snow storm!<\\/p>\\r\\n\\r\\n<p>You can view all of the other features here:\\r\\n<a href=\\\"http:\\/\\/www.youtube.com\\/watch?v=3o30p0hRhBw\\\" title=\\\"Holiday Guide\\\"><img src=\\\"http:\\/\\/img.youtube.com\\/vi\\/3o30p0hRhBw\\/0.jpg\\\" alt=\\\"Holiday Guide\\\" \\/><\\/a><\\/p>\\r\\n\\r\\n<p>The final issue we produced was really fun. We added more of the VR aspect as well as added some 360 degree views of sheds. We added a different form of tiling views to help with loading of the app (as we added more imagery the size had began to bloat a bit which was another challenge we had to overcome).<\\/p>\\r\\n\\r\\n<p>You can view the spring guide here:\\r\\n<a href=\\\"http:\\/\\/www.youtube.com\\/watch?v=BJICnZRNROs\\\" title=\\\"Spring Guide\\\"><img src=\\\"http:\\/\\/img.youtube.com\\/vi\\/BJICnZRNROs\\/0.jpg\\\" alt=\\\"Spring Guide\\\" \\/><\\/a><\\/p>\",\"11\":{\"new0\":{\"modified\":\"1\",\"type\":\"teaser\",\"enabled\":\"1\",\"collapsed\":\"0\",\"level\":\"0\",\"fields\":{\"teaser\":\"<p>Bringing style and interactivity to big orange with my friends at <a href=\\\"\\/\\/maxmedia.com\\\" target=\\\"_blank\\\">Maxmedia<\\/a><\\/p>\"}},\"new1\":{\"modified\":\"1\",\"type\":\"images\",\"enabled\":\"1\",\"collapsed\":\"0\",\"level\":\"0\",\"fields\":{\"headerImage\":[\"30\"]}},\"new2\":{\"modified\":\"1\",\"type\":\"screenshots\",\"enabled\":\"1\",\"collapsed\":\"0\",\"level\":\"1\",\"fields\":{\"screenshot\":[\"29\"]}}},\"10\":{\"seoMainEntityCategory\":\"CreativeWork\",\"seoMainEntityOfPage\":\"WebPage\",\"seoTitleSource\":\"field\",\"seoTitleSourceField\":\"title\",\"seoTitleUnparsed\":\"\",\"seoDescriptionSource\":\"custom\",\"seoDescriptionSourceField\":\"title\",\"seoDescriptionUnparsed\":\"\",\"seoKeywordsSource\":\"custom\",\"seoKeywordsSourceField\":\"title\",\"seoKeywordsUnparsed\":\"\",\"seoImageIdSource\":\"custom\",\"seoImageId\":\"\",\"seoImageTransform\":\"\",\"twitterCardType\":\"\",\"seoTwitterImageIdSource\":\"custom\",\"seoTwitterImageId\":\"\",\"seoTwitterImageTransform\":\"\",\"openGraphType\":\"\",\"seoFacebookImageIdSource\":\"custom\",\"seoFacebookImageId\":\"\",\"seoFacebookImageTransform\":\"\",\"robots\":\"\"}}}', '2017-09-07 05:40:57', '2017-09-07 05:40:57', 'a535dbfd-e686-4ff1-a25a-8e4056d7cd56'),
 ('10', '32', '3', '1', 'en_us', '2', '', '{\"typeId\":\"3\",\"authorId\":\"1\",\"title\":\"The Home Depot\",\"slug\":\"the-home-depot\",\"postDate\":1504762800,\"expiryDate\":null,\"enabled\":1,\"parentId\":null,\"fields\":{\"1\":\"<p>The Home Depot partnered with MaxMedia to create a multi-channel experience giving a distinct point-of-view in the market of home d\\u00e9cor while promoting a fun, engaging, and non-intimidating environment for users.<\\/p>\\r\\n<p>This was the first catalog styled app I got to work on. It was based off seasonal ideas so we were putting out an issue every 3 months or so. I was lucky enough to do all of the development for three of the seasons.<\\/p>\\r\\n<p>The first issue I developed was the fall style guide:\\r\\n<a href=\\\"http:\\/\\/www.youtube.com\\/watch?v=-vOtRlYb32w\\\" title=\\\"Fall Guide\\\"><img src=\\\"http:\\/\\/img.youtube.com\\/vi\\/-vOtRlYb32w\\/0.jpg\\\" alt=\\\"Fall Guide\\\"><\\/a><\\/p>\\r\\n<p>In the fall guide I was able to play with a lot of fun functionality such as in view Video as well as a lot of page build ups. <\\/p>\\r\\n<p>In the holiday style guide we got to play with a small amount of \\\"VR\\\" as well as hid some easter eggs. The video doesn\'t show it but in a specific view (the one where you can slide horizontally) if you shake the iPad, it would create a snow storm!<\\/p>\\r\\n<p>You can view all of the other features here:\\r\\n<a href=\\\"http:\\/\\/www.youtube.com\\/watch?v=3o30p0hRhBw\\\" title=\\\"Holiday Guide\\\"><img src=\\\"http:\\/\\/img.youtube.com\\/vi\\/3o30p0hRhBw\\/0.jpg\\\" alt=\\\"Holiday Guide\\\"><\\/a><\\/p>\\r\\n<p>The final issue we produced was really fun. We added more of the VR aspect as well as added some 360 degree views of sheds. We added a different form of tiling views to help with loading of the app (as we added more imagery the size had began to bloat a bit which was another challenge we had to overcome).<\\/p>\\r\\n<p>You can view the spring guide here:\\r\\n<a href=\\\"http:\\/\\/www.youtube.com\\/watch?v=BJICnZRNROs\\\" title=\\\"Spring Guide\\\"><img src=\\\"http:\\/\\/img.youtube.com\\/vi\\/BJICnZRNROs\\/0.jpg\\\" alt=\\\"Spring Guide\\\"><\\/a><\\/p>\",\"11\":{\"33\":{\"modified\":\"1\",\"type\":\"teaser\",\"enabled\":\"1\",\"collapsed\":\"0\",\"level\":\"0\",\"fields\":{\"teaser\":\"<p>Bringing style and interactivity to big orange with my friends at <a href=\\\"\\/\\/maxmedia.com\\\" target=\\\"_blank\\\" rel=\\\"noreferrer noopener\\\">Maxmedia<\\/a><\\/p>\"}},\"34\":{\"modified\":\"1\",\"type\":\"images\",\"enabled\":\"1\",\"collapsed\":\"0\",\"level\":\"0\",\"fields\":{\"headerImage\":[\"30\"]}},\"35\":{\"modified\":\"1\",\"type\":\"screenshots\",\"enabled\":\"1\",\"collapsed\":\"0\",\"level\":\"1\",\"fields\":{\"screenshot\":[\"29\"]}}},\"10\":{\"seoMainEntityCategory\":\"CreativeWork\",\"seoMainEntityOfPage\":\"WebPage\",\"seoTitleSource\":\"field\",\"seoTitleSourceField\":\"title\",\"seoTitleUnparsed\":\"The Home Depot\",\"seoDescriptionSource\":\"custom\",\"seoDescriptionSourceField\":\"title\",\"seoDescriptionUnparsed\":\"\",\"seoKeywordsSource\":\"custom\",\"seoKeywordsSourceField\":\"title\",\"seoKeywordsUnparsed\":\"\",\"seoImageIdSource\":\"custom\",\"seoImageId\":\"\",\"seoImageTransform\":\"\",\"twitterCardType\":\"\",\"seoTwitterImageIdSource\":\"custom\",\"seoTwitterImageId\":\"\",\"seoTwitterImageTransform\":\"\",\"openGraphType\":\"\",\"seoFacebookImageIdSource\":\"custom\",\"seoFacebookImageId\":\"\",\"seoFacebookImageTransform\":\"\",\"robots\":\"\"}}}', '2017-09-07 05:42:56', '2017-09-07 05:42:56', '869a99a5-ed3a-4c56-9304-535fb8dbfcd1'),
 ('11', '37', '3', '1', 'en_us', '1', '', '{\"typeId\":null,\"authorId\":\"1\",\"title\":\"Tempur Pedic\",\"slug\":\"tempur-pedic\",\"postDate\":1504763089,\"expiryDate\":null,\"enabled\":1,\"parentId\":null,\"fields\":{\"1\":\"<p>After the success of the <a href=\\\"\\/projects\\/home-depot-style-guide\\/\\\">Style Guide<\\/a> with MaxMedia, Tempur Pedic reached out to us in order to create a brochure type experience for potential buyers.<\\/p>\\r\\n\\r\\n<p>We ended up creating an app with video and animations that helped inform the user for buying the correct type of mattress as well as included video testimonials.<\\/p>\\r\\n\\r\\n<p>Check out the promo video here: \\r\\n<a href=\\\"http:\\/\\/www.youtube.com\\/watch?v=zEzUQ53t3IU\\\" title=\\\" Tempur Pedic\\\"><img src=\\\"http:\\/\\/img.youtube.com\\/vi\\/zEzUQ53t3IU\\/0.jpg\\\" alt=\\\"Tempur Pedic\\\" \\/><\\/a><\\/p>\",\"11\":{\"new0\":{\"modified\":\"1\",\"type\":\"teaser\",\"enabled\":\"1\",\"collapsed\":\"0\",\"level\":\"0\",\"fields\":{\"teaser\":\"<p>Creating a fun informative brochure for a great matress brand with my friends at <a href=\\\"\\/\\/maxmedia.com\\\" target=\\\"_blank\\\">Maxmedia<\\/a><\\/p>\"}},\"new1\":{\"modified\":\"1\",\"type\":\"images\",\"enabled\":\"1\",\"collapsed\":\"0\",\"level\":\"0\",\"fields\":{\"headerImage\":[\"31\"]}},\"new2\":{\"modified\":\"1\",\"type\":\"screenshots\",\"enabled\":\"1\",\"collapsed\":\"0\",\"level\":\"1\",\"fields\":{\"screenshot\":[\"36\"]}}},\"10\":{\"seoMainEntityCategory\":\"CreativeWork\",\"seoMainEntityOfPage\":\"WebPage\",\"seoTitleSource\":\"field\",\"seoTitleSourceField\":\"title\",\"seoTitleUnparsed\":\"\",\"seoDescriptionSource\":\"custom\",\"seoDescriptionSourceField\":\"title\",\"seoDescriptionUnparsed\":\"\",\"seoKeywordsSource\":\"custom\",\"seoKeywordsSourceField\":\"title\",\"seoKeywordsUnparsed\":\"\",\"seoImageIdSource\":\"custom\",\"seoImageId\":\"\",\"seoImageTransform\":\"\",\"twitterCardType\":\"\",\"seoTwitterImageIdSource\":\"custom\",\"seoTwitterImageId\":\"\",\"seoTwitterImageTransform\":\"\",\"openGraphType\":\"\",\"seoFacebookImageIdSource\":\"custom\",\"seoFacebookImageId\":\"\",\"seoFacebookImageTransform\":\"\",\"robots\":\"\"}}}', '2017-09-07 05:44:49', '2017-09-07 05:44:49', '7e01ce90-a47c-4355-bed4-facfcc980e93'),
 ('12', '37', '3', '1', 'en_us', '2', '', '{\"typeId\":\"3\",\"authorId\":\"1\",\"title\":\"Tempur Pedic\",\"slug\":\"tempur-pedic\",\"postDate\":1371102240,\"expiryDate\":null,\"enabled\":1,\"parentId\":null,\"fields\":{\"1\":\"<p>After the success of the <a href=\\\"\\/projects\\/home-depot-style-guide\\/\\\">Style Guide<\\/a> with MaxMedia, Tempur Pedic reached out to us in order to create a brochure type experience for potential buyers.<\\/p>\\r\\n<p>We ended up creating an app with video and animations that helped inform the user for buying the correct type of mattress as well as included video testimonials.<\\/p>\\r\\n<p>Check out the promo video here: \\r\\n<a href=\\\"http:\\/\\/www.youtube.com\\/watch?v=zEzUQ53t3IU\\\" title=\\\"Tempur Pedic\\\"><img src=\\\"http:\\/\\/img.youtube.com\\/vi\\/zEzUQ53t3IU\\/0.jpg\\\" alt=\\\"Tempur Pedic\\\"><\\/a><\\/p>\",\"11\":{\"38\":{\"modified\":\"1\",\"type\":\"teaser\",\"enabled\":\"1\",\"collapsed\":\"0\",\"level\":\"0\",\"fields\":{\"teaser\":\"<p>Creating a fun informative brochure for a great matress brand with my friends at <a href=\\\"\\/\\/maxmedia.com\\\" target=\\\"_blank\\\" rel=\\\"noreferrer noopener\\\">Maxmedia<\\/a><\\/p>\"}},\"39\":{\"modified\":\"1\",\"type\":\"images\",\"enabled\":\"1\",\"collapsed\":\"0\",\"level\":\"0\",\"fields\":{\"headerImage\":[\"31\"]}},\"40\":{\"modified\":\"1\",\"type\":\"screenshots\",\"enabled\":\"1\",\"collapsed\":\"0\",\"level\":\"1\",\"fields\":{\"screenshot\":[\"36\"]}}},\"10\":{\"seoMainEntityCategory\":\"CreativeWork\",\"seoMainEntityOfPage\":\"WebPage\",\"seoTitleSource\":\"field\",\"seoTitleSourceField\":\"title\",\"seoTitleUnparsed\":\"Tempur Pedic\",\"seoDescriptionSource\":\"custom\",\"seoDescriptionSourceField\":\"title\",\"seoDescriptionUnparsed\":\"\",\"seoKeywordsSource\":\"custom\",\"seoKeywordsSourceField\":\"title\",\"seoKeywordsUnparsed\":\"\",\"seoImageIdSource\":\"custom\",\"seoImageId\":\"\",\"seoImageTransform\":\"\",\"twitterCardType\":\"\",\"seoTwitterImageIdSource\":\"custom\",\"seoTwitterImageId\":\"\",\"seoTwitterImageTransform\":\"\",\"openGraphType\":\"\",\"seoFacebookImageIdSource\":\"custom\",\"seoFacebookImageId\":\"\",\"seoFacebookImageTransform\":\"\",\"robots\":\"\"}}}', '2017-09-07 05:45:17', '2017-09-07 05:45:17', 'aa5b1d9b-7eba-42d1-bd56-878f8ebf7f9d'),
 ('13', '32', '3', '1', 'en_us', '3', '', '{\"typeId\":\"3\",\"authorId\":\"1\",\"title\":\"The Home Depot\",\"slug\":\"the-home-depot\",\"postDate\":1371274800,\"expiryDate\":null,\"enabled\":1,\"parentId\":null,\"fields\":{\"1\":\"<p>The Home Depot partnered with MaxMedia to create a multi-channel experience giving a distinct point-of-view in the market of home d\\u00e9cor while promoting a fun, engaging, and non-intimidating environment for users.<\\/p>\\r\\n<p>This was the first catalog styled app I got to work on. It was based off seasonal ideas so we were putting out an issue every 3 months or so. I was lucky enough to do all of the development for three of the seasons.<\\/p>\\r\\n<p>The first issue I developed was the fall style guide:\\r\\n<a href=\\\"http:\\/\\/www.youtube.com\\/watch?v=-vOtRlYb32w\\\" title=\\\"Fall Guide\\\"><img src=\\\"http:\\/\\/img.youtube.com\\/vi\\/-vOtRlYb32w\\/0.jpg\\\" alt=\\\"Fall Guide\\\"><\\/a><\\/p>\\r\\n<p>In the fall guide I was able to play with a lot of fun functionality such as in view Video as well as a lot of page build ups. <\\/p>\\r\\n<p>In the holiday style guide we got to play with a small amount of \\\"VR\\\" as well as hid some easter eggs. The video doesn\'t show it but in a specific view (the one where you can slide horizontally) if you shake the iPad, it would create a snow storm!<\\/p>\\r\\n<p>You can view all of the other features here:\\r\\n<a href=\\\"http:\\/\\/www.youtube.com\\/watch?v=3o30p0hRhBw\\\" title=\\\"Holiday Guide\\\"><img src=\\\"http:\\/\\/img.youtube.com\\/vi\\/3o30p0hRhBw\\/0.jpg\\\" alt=\\\"Holiday Guide\\\"><\\/a><\\/p>\\r\\n<p>The final issue we produced was really fun. We added more of the VR aspect as well as added some 360 degree views of sheds. We added a different form of tiling views to help with loading of the app (as we added more imagery the size had began to bloat a bit which was another challenge we had to overcome).<\\/p>\\r\\n<p>You can view the spring guide here:\\r\\n<a href=\\\"http:\\/\\/www.youtube.com\\/watch?v=BJICnZRNROs\\\" title=\\\"Spring Guide\\\"><img src=\\\"http:\\/\\/img.youtube.com\\/vi\\/BJICnZRNROs\\/0.jpg\\\" alt=\\\"Spring Guide\\\"><\\/a><\\/p>\",\"11\":{\"33\":{\"modified\":\"1\",\"type\":\"teaser\",\"enabled\":\"1\",\"collapsed\":\"0\",\"level\":\"0\",\"fields\":{\"teaser\":\"<p>Bringing style and interactivity to big orange with my friends at <a href=\\\"\\/\\/maxmedia.com\\\" target=\\\"_blank\\\" rel=\\\"noreferrer noopener\\\">Maxmedia<\\/a><\\/p>\"}},\"34\":{\"modified\":\"1\",\"type\":\"images\",\"enabled\":\"1\",\"collapsed\":\"0\",\"level\":\"0\",\"fields\":{\"headerImage\":[\"30\"]}},\"35\":{\"modified\":\"1\",\"type\":\"screenshots\",\"enabled\":\"1\",\"collapsed\":\"0\",\"level\":\"1\",\"fields\":{\"screenshot\":[\"29\"]}}},\"10\":{\"seoMainEntityCategory\":\"CreativeWork\",\"seoMainEntityOfPage\":\"WebPage\",\"seoTitleSource\":\"field\",\"seoTitleSourceField\":\"title\",\"seoTitleUnparsed\":\"The Home Depot\",\"seoDescriptionSource\":\"custom\",\"seoDescriptionSourceField\":\"title\",\"seoDescriptionUnparsed\":\"\",\"seoKeywordsSource\":\"custom\",\"seoKeywordsSourceField\":\"title\",\"seoKeywordsUnparsed\":\"\",\"seoImageIdSource\":\"custom\",\"seoImageId\":\"\",\"seoImageTransform\":\"\",\"twitterCardType\":\"\",\"seoTwitterImageIdSource\":\"custom\",\"seoTwitterImageId\":\"\",\"seoTwitterImageTransform\":\"\",\"openGraphType\":\"\",\"seoFacebookImageIdSource\":\"custom\",\"seoFacebookImageId\":\"\",\"seoFacebookImageTransform\":\"\",\"robots\":\"\"}}}', '2017-09-07 05:45:46', '2017-09-07 05:45:46', '619e57b7-5d2c-48d1-92ca-39275b12db73'),
 ('14', '25', '3', '1', 'en_us', '2', '', '{\"typeId\":\"3\",\"authorId\":\"1\",\"title\":\"Akada Software\",\"slug\":\"akada-software\",\"postDate\":1467005700,\"expiryDate\":null,\"enabled\":1,\"parentId\":null,\"fields\":{\"1\":\"<p>Akada Software was in need of an updating. They approached Son&Sons for new branding and a new take on their website. After getting a beautiful new Brand treatment, Son&Sons reached out to me to meet with the team to see if I was available to tackle the job.<\\/p>\\r\\n<p>After meeting with Son&Sons and seeing the design I knew I had to take the job. They did an amazing job making the site feel alive and whimsical with their iconography.<\\/p>\\r\\n<p>I\\u2019ve always wanted to be able to play with SVG animations using scrolling and I felt like this was the perfect opportunity to do so. I felt like while the icons provided were fun and full of life, I could add a bit more to them. <\\/p>\\r\\n<p>I decided to use the ever popular greensock javascript library to help me with the SVG animations. I want to learn how to do the animations on my own however with the time constraint of this engagement I didn\\u2019t want to risk going over my time allotted, so greensock was the perfect choice. I have to say i\'m really happy with the out come. Here is what the \\\"Security\\\" icon looks like when you scroll down the page:\\r\\n<img src=\\\"\\/uploads\\/safe.gif\\\" alt=\\\"safe.gif\\\"><\\/p>\\r\\n<p>This was built on wordpress using the Sage Starter theme for wordpress and while it was my first time using it, I was able to really power through my workflow with it in a great and efficient manner, will definitely use this going forward for my Wordpress needs.<\\/p>\\r\\n<p>After having the site ready to go, the client and Son&Sons couldn\\u2019t be happier with the work that was delivered. Definitely a huge win!<\\/p>\\r\\n<p><a href=\\\"http:\\/\\/akadasoftware.com\\\">Check out the site!<\\/a><\\/p>\",\"11\":{\"26\":{\"modified\":\"1\",\"type\":\"teaser\",\"enabled\":\"1\",\"collapsed\":\"0\",\"level\":\"0\",\"fields\":{\"teaser\":\"<p>SVG animations and bright colors make for a great rebrand project with my friends at <a href=\\\"\\/\\/sonandsons.com\\\"><\\/a><a href=\\\"\\/\\/sonandsons.com\\\" target=\\\"_blank\\\" rel=\\\"noreferrer noopener\\\">Son & Sons<\\/a><\\/p>\"}},\"27\":{\"modified\":\"1\",\"type\":\"images\",\"enabled\":\"1\",\"collapsed\":\"0\",\"level\":\"0\",\"fields\":{\"headerImage\":[\"22\"]}},\"28\":{\"modified\":\"1\",\"type\":\"screenshots\",\"enabled\":\"1\",\"collapsed\":\"0\",\"level\":\"1\",\"fields\":{\"screenshot\":[\"23\",\"24\"]}}},\"10\":{\"seoMainEntityCategory\":\"CreativeWork\",\"seoMainEntityOfPage\":\"WebPage\",\"seoTitleSource\":\"field\",\"seoTitleSourceField\":\"title\",\"seoTitleUnparsed\":\"Akada Software\",\"seoDescriptionSource\":\"custom\",\"seoDescriptionSourceField\":\"title\",\"seoDescriptionUnparsed\":\"\",\"seoKeywordsSource\":\"custom\",\"seoKeywordsSourceField\":\"title\",\"seoKeywordsUnparsed\":\"\",\"seoImageIdSource\":\"custom\",\"seoImageId\":\"\",\"seoImageTransform\":\"\",\"twitterCardType\":\"\",\"seoTwitterImageIdSource\":\"custom\",\"seoTwitterImageId\":\"\",\"seoTwitterImageTransform\":\"\",\"openGraphType\":\"\",\"seoFacebookImageIdSource\":\"custom\",\"seoFacebookImageId\":\"\",\"seoFacebookImageTransform\":\"\",\"robots\":\"\"}}}', '2017-09-07 05:46:09', '2017-09-07 05:46:09', '660828cb-64fe-4249-9544-0e060692d7b1'),
 ('15', '16', '3', '1', 'en_us', '2', '', '{\"typeId\":\"3\",\"authorId\":\"1\",\"title\":\"Belay Solutions\",\"slug\":\"belay-solutions\",\"postDate\":1483248300,\"expiryDate\":null,\"enabled\":1,\"parentId\":null,\"fields\":{\"1\":\"<p>When I started freelancing, my good friend <a href=\\\"https:\\/\\/dribbble.com\\/huntandsaw\\\">Michael van Tonder of Hunt & Saw<\\/a> was on a similar path and had a lead on an interesting challenge. Michael was in discussions with Bryan Miles from Miles AG, a company that had four subsidiaries that specialized in virtual staffing. If you need an assistant, webmaster, bookkeeper or copywriter and aren\\u2019t necessarily worried about where in the world they are, the Miles AG group can staff any of these roles for you.<\\/p>\\r\\n<h3>The Need to Consolidate<\\/h3>\\r\\n<p>The Miles AG group had reached a point where they had 5 different websites, each with it\\u2019s own branding and theme, all related to virtual workers but they all lacked a singular tie back to the parent company.<\\/p>\\r\\n<p>Each of these websites had its own WordPress instance with their own blog posts, pages, and CTAs to join the company. As one could imagine, this ended up becoming quite a large undertaking with duplicate content and code across multiple WordPress installs.<\\/p>\\r\\n<h3>Five Companies Become One<\\/h3>\\r\\n<p>The leadership team met with Hunt & Saw and went through the process of finding a single name that would be synonymous with their company\\u2019s values and offerings. After a few rounds of discussion and rewrites, the team decided on BELAY, and Michael went to work on creating the new brand.<\\/p>\\r\\n<h3>The Build<\\/h3>\\r\\n<p>Once the designs and UX\\/IA were finalized I got started working on the website. Time was of the essence with the site launch date and we had a lot of ground to cover. Michael was very supportive with answering any questions I had with the designs and how they would flow on the grid. If we still had trouble translating the design, he wouldn\\u2019t hesitate to give me a motion study.\\r\\n<img src=\\\"\\/uploads\\/faster.gif\\\" alt=\\\"faster.gif\\\"><\\/p>\\r\\n<p><em>The motion study above, and the implementation below<\\/em><\\/p>\\r\\n<h3>Iterative QA<\\/h3>\\r\\n<p>In order to get my projects out in time I prefer to work with designers who are comfortable with iterating over the same page a few times in a quick fashion. Typically a response from the designer would look like this:<\\/p>\\r\\n<p><img src=\\\"\\/uploads\\/Screenshot%202017-01-16%2021.02.54.png\\\" alt=\\\"Screenshot 2017-01-16 21.02.54.png\\\"><\\/p>\\r\\n<p>Not everyone is well equipped to deal with feedback like this. Some developers could take this and it would be a huge point of stress and concern, but for me it helps keep a constant line of communication with my designer at all times.<\\/p>\\r\\n<p>This wasn\\u2019t the only way we passed our findings back and forth. Aside from these visuals we also had a google spreadsheet full of screenshots and notes from the BELAY team, which really helped keep all of us on the same page for where we were during the project.<\\/p>\\r\\n<h3>The Launch<\\/h3>\\r\\n<p>Coming up towards the launch date we were lucky to have a handful of key stakeholders helping us QA the site. We made sure to have stand-ups every other day to communicate any issues we may see and increased that cadence to twice a day on the last week prior to launch. The beauty of this team is that they understood the importance of being flexible when it came down to making decisions on critical items that were needed for launch.  I\\u2019m happy to say we were able to launch on the exact date we had aimed for with a smooth deployment.<\\/p>\\r\\n<p><a href=\\\"https:\\/\\/belaysolutions.com\\\">Check out BELAY solutions new website here.<\\/a><\\/p>\",\"11\":{\"17\":{\"modified\":\"1\",\"type\":\"clientName\",\"enabled\":\"1\",\"collapsed\":\"0\",\"level\":\"0\",\"fields\":{\"clientName\":\"\"}},\"18\":{\"modified\":\"1\",\"type\":\"teaser\",\"enabled\":\"1\",\"collapsed\":\"0\",\"level\":\"0\",\"fields\":{\"teaser\":\"<p>Transforming five seperate successful companies into one cohesive brand digitally with my friends at&nbsp;<a href=\\\"http:\\/\\/huntandsaw.com\\/\\\">Hunt & Saw<\\/a>.<\\/p>\"}},\"19\":{\"modified\":\"1\",\"type\":\"images\",\"enabled\":\"1\",\"collapsed\":\"0\",\"level\":\"0\",\"fields\":{\"headerImage\":[\"8\"]}},\"20\":{\"modified\":\"1\",\"type\":\"screenshots\",\"enabled\":\"1\",\"collapsed\":\"0\",\"level\":\"1\",\"fields\":{\"screenshot\":[\"12\",\"13\",\"14\"]}},\"21\":{\"modified\":\"1\",\"type\":\"logos\",\"enabled\":\"1\",\"collapsed\":\"0\",\"level\":\"1\",\"fields\":{\"regularLogo\":\"\",\"whiteLogo\":\"\"}}},\"10\":{\"seoMainEntityCategory\":\"CreativeWork\",\"seoMainEntityOfPage\":\"WebPage\",\"seoTitleSource\":\"field\",\"seoTitleSourceField\":\"title\",\"seoTitleUnparsed\":\"Belay Solutions\",\"seoDescriptionSource\":\"custom\",\"seoDescriptionSourceField\":\"title\",\"seoDescriptionUnparsed\":\"\",\"seoKeywordsSource\":\"custom\",\"seoKeywordsSourceField\":\"title\",\"seoKeywordsUnparsed\":\"\",\"seoImageIdSource\":\"custom\",\"seoImageId\":\"\",\"seoImageTransform\":\"\",\"twitterCardType\":\"\",\"seoTwitterImageIdSource\":\"custom\",\"seoTwitterImageId\":\"\",\"seoTwitterImageTransform\":\"\",\"openGraphType\":\"\",\"seoFacebookImageIdSource\":\"custom\",\"seoFacebookImageId\":\"\",\"seoFacebookImageTransform\":\"\",\"robots\":\"\"}}}', '2017-09-07 05:46:19', '2017-09-07 05:46:19', '41869a7b-75e1-43bf-b095-55f288393534'),
 ('16', '43', '4', '1', 'en_us', '1', NULL, '{\"typeId\":\"4\",\"authorId\":null,\"title\":\"Work\",\"slug\":\"work\",\"postDate\":1504820404,\"expiryDate\":null,\"enabled\":1,\"parentId\":null,\"fields\":[]}', '2017-09-07 21:40:04', '2017-09-07 21:40:04', 'fc665883-1798-41f1-b4ce-9baef197893c'),
 ('17', '44', '5', '1', 'en_us', '1', NULL, '{\"typeId\":\"5\",\"authorId\":null,\"title\":\"About\",\"slug\":\"about\",\"postDate\":1504820411,\"expiryDate\":null,\"enabled\":1,\"parentId\":null,\"fields\":[]}', '2017-09-07 21:40:11', '2017-09-07 21:40:11', '84111463-6e4e-4460-80ff-2c750ab21f5c'),
 ('18', '16', '3', '1', 'en_us', '3', '', '{\"typeId\":\"3\",\"authorId\":\"1\",\"title\":\"Belay Solutions\",\"slug\":\"belay-solutions\",\"postDate\":1483248300,\"expiryDate\":null,\"enabled\":1,\"parentId\":null,\"fields\":{\"1\":\"<p>When I started freelancing, my good friend <a href=\\\"https:\\/\\/dribbble.com\\/huntandsaw\\\">Michael van Tonder of Hunt & Saw<\\/a> was on a similar path and had a lead on an interesting challenge. Michael was in discussions with Bryan Miles from Miles AG, a company that had four subsidiaries that specialized in virtual staffing. If you need an assistant, webmaster, bookkeeper or copywriter and aren\\u2019t necessarily worried about where in the world they are, the Miles AG group can staff any of these roles for you.<\\/p>\\r\\n<h3>The Need to Consolidate<\\/h3>\\r\\n<p>The Miles AG group had reached a point where they had 5 different websites, each with it\\u2019s own branding and theme, all related to virtual workers but they all lacked a singular tie back to the parent company.<\\/p>\\r\\n<p>Each of these websites had its own WordPress instance with their own blog posts, pages, and CTAs to join the company. As one could imagine, this ended up becoming quite a large undertaking with duplicate content and code across multiple WordPress installs.<\\/p>\\r\\n<h3>Five Companies Become One<\\/h3>\\r\\n<p>The leadership team met with Hunt & Saw and went through the process of finding a single name that would be synonymous with their company\\u2019s values and offerings. After a few rounds of discussion and rewrites, the team decided on BELAY, and Michael went to work on creating the new brand.<\\/p>\\r\\n<h3>The Build<\\/h3>\\r\\n<p>Once the designs and UX\\/IA were finalized I got started working on the website. Time was of the essence with the site launch date and we had a lot of ground to cover. Michael was very supportive with answering any questions I had with the designs and how they would flow on the grid. If we still had trouble translating the design, he wouldn\\u2019t hesitate to give me a motion study.\\r\\n<img src=\\\"\\/uploads\\/faster.gif\\\" alt=\\\"faster.gif\\\"><\\/p>\\r\\n<p><em>The motion study above, and the implementation below<\\/em><\\/p>\",\"12\":\"<h2>Iterative QA<\\/h2>\\r\\n<p>In order to get my projects out in time I prefer to work with designers who are comfortable with iterating over the same page a few times in a quick fashion. Typically a response from the designer would look like this:<\\/p>\\r\\n<p><img src=\\\"http:\\/\\/www.hallandall.com\\/uploads\\/Screenshot%202017-01-16%2021.02.54.png\\\" alt=\\\"Screenshot 2017-01-16 21.02.54.png\\\" style=\\\"vertical-align: middle; cursor: pointer; max-width: 100%; height: auto;\\\"><\\/p>\\r\\n<p>Not everyone is well equipped to deal with feedback like this. Some developers could take this and it would be a huge point of stress and concern, but for me it helps keep a constant line of communication with my designer at all times.<\\/p>\\r\\n<p>This wasn\\u2019t the only way we passed our findings back and forth. Aside from these visuals we also had a google spreadsheet full of screenshots and notes from the BELAY team, which really helped keep all of us on the same page for where we were during the project.<\\/p>\\r\\n<h3>The Launch<\\/h3>\\r\\n<p>Coming up towards the launch date we were lucky to have a handful of key stakeholders helping us QA the site. We made sure to have stand-ups every other day to communicate any issues we may see and increased that cadence to twice a day on the last week prior to launch. The beauty of this team is that they understood the importance of being flexible when it came down to making decisions on critical items that were needed for launch. I\\u2019m happy to say we were able to launch on the exact date we had aimed for with a smooth deployment.<\\/p>\\r\\n<p><a href=\\\"https:\\/\\/belaysolutions.com\\/\\\">Check out BELAY solutions new website here.<\\/a><\\/p>\",\"11\":{\"17\":{\"modified\":\"1\",\"type\":\"clientName\",\"enabled\":\"1\",\"collapsed\":\"0\",\"level\":\"0\",\"fields\":{\"clientName\":\"\"}},\"18\":{\"modified\":\"1\",\"type\":\"teaser\",\"enabled\":\"1\",\"collapsed\":\"0\",\"level\":\"0\",\"fields\":{\"teaser\":\"<p>Transforming five seperate successful companies into one cohesive brand digitally with my friends at&nbsp;<a href=\\\"http:\\/\\/huntandsaw.com\\/\\\">Hunt & Saw<\\/a>.<\\/p>\"}},\"19\":{\"modified\":\"1\",\"type\":\"images\",\"enabled\":\"1\",\"collapsed\":\"0\",\"level\":\"0\",\"fields\":{\"headerImage\":[\"8\"]}},\"20\":{\"modified\":\"1\",\"type\":\"screenshots\",\"enabled\":\"1\",\"collapsed\":\"0\",\"level\":\"1\",\"fields\":{\"screenshot\":[\"12\",\"13\",\"14\"]}},\"21\":{\"modified\":\"1\",\"type\":\"logos\",\"enabled\":\"1\",\"collapsed\":\"0\",\"level\":\"1\",\"fields\":{\"regularLogo\":\"\",\"whiteLogo\":\"\"}}},\"10\":{\"seoMainEntityCategory\":\"CreativeWork\",\"seoMainEntityOfPage\":\"WebPage\",\"seoTitleSource\":\"field\",\"seoTitleSourceField\":\"title\",\"seoTitleUnparsed\":\"Belay Solutions\",\"seoDescriptionSource\":\"custom\",\"seoDescriptionSourceField\":\"title\",\"seoDescriptionUnparsed\":\"\",\"seoKeywordsSource\":\"custom\",\"seoKeywordsSourceField\":\"title\",\"seoKeywordsUnparsed\":\"\",\"seoImageIdSource\":\"custom\",\"seoImageId\":\"\",\"seoImageTransform\":\"\",\"twitterCardType\":\"\",\"seoTwitterImageIdSource\":\"custom\",\"seoTwitterImageId\":\"\",\"seoTwitterImageTransform\":\"\",\"openGraphType\":\"\",\"seoFacebookImageIdSource\":\"custom\",\"seoFacebookImageId\":\"\",\"seoFacebookImageTransform\":\"\",\"robots\":\"\"}}}', '2017-09-07 21:50:11', '2017-09-07 21:50:11', '0f99e8e4-9c6a-48d2-a16c-d58de1435895'),
 ('19', '16', '3', '1', 'en_us', '4', '', '{\"typeId\":\"3\",\"authorId\":\"1\",\"title\":\"Belay Solutions\",\"slug\":\"belay-solutions\",\"postDate\":1483248300,\"expiryDate\":null,\"enabled\":1,\"parentId\":null,\"fields\":{\"1\":\"<p>When I started freelancing, my good friend <a href=\\\"https:\\/\\/dribbble.com\\/huntandsaw\\\">Michael van Tonder of Hunt & Saw<\\/a> was on a similar path and had a lead on an interesting challenge. Michael was in discussions with Bryan Miles from Miles AG, a company that had four subsidiaries that specialized in virtual staffing. If you need an assistant, webmaster, bookkeeper or copywriter and aren\\u2019t necessarily worried about where in the world they are, the Miles AG group can staff any of these roles for you.<\\/p>\\r\\n<h3>The Need to Consolidate<\\/h3>\\r\\n<p>The Miles AG group had reached a point where they had 5 different websites, each with it\\u2019s own branding and theme, all related to virtual workers but they all lacked a singular tie back to the parent company.<\\/p>\\r\\n<p>Each of these websites had its own WordPress instance with their own blog posts, pages, and CTAs to join the company. As one could imagine, this ended up becoming quite a large undertaking with duplicate content and code across multiple WordPress installs.<\\/p>\\r\\n<h3>Five Companies Become One<\\/h3>\\r\\n<p>The leadership team met with Hunt & Saw and went through the process of finding a single name that would be synonymous with their company\\u2019s values and offerings. After a few rounds of discussion and rewrites, the team decided on BELAY, and Michael went to work on creating the new brand.<\\/p>\\r\\n<h3>The Build<\\/h3>\\r\\n<p>Once the designs and UX\\/IA were finalized I got started working on the website. Time was of the essence with the site launch date and we had a lot of ground to cover. Michael was very supportive with answering any questions I had with the designs and how they would flow on the grid. If we still had trouble translating the design, he wouldn\\u2019t hesitate to give me a motion study.&nbsp;<\\/p>\",\"12\":\"<h2>Iterative QA<\\/h2>\\r\\n<p>In order to get my projects out in time I prefer to work with designers who are comfortable with iterating over the same page a few times in a quick fashion. Typically a response from my designer would have a lot of notes and arrows all over the place.<\\/p>\\r\\n<p>Not everyone is well equipped to deal with feedback like this. Some developers could take this and it would be a huge point of stress and concern, but for me it helps keep a constant line of communication with my designer at all times.<\\/p>\\r\\n<p>This wasn\\u2019t the only way we passed our findings back and forth. Aside from these visuals we also had a google spreadsheet full of screenshots and notes from the BELAY team, which really helped keep all of us on the same page for where we were during the project.<\\/p>\\r\\n<h3>The Launch<\\/h3>\\r\\n<p>Coming up towards the launch date we were lucky to have a handful of key stakeholders helping us QA the site. We made sure to have stand-ups every other day to communicate any issues we may see and increased that cadence to twice a day on the last week prior to launch. The beauty of this team is that they understood the importance of being flexible when it came down to making decisions on critical items that were needed for launch. I\\u2019m happy to say we were able to launch on the exact date we had aimed for with a smooth deployment.<\\/p>\\r\\n<p><a href=\\\"https:\\/\\/belaysolutions.com\\/\\\">Check out BELAY solutions new website here.<\\/a><\\/p>\",\"11\":{\"17\":{\"modified\":\"1\",\"type\":\"clientName\",\"enabled\":\"1\",\"collapsed\":\"0\",\"level\":\"0\",\"fields\":{\"clientName\":\"\"}},\"18\":{\"modified\":\"1\",\"type\":\"teaser\",\"enabled\":\"1\",\"collapsed\":\"0\",\"level\":\"0\",\"fields\":{\"teaser\":\"<p>Transforming five seperate successful companies into one cohesive brand digitally with my friends at&nbsp;<a href=\\\"http:\\/\\/huntandsaw.com\\/\\\">Hunt & Saw<\\/a>.<\\/p>\"}},\"19\":{\"modified\":\"1\",\"type\":\"images\",\"enabled\":\"1\",\"collapsed\":\"0\",\"level\":\"0\",\"fields\":{\"headerImage\":[\"8\"]}},\"20\":{\"modified\":\"1\",\"type\":\"screenshots\",\"enabled\":\"1\",\"collapsed\":\"0\",\"level\":\"1\",\"fields\":{\"screenshot\":[\"12\",\"13\",\"14\"]}},\"21\":{\"modified\":\"1\",\"type\":\"logos\",\"enabled\":\"1\",\"collapsed\":\"0\",\"level\":\"1\",\"fields\":{\"regularLogo\":\"\",\"whiteLogo\":\"\"}}},\"10\":{\"seoMainEntityCategory\":\"CreativeWork\",\"seoMainEntityOfPage\":\"WebPage\",\"seoTitleSource\":\"field\",\"seoTitleSourceField\":\"title\",\"seoTitleUnparsed\":\"Belay Solutions\",\"seoDescriptionSource\":\"custom\",\"seoDescriptionSourceField\":\"title\",\"seoDescriptionUnparsed\":\"\",\"seoKeywordsSource\":\"custom\",\"seoKeywordsSourceField\":\"title\",\"seoKeywordsUnparsed\":\"\",\"seoImageIdSource\":\"custom\",\"seoImageId\":\"\",\"seoImageTransform\":\"\",\"twitterCardType\":\"\",\"seoTwitterImageIdSource\":\"custom\",\"seoTwitterImageId\":\"\",\"seoTwitterImageTransform\":\"\",\"openGraphType\":\"\",\"seoFacebookImageIdSource\":\"custom\",\"seoFacebookImageId\":\"\",\"seoFacebookImageTransform\":\"\",\"robots\":\"\"}}}', '2017-09-07 21:52:03', '2017-09-07 21:52:03', 'b2b4cfc6-88c7-4859-8891-3fdbfef5c07a'),
 ('20', '16', '3', '1', 'en_us', '5', '', '{\"typeId\":\"3\",\"authorId\":\"1\",\"title\":\"Belay Solutions\",\"slug\":\"belay-solutions\",\"postDate\":1483248300,\"expiryDate\":null,\"enabled\":1,\"parentId\":null,\"fields\":{\"1\":\"<p>When I started freelancing, my good friend <a href=\\\"https:\\/\\/dribbble.com\\/huntandsaw\\\">Michael van Tonder of Hunt & Saw<\\/a> was on a similar path and had a lead on an interesting challenge. Michael was in discussions with Bryan Miles from Miles AG, a company that had four subsidiaries that specialized in virtual staffing. If you need an assistant, webmaster, bookkeeper or copywriter and aren\\u2019t necessarily worried about where in the world they are, the Miles AG group can staff any of these roles for you.<\\/p>\\r\\n<h3>The Need to Consolidate<\\/h3>\\r\\n<p>The Miles AG group had reached a point where they had 5 different websites, each with it\\u2019s own branding and theme, all related to virtual workers but they all lacked a singular tie back to the parent company.<\\/p>\\r\\n<p>Each of these websites had its own WordPress instance with their own blog posts, pages, and CTAs to join the company. As one could imagine, this ended up becoming quite a large undertaking with duplicate content and code across multiple WordPress installs.<\\/p>\\r\\n<h3>Five Companies Become One<\\/h3>\\r\\n<p>The leadership team met with Hunt & Saw and went through the process of finding a single name that would be synonymous with their company\\u2019s values and offerings. After a few rounds of discussion and rewrites, the team decided on BELAY, and Michael went to work on creating the new brand.<\\/p>\\r\\n<h3>The Build<\\/h3>\\r\\n<p>Once the designs and UX\\/IA were finalized I got started working on the website. Time was of the essence with the site launch date and we had a lot of ground to cover. Michael was very supportive with answering any questions I had with the designs and how they would flow on the grid. If we still had trouble translating the design, he wouldn\\u2019t hesitate to give me a motion study.&nbsp;<\\/p>\",\"12\":\"<h2>Iterative QA<\\/h2>\\r\\n<p>In order to get my projects out in time I prefer to work with designers who are comfortable with iterating over the same page a few times in a quick fashion. Typically a response from my designer would have a lot of notes and arrows all over the place.<\\/p>\\r\\n<p>Not everyone is well equipped to deal with feedback like this. Some developers could take this and it would be a huge point of stress and concern, but for me it helps keep a constant line of communication with my designer at all times.<\\/p>\\r\\n<p>This wasn\\u2019t the only way we passed our findings back and forth. Aside from these visuals we also had a google spreadsheet full of screenshots and notes from the BELAY team, which really helped keep all of us on the same page for where we were during the project.<\\/p>\\r\\n<h3>The Launch<\\/h3>\\r\\n<p>Coming up towards the launch date we were lucky to have a handful of key stakeholders helping us QA the site. We made sure to have stand-ups every other day to communicate any issues we may see and increased that cadence to twice a day on the last week prior to launch. The beauty of this team is that they understood the importance of being flexible when it came down to making decisions on critical items that were needed for launch. I\\u2019m happy to say we were able to launch on the exact date we had aimed for with a smooth deployment.<\\/p><p><br><\\/p><p><br><\\/p>\\r\\n<p><a href=\\\"https:\\/\\/belaysolutions.com\\/\\\">Check out BELAY solutions new website here.<\\/a><\\/p>\",\"11\":{\"17\":{\"modified\":\"1\",\"type\":\"clientName\",\"enabled\":\"1\",\"collapsed\":\"0\",\"level\":\"0\",\"fields\":{\"clientName\":\"\"}},\"18\":{\"modified\":\"1\",\"type\":\"teaser\",\"enabled\":\"1\",\"collapsed\":\"0\",\"level\":\"0\",\"fields\":{\"teaser\":\"<p>Transforming five seperate successful companies into one cohesive brand digitally with my friends at&nbsp;<a href=\\\"http:\\/\\/huntandsaw.com\\/\\\">Hunt & Saw<\\/a>.<\\/p>\"}},\"19\":{\"modified\":\"1\",\"type\":\"images\",\"enabled\":\"1\",\"collapsed\":\"0\",\"level\":\"0\",\"fields\":{\"headerImage\":[\"8\"]}},\"20\":{\"modified\":\"1\",\"type\":\"screenshots\",\"enabled\":\"1\",\"collapsed\":\"0\",\"level\":\"1\",\"fields\":{\"screenshot\":[\"12\",\"13\",\"14\"]}},\"21\":{\"modified\":\"1\",\"type\":\"logos\",\"enabled\":\"1\",\"collapsed\":\"0\",\"level\":\"1\",\"fields\":{\"regularLogo\":\"\",\"whiteLogo\":\"\"}}},\"10\":{\"seoMainEntityCategory\":\"CreativeWork\",\"seoMainEntityOfPage\":\"WebPage\",\"seoTitleSource\":\"field\",\"seoTitleSourceField\":\"title\",\"seoTitleUnparsed\":\"Belay Solutions\",\"seoDescriptionSource\":\"custom\",\"seoDescriptionSourceField\":\"title\",\"seoDescriptionUnparsed\":\"\",\"seoKeywordsSource\":\"custom\",\"seoKeywordsSourceField\":\"title\",\"seoKeywordsUnparsed\":\"\",\"seoImageIdSource\":\"custom\",\"seoImageId\":\"\",\"seoImageTransform\":\"\",\"twitterCardType\":\"\",\"seoTwitterImageIdSource\":\"custom\",\"seoTwitterImageId\":\"\",\"seoTwitterImageTransform\":\"\",\"openGraphType\":\"\",\"seoFacebookImageIdSource\":\"custom\",\"seoFacebookImageId\":\"\",\"seoFacebookImageTransform\":\"\",\"robots\":\"\"}}}', '2017-09-07 21:52:17', '2017-09-07 21:52:17', 'e9b6cf66-14ee-4471-b67b-7a82099b224a'),
 ('21', '25', '3', '1', 'en_us', '3', '', '{\"typeId\":\"3\",\"authorId\":\"1\",\"title\":\"Akada Software\",\"slug\":\"akada-software\",\"postDate\":1467005700,\"expiryDate\":null,\"enabled\":1,\"parentId\":null,\"fields\":{\"1\":\"<p>Akada Software was in need of an updating. They approached Son&Sons for new branding and a new take on their website. After getting a beautiful new Brand treatment, Son&Sons reached out to me to meet with the team to see if I was available to tackle the job.<\\/p>\\r\\n<p>After meeting with Son&Sons and seeing the design I knew I had to take the job. They did an amazing job making the site feel alive and whimsical with their iconography.<\\/p>\\r\\n<p>I\\u2019ve always wanted to be able to play with SVG animations using scrolling and I felt like this was the perfect opportunity to do so. I felt like while the icons provided were fun and full of life, I could add a bit more to them. <\\/p>\\r\\n<p>I decided to use the ever popular greensock javascript library to help me with the SVG animations. I want to learn how to do the animations on my own however with the time constraint of this engagement I didn\\u2019t want to risk going over my time allotted, so greensock was the perfect choice. I have to say i\'m really happy with the outcome.&nbsp;<\\/p>\\r\\n<p><br><\\/p>\",\"12\":\"<p>This was built on wordpress using the Sage Starter theme for wordpress and while it was my first time using it, I was able to really power through my workflow with it in a great and efficient manner, will definitely use this going forward for my Wordpress needs.<\\/p>\\r\\n<p>After having the site ready to go, the client and Son&Sons couldn\\u2019t be happier with the work that was delivered. Definitely a huge win!<\\/p>\\r\\n<p><a href=\\\"http:\\/\\/akadasoftware.com\\/\\\">Check out the site!<\\/a><\\/p><p><\\/p>\",\"11\":{\"26\":{\"modified\":\"1\",\"type\":\"teaser\",\"enabled\":\"1\",\"collapsed\":\"0\",\"level\":\"0\",\"fields\":{\"teaser\":\"<p>SVG animations and bright colors make for a great rebrand project with my friends at <a href=\\\"\\/\\/sonandsons.com\\\"><\\/a><a href=\\\"\\/\\/sonandsons.com\\\" target=\\\"_blank\\\" rel=\\\"noreferrer noopener\\\">Son & Sons<\\/a><\\/p>\"}},\"27\":{\"modified\":\"1\",\"type\":\"images\",\"enabled\":\"1\",\"collapsed\":\"0\",\"level\":\"0\",\"fields\":{\"headerImage\":[\"22\"]}},\"28\":{\"modified\":\"1\",\"type\":\"screenshots\",\"enabled\":\"1\",\"collapsed\":\"0\",\"level\":\"1\",\"fields\":{\"screenshot\":[\"22\",\"49\",\"48\",\"50\"]}}},\"10\":{\"seoMainEntityCategory\":\"CreativeWork\",\"seoMainEntityOfPage\":\"WebPage\",\"seoTitleSource\":\"field\",\"seoTitleSourceField\":\"title\",\"seoTitleUnparsed\":\"Akada Software\",\"seoDescriptionSource\":\"custom\",\"seoDescriptionSourceField\":\"title\",\"seoDescriptionUnparsed\":\"\",\"seoKeywordsSource\":\"custom\",\"seoKeywordsSourceField\":\"title\",\"seoKeywordsUnparsed\":\"\",\"seoImageIdSource\":\"custom\",\"seoImageId\":\"\",\"seoImageTransform\":\"\",\"twitterCardType\":\"\",\"seoTwitterImageIdSource\":\"custom\",\"seoTwitterImageId\":\"\",\"seoTwitterImageTransform\":\"\",\"openGraphType\":\"\",\"seoFacebookImageIdSource\":\"custom\",\"seoFacebookImageId\":\"\",\"seoFacebookImageTransform\":\"\",\"robots\":\"\"}}}', '2017-09-07 21:55:01', '2017-09-07 21:55:01', 'fbd72f54-5e16-4306-a058-d284409621ee'),
 ('22', '25', '3', '1', 'en_us', '4', '', '{\"typeId\":\"3\",\"authorId\":\"1\",\"title\":\"Akada Software\",\"slug\":\"akada-software\",\"postDate\":1467005700,\"expiryDate\":null,\"enabled\":1,\"parentId\":null,\"fields\":{\"1\":\"<p>Akada Software was in need of an updating. They approached Son&Sons for new branding and a new take on their website. After getting a beautiful new Brand treatment, Son&Sons reached out to me to meet with the team to see if I was available to tackle the job.<\\/p>\\r\\n<p>After meeting with Son&Sons and seeing the design I knew I had to take the job. They did an amazing job making the site feel alive and whimsical with their iconography.<\\/p>\\r\\n<p>I\\u2019ve always wanted to be able to play with SVG animations using scrolling and I felt like this was the perfect opportunity to do so. I felt like while the icons provided were fun and full of life, I could add a bit more to them. <\\/p>\\r\\n<p>I decided to use the ever popular greensock javascript library to help me with the SVG animations. I want to learn how to do the animations on my own however with the time constraint of this engagement I didn\\u2019t want to risk going over my time allotted, so greensock was the perfect choice. I have to say i\'m really happy with the outcome.&nbsp;<\\/p>\\r\\n<p><br><\\/p>\",\"12\":\"<p>This was built on wordpress using the Sage Starter theme for wordpress and while it was my first time using it, I was able to really power through my workflow with it in a great and efficient manner, will definitely use this going forward for my Wordpress needs.<\\/p>\\r\\n<p>After having the site ready to go, the client and Son&Sons couldn\\u2019t be happier with the work that was delivered. Definitely a huge win!<\\/p>\\r\\n<p><a href=\\\"http:\\/\\/akadasoftware.com\\/\\\">Check out the site!<\\/a><\\/p>\",\"11\":{\"26\":{\"modified\":\"1\",\"type\":\"teaser\",\"enabled\":\"1\",\"collapsed\":\"0\",\"level\":\"0\",\"fields\":{\"teaser\":\"<p>SVG animations and bright colors make for a great rebrand project with my friends at <a href=\\\"\\/\\/sonandsons.com\\\"><\\/a><a href=\\\"\\/\\/sonandsons.com\\\" target=\\\"_blank\\\" rel=\\\"noreferrer noopener\\\">Son & Sons<\\/a><\\/p>\"}},\"27\":{\"modified\":\"1\",\"type\":\"images\",\"enabled\":\"1\",\"collapsed\":\"0\",\"level\":\"0\",\"fields\":{\"headerImage\":[\"22\"]}},\"28\":{\"modified\":\"1\",\"type\":\"screenshots\",\"enabled\":\"1\",\"collapsed\":\"0\",\"level\":\"1\",\"fields\":{\"screenshot\":[\"47\",\"49\",\"48\",\"50\",\"45\",\"46\"]}}},\"10\":{\"seoMainEntityCategory\":\"CreativeWork\",\"seoMainEntityOfPage\":\"WebPage\",\"seoTitleSource\":\"field\",\"seoTitleSourceField\":\"title\",\"seoTitleUnparsed\":\"Akada Software\",\"seoDescriptionSource\":\"custom\",\"seoDescriptionSourceField\":\"title\",\"seoDescriptionUnparsed\":\"\",\"seoKeywordsSource\":\"custom\",\"seoKeywordsSourceField\":\"title\",\"seoKeywordsUnparsed\":\"\",\"seoImageIdSource\":\"custom\",\"seoImageId\":\"\",\"seoImageTransform\":\"\",\"twitterCardType\":\"\",\"seoTwitterImageIdSource\":\"custom\",\"seoTwitterImageId\":\"\",\"seoTwitterImageTransform\":\"\",\"openGraphType\":\"\",\"seoFacebookImageIdSource\":\"custom\",\"seoFacebookImageId\":\"\",\"seoFacebookImageTransform\":\"\",\"robots\":\"\"}}}', '2017-09-07 21:55:37', '2017-09-07 21:55:37', '77c8ef1a-daad-4dbe-8014-6a22d7810cc7'),
 ('23', '25', '3', '1', 'en_us', '5', '', '{\"typeId\":\"3\",\"authorId\":\"1\",\"title\":\"Akada Software\",\"slug\":\"akada-software\",\"postDate\":1467005700,\"expiryDate\":null,\"enabled\":1,\"parentId\":null,\"fields\":{\"1\":\"<p>Akada Software was in need of an updating. They approached Son&Sons for new branding and a new take on their website. After getting a beautiful new Brand treatment, Son&Sons reached out to me to meet with the team to see if I was available to tackle the job.<\\/p><p><br><\\/p>\\r\\n<p>After meeting with Son&Sons and seeing the design I knew I had to take the job. They did an amazing job making the site feel alive and whimsical with their iconography.<\\/p><p><br><\\/p>\\r\\n<p>I\\u2019ve always wanted to be able to play with SVG animations using scrolling and I felt like this was the perfect opportunity to do so. I felt like while the icons provided were fun and full of life, I could add a bit more to them. <\\/p><p><br><\\/p>\\r\\n<p>I decided to use the ever popular greensock javascript library to help me with the SVG animations. I want to learn how to do the animations on my own however with the time constraint of this engagement I didn\\u2019t want to risk going over my time allotted, so greensock was the perfect choice. I have to say i\'m really happy with the outcome.&nbsp;<\\/p>\\r\\n<p><br><\\/p>\",\"12\":\"<p>This was built on wordpress using the Sage Starter theme for wordpress and while it was my first time using it, I was able to really power through my workflow with it in a great and efficient manner, will definitely use this going forward for my Wordpress needs.<\\/p><p><br><\\/p>\\r\\n<p>After having the site ready to go, the client and Son&Sons couldn\\u2019t be happier with the work that was delivered. Definitely a huge win!<\\/p>\\r\\n<p><a href=\\\"http:\\/\\/akadasoftware.com\\/\\\">Check out the site!<\\/a><\\/p>\",\"11\":{\"26\":{\"modified\":\"1\",\"type\":\"teaser\",\"enabled\":\"1\",\"collapsed\":\"0\",\"level\":\"0\",\"fields\":{\"teaser\":\"<p>SVG animations and bright colors make for a great rebrand project with my friends at <a href=\\\"\\/\\/sonandsons.com\\\"><\\/a><a href=\\\"\\/\\/sonandsons.com\\\" target=\\\"_blank\\\" rel=\\\"noreferrer noopener\\\">Son & Sons<\\/a><\\/p>\"}},\"27\":{\"modified\":\"1\",\"type\":\"images\",\"enabled\":\"1\",\"collapsed\":\"0\",\"level\":\"0\",\"fields\":{\"headerImage\":[\"22\"]}},\"28\":{\"modified\":\"1\",\"type\":\"screenshots\",\"enabled\":\"1\",\"collapsed\":\"0\",\"level\":\"1\",\"fields\":{\"screenshot\":[\"47\",\"49\",\"48\",\"50\",\"45\",\"46\"]}}},\"10\":{\"seoMainEntityCategory\":\"CreativeWork\",\"seoMainEntityOfPage\":\"WebPage\",\"seoTitleSource\":\"field\",\"seoTitleSourceField\":\"title\",\"seoTitleUnparsed\":\"Akada Software\",\"seoDescriptionSource\":\"custom\",\"seoDescriptionSourceField\":\"title\",\"seoDescriptionUnparsed\":\"\",\"seoKeywordsSource\":\"custom\",\"seoKeywordsSourceField\":\"title\",\"seoKeywordsUnparsed\":\"\",\"seoImageIdSource\":\"custom\",\"seoImageId\":\"\",\"seoImageTransform\":\"\",\"twitterCardType\":\"\",\"seoTwitterImageIdSource\":\"custom\",\"seoTwitterImageId\":\"\",\"seoTwitterImageTransform\":\"\",\"openGraphType\":\"\",\"seoFacebookImageIdSource\":\"custom\",\"seoFacebookImageId\":\"\",\"seoFacebookImageTransform\":\"\",\"robots\":\"\"}}}', '2017-09-07 21:56:24', '2017-09-07 21:56:24', '34cab28d-bd5a-446c-b1a5-91b4e60be0a4'),
 ('24', '32', '3', '1', 'en_us', '4', '', '{\"typeId\":\"3\",\"authorId\":\"1\",\"title\":\"The Home Depot\",\"slug\":\"the-home-depot\",\"postDate\":1371274800,\"expiryDate\":null,\"enabled\":1,\"parentId\":null,\"fields\":{\"1\":\"<p>The Home Depot partnered with MaxMedia to create a multi-channel experience giving a distinct point-of-view in the market of home d\\u00e9cor while promoting a fun, engaging, and non-intimidating environment for users.<\\/p>\\r\\n<p>This was the first catalog styled app I got to work on. It was based off seasonal ideas so we were putting out an issue every 3 months or so. I was lucky enough to do all of the development for three of the seasons.<\\/p>\\r\\n<p>The first issue I developed was the fall style guide:<\\/p><p>\\r\\n<iframe width=\\\"854\\\" height=\\\"480\\\" src=\\\"https:\\/\\/www.youtube.com\\/embed\\/-vOtRlYb32w\\\" frameborder=\\\"0\\\" allowfullscreen><\\/iframe>\\r\\n<\\/p>\\r\\n<p>In the fall guide I was able to play with a lot of fun functionality such as in view Video as well as a lot of page build ups. <\\/p>\\r\\n<p>In the holiday style guide we got to play with a small amount of \\\"VR\\\" as well as hid some easter eggs. The video doesn\'t show it but in a specific view (the one where you can slide horizontally) if you shake the iPad, it would create a snow storm!<\\/p>\\r\\n<p>You can view all of the other features here:<\\/p><p><a href=\\\"http:\\/\\/www.youtube.com\\/watch?v=3o30p0hRhBw\\\" title=\\\"Holiday Guide\\\"><img src=\\\"http:\\/\\/img.youtube.com\\/vi\\/3o30p0hRhBw\\/0.jpg\\\" alt=\\\"Holiday Guide\\\"><\\/a><\\/p>\\r\\n<p>The final issue we produced was really fun. We added more of the VR aspect as well as added some 360 degree views of sheds. We added a different form of tiling views to help with loading of the app (as we added more imagery the size had began to bloat a bit which was another challenge we had to overcome).<\\/p>\\r\\n<p>You can view the spring guide here:<\\/p><p><a href=\\\"http:\\/\\/www.youtube.com\\/watch?v=BJICnZRNROs\\\" title=\\\"Spring Guide\\\"><img src=\\\"http:\\/\\/img.youtube.com\\/vi\\/BJICnZRNROs\\/0.jpg\\\" alt=\\\"Spring Guide\\\"><\\/a><\\/p>\",\"12\":\"\",\"11\":{\"33\":{\"modified\":\"1\",\"type\":\"teaser\",\"enabled\":\"1\",\"collapsed\":\"0\",\"level\":\"0\",\"fields\":{\"teaser\":\"<p>Bringing style and interactivity to big orange with my friends at <a href=\\\"\\/\\/maxmedia.com\\\" target=\\\"_blank\\\" rel=\\\"noreferrer noopener\\\">Maxmedia<\\/a><\\/p>\"}},\"34\":{\"modified\":\"1\",\"type\":\"images\",\"enabled\":\"1\",\"collapsed\":\"0\",\"level\":\"0\",\"fields\":{\"headerImage\":[\"30\"]}},\"35\":{\"modified\":\"1\",\"type\":\"screenshots\",\"enabled\":\"1\",\"collapsed\":\"0\",\"level\":\"1\",\"fields\":{\"screenshot\":[\"29\"]}}},\"10\":{\"seoMainEntityCategory\":\"CreativeWork\",\"seoMainEntityOfPage\":\"WebPage\",\"seoTitleSource\":\"field\",\"seoTitleSourceField\":\"title\",\"seoTitleUnparsed\":\"The Home Depot\",\"seoDescriptionSource\":\"custom\",\"seoDescriptionSourceField\":\"title\",\"seoDescriptionUnparsed\":\"\",\"seoKeywordsSource\":\"custom\",\"seoKeywordsSourceField\":\"title\",\"seoKeywordsUnparsed\":\"\",\"seoImageIdSource\":\"custom\",\"seoImageId\":\"\",\"seoImageTransform\":\"\",\"twitterCardType\":\"\",\"seoTwitterImageIdSource\":\"custom\",\"seoTwitterImageId\":\"\",\"seoTwitterImageTransform\":\"\",\"openGraphType\":\"\",\"seoFacebookImageIdSource\":\"custom\",\"seoFacebookImageId\":\"\",\"seoFacebookImageTransform\":\"\",\"robots\":\"\"}}}', '2017-09-07 21:58:09', '2017-09-07 21:58:09', 'a3b29151-bf90-4d9c-9915-7fe9a5adfc8e'),
 ('25', '32', '3', '1', 'en_us', '5', '', '{\"typeId\":\"3\",\"authorId\":\"1\",\"title\":\"The Home Depot\",\"slug\":\"the-home-depot\",\"postDate\":1371274800,\"expiryDate\":null,\"enabled\":1,\"parentId\":null,\"fields\":{\"1\":\"<p>The Home Depot partnered with MaxMedia to create a multi-channel experience giving a distinct point-of-view in the market of home d\\u00e9cor while promoting a fun, engaging, and non-intimidating environment for users.<\\/p>\\r\\n<p>This was the first catalog styled app I got to work on. It was based off seasonal ideas so we were putting out an issue every 3 months or so. I was lucky enough to do all of the development for three of the seasons.<\\/p>\\r\\n<p>The first issue I developed was the fall style guide:\\r\\n<iframe width=\\\"854\\\" height=\\\"480\\\" src=\\\"https:\\/\\/www.youtube.com\\/embed\\/-vOtRlYb32w\\\" frameborder=\\\"0\\\" allowfullscreen><\\/iframe>\\r\\n<\\/p>\\r\\n<p>\\r\\n<\\/p>\\r\\n<p>In the fall guide I was able to play with a lot of fun functionality such as in view Video as well as a lot of page build ups. <\\/p>\\r\\n<p>In the holiday style guide we got to play with a small amount of \\\"VR\\\" as well as hid some easter eggs. The video doesn\'t show it but in a specific view (the one where you can slide horizontally) if you shake the iPad, it would create a snow storm!<\\/p>\\r\\n<p>You can view all of the other features here:<\\/p>\\r\\n<p><a href=\\\"http:\\/\\/www.youtube.com\\/watch?v=3o30p0hRhBw\\\" title=\\\"Holiday Guide\\\"><img src=\\\"http:\\/\\/img.youtube.com\\/vi\\/3o30p0hRhBw\\/0.jpg\\\" alt=\\\"Holiday Guide\\\"><\\/a><\\/p>\\r\\n<p>The final issue we produced was really fun. We added more of the VR aspect as well as added some 360 degree views of sheds. We added a different form of tiling views to help with loading of the app (as we added more imagery the size had began to bloat a bit which was another challenge we had to overcome).<\\/p>\\r\\n<p>You can view the spring guide here:<\\/p>\\r\\n<p><a href=\\\"http:\\/\\/www.youtube.com\\/watch?v=BJICnZRNROs\\\" title=\\\"Spring Guide\\\"><img src=\\\"http:\\/\\/img.youtube.com\\/vi\\/BJICnZRNROs\\/0.jpg\\\" alt=\\\"Spring Guide\\\"><\\/a><\\/p>\",\"12\":\"\",\"11\":{\"33\":{\"modified\":\"1\",\"type\":\"teaser\",\"enabled\":\"1\",\"collapsed\":\"0\",\"level\":\"0\",\"fields\":{\"teaser\":\"<p>Bringing style and interactivity to big orange with my friends at <a href=\\\"\\/\\/maxmedia.com\\\" target=\\\"_blank\\\" rel=\\\"noreferrer noopener\\\">Maxmedia<\\/a><\\/p>\"}},\"34\":{\"modified\":\"1\",\"type\":\"images\",\"enabled\":\"1\",\"collapsed\":\"0\",\"level\":\"0\",\"fields\":{\"headerImage\":[\"30\"]}},\"35\":{\"modified\":\"1\",\"type\":\"screenshots\",\"enabled\":\"1\",\"collapsed\":\"0\",\"level\":\"1\",\"fields\":{\"screenshot\":[\"29\"]}}},\"10\":{\"seoMainEntityCategory\":\"CreativeWork\",\"seoMainEntityOfPage\":\"WebPage\",\"seoTitleSource\":\"field\",\"seoTitleSourceField\":\"title\",\"seoTitleUnparsed\":\"The Home Depot\",\"seoDescriptionSource\":\"custom\",\"seoDescriptionSourceField\":\"title\",\"seoDescriptionUnparsed\":\"\",\"seoKeywordsSource\":\"custom\",\"seoKeywordsSourceField\":\"title\",\"seoKeywordsUnparsed\":\"\",\"seoImageIdSource\":\"custom\",\"seoImageId\":\"\",\"seoImageTransform\":\"\",\"twitterCardType\":\"\",\"seoTwitterImageIdSource\":\"custom\",\"seoTwitterImageId\":\"\",\"seoTwitterImageTransform\":\"\",\"openGraphType\":\"\",\"seoFacebookImageIdSource\":\"custom\",\"seoFacebookImageId\":\"\",\"seoFacebookImageTransform\":\"\",\"robots\":\"\"}}}', '2017-09-07 21:58:30', '2017-09-07 21:58:30', 'a49ace5b-7ce7-4da0-ad30-99aeba801426'),
 ('26', '32', '3', '1', 'en_us', '6', '', '{\"typeId\":\"3\",\"authorId\":\"1\",\"title\":\"The Home Depot\",\"slug\":\"the-home-depot\",\"postDate\":1371274800,\"expiryDate\":null,\"enabled\":1,\"parentId\":null,\"fields\":{\"1\":\"<p>The Home Depot partnered with MaxMedia to create a multi-channel experience giving a distinct point-of-view in the market of home d\\u00e9cor while promoting a fun, engaging, and non-intimidating environment for users.<\\/p>\\r\\n<p>This was the first catalog styled app I got to work on. It was based off seasonal ideas so we were putting out an issue every 3 months or so. I was lucky enough to do all of the development for three of the seasons.<\\/p>\\r\\n<p>The first issue I developed was the fall style guide:\\r\\n<a href=\\\"http:\\/\\/www.youtube.com\\/watch?v=-vOtRlYb32w\\\" title=\\\"Fall Guide\\\"><img src=\\\"http:\\/\\/img.youtube.com\\/vi\\/-vOtRlYb32w\\/0.jpg\\\" alt=\\\"Fall Guide\\\" \\/><\\/a>\\r\\n<\\/p>\\r\\n<p>\\r\\n<\\/p>\\r\\n<p>In the fall guide I was able to play with a lot of fun functionality such as in view Video as well as a lot of page build ups. <\\/p>\\r\\n<p>In the holiday style guide we got to play with a small amount of \\\"VR\\\" as well as hid some easter eggs. The video doesn\'t show it but in a specific view (the one where you can slide horizontally) if you shake the iPad, it would create a snow storm!<\\/p>\\r\\n<p>You can view all of the other features here:<\\/p><p><br><\\/p>\\r\\n<p><a href=\\\"http:\\/\\/www.youtube.com\\/watch?v=3o30p0hRhBw\\\" title=\\\"Holiday Guide\\\"><img src=\\\"http:\\/\\/img.youtube.com\\/vi\\/3o30p0hRhBw\\/0.jpg\\\" alt=\\\"Holiday Guide\\\"><\\/a><\\/p><p><br><\\/p>\\r\\n<p>The final issue we produced was really fun. We added more of the VR aspect as well as added some 360 degree views of sheds. We added a different form of tiling views to help with loading of the app (as we added more imagery the size had began to bloat a bit which was another challenge we had to overcome).<\\/p>\\r\\n<p>You can view the spring guide here:<\\/p><p><br><\\/p>\\r\\n<p><a href=\\\"http:\\/\\/www.youtube.com\\/watch?v=BJICnZRNROs\\\" title=\\\"Spring Guide\\\"><img src=\\\"http:\\/\\/img.youtube.com\\/vi\\/BJICnZRNROs\\/0.jpg\\\" alt=\\\"Spring Guide\\\"><\\/a><\\/p><p><br><\\/p>\",\"12\":\"\",\"11\":{\"33\":{\"modified\":\"1\",\"type\":\"teaser\",\"enabled\":\"1\",\"collapsed\":\"0\",\"level\":\"0\",\"fields\":{\"teaser\":\"<p>Bringing style and interactivity to big orange with my friends at <a href=\\\"\\/\\/maxmedia.com\\\" target=\\\"_blank\\\" rel=\\\"noreferrer noopener\\\">Maxmedia<\\/a><\\/p>\"}},\"34\":{\"modified\":\"1\",\"type\":\"images\",\"enabled\":\"1\",\"collapsed\":\"0\",\"level\":\"0\",\"fields\":{\"headerImage\":[\"30\"]}},\"35\":{\"modified\":\"1\",\"type\":\"screenshots\",\"enabled\":\"1\",\"collapsed\":\"0\",\"level\":\"1\",\"fields\":{\"screenshot\":[\"29\"]}}},\"10\":{\"seoMainEntityCategory\":\"CreativeWork\",\"seoMainEntityOfPage\":\"WebPage\",\"seoTitleSource\":\"field\",\"seoTitleSourceField\":\"title\",\"seoTitleUnparsed\":\"The Home Depot\",\"seoDescriptionSource\":\"custom\",\"seoDescriptionSourceField\":\"title\",\"seoDescriptionUnparsed\":\"\",\"seoKeywordsSource\":\"custom\",\"seoKeywordsSourceField\":\"title\",\"seoKeywordsUnparsed\":\"\",\"seoImageIdSource\":\"custom\",\"seoImageId\":\"\",\"seoImageTransform\":\"\",\"twitterCardType\":\"\",\"seoTwitterImageIdSource\":\"custom\",\"seoTwitterImageId\":\"\",\"seoTwitterImageTransform\":\"\",\"openGraphType\":\"\",\"seoFacebookImageIdSource\":\"custom\",\"seoFacebookImageId\":\"\",\"seoFacebookImageTransform\":\"\",\"robots\":\"\"}}}', '2017-09-07 22:00:38', '2017-09-07 22:00:38', '29d9889b-e708-4334-92d9-d343abcba5dd'),
 ('27', '32', '3', '1', 'en_us', '7', '', '{\"typeId\":\"3\",\"authorId\":\"1\",\"title\":\"The Home Depot\",\"slug\":\"the-home-depot\",\"postDate\":1371274800,\"expiryDate\":null,\"enabled\":1,\"parentId\":null,\"fields\":{\"1\":\"<p>The Home Depot partnered with MaxMedia to create a multi-channel experience giving a distinct point-of-view in the market of home d\\u00e9cor while promoting a fun, engaging, and non-intimidating environment for users.<\\/p><p>This was the first catalog styled app I got to work on. It was based off seasonal ideas so we were putting out an issue every 3 months or so. I was lucky enough to do all of the development for three of the seasons.<\\/p><p>The first issue I developed was the fall style guide:<\\/p><p><a href=\\\"http:\\/\\/www.youtube.com\\/watch?v=-vOtRlYb32w\\\" title=\\\"Fall Guide\\\" style=\\\"background-color: initial;\\\"><img src=\\\"http:\\/\\/img.youtube.com\\/vi\\/-vOtRlYb32w\\/0.jpg\\\" alt=\\\"Fall Guide\\\"><\\/a><\\/p><p>In the fall guide I was able to play with a lot of fun functionality such as in view Video as well as a lot of page build ups.<\\/p><p>In the holiday style guide we got to play with a small amount of \\\"VR\\\" as well as hid some easter eggs. The video doesn\'t show it but in a specific view (the one where you can slide horizontally) if you shake the iPad, it would create a snow storm!<\\/p><p>You can view all of the other features here:<\\/p><p><\\/p><p>\\r\\n<\\/p><p><a href=\\\"http:\\/\\/www.youtube.com\\/watch?v=3o30p0hRhBw\\\" title=\\\"Holiday Guide\\\"><img src=\\\"http:\\/\\/img.youtube.com\\/vi\\/3o30p0hRhBw\\/0.jpg\\\" alt=\\\"Holiday Guide\\\"><\\/a><\\/p><p>The final issue we produced was really fun. We added more of the VR aspect as well as added some 360 degree views of sheds. We added a different form of tiling views to help with loading of the app (as we added more imagery the size had began to bloat a bit which was another challenge we had to overcome).<\\/p><p><span><\\/span>You can view the spring guide here:<\\/p><p><\\/p>\\r\\n<p><a href=\\\"http:\\/\\/www.youtube.com\\/watch?v=BJICnZRNROs\\\" title=\\\"Spring Guide\\\"><img src=\\\"http:\\/\\/img.youtube.com\\/vi\\/BJICnZRNROs\\/0.jpg\\\" alt=\\\"Spring Guide\\\"><\\/a><\\/p>\\r\\n<p><br><\\/p>\",\"12\":\"\",\"11\":{\"33\":{\"modified\":\"1\",\"type\":\"teaser\",\"enabled\":\"1\",\"collapsed\":\"0\",\"level\":\"0\",\"fields\":{\"teaser\":\"<p>Bringing style and interactivity to big orange with my friends at <a href=\\\"\\/\\/maxmedia.com\\\" target=\\\"_blank\\\" rel=\\\"noreferrer noopener\\\">Maxmedia<\\/a><\\/p>\"}},\"34\":{\"modified\":\"1\",\"type\":\"images\",\"enabled\":\"1\",\"collapsed\":\"0\",\"level\":\"0\",\"fields\":{\"headerImage\":[\"30\"]}},\"35\":{\"modified\":\"1\",\"type\":\"screenshots\",\"enabled\":\"1\",\"collapsed\":\"0\",\"level\":\"1\",\"fields\":{\"screenshot\":[\"29\"]}}},\"10\":{\"seoMainEntityCategory\":\"CreativeWork\",\"seoMainEntityOfPage\":\"WebPage\",\"seoTitleSource\":\"field\",\"seoTitleSourceField\":\"title\",\"seoTitleUnparsed\":\"The Home Depot\",\"seoDescriptionSource\":\"custom\",\"seoDescriptionSourceField\":\"title\",\"seoDescriptionUnparsed\":\"\",\"seoKeywordsSource\":\"custom\",\"seoKeywordsSourceField\":\"title\",\"seoKeywordsUnparsed\":\"\",\"seoImageIdSource\":\"custom\",\"seoImageId\":\"\",\"seoImageTransform\":\"\",\"twitterCardType\":\"\",\"seoTwitterImageIdSource\":\"custom\",\"seoTwitterImageId\":\"\",\"seoTwitterImageTransform\":\"\",\"openGraphType\":\"\",\"seoFacebookImageIdSource\":\"custom\",\"seoFacebookImageId\":\"\",\"seoFacebookImageTransform\":\"\",\"robots\":\"\"}}}', '2017-09-07 22:01:35', '2017-09-07 22:01:35', '8b592cac-3754-460f-ac51-86807dede4d7'),
 ('28', '32', '3', '1', 'en_us', '8', '', '{\"typeId\":\"3\",\"authorId\":\"1\",\"title\":\"The Home Depot\",\"slug\":\"the-home-depot\",\"postDate\":1371274800,\"expiryDate\":null,\"enabled\":1,\"parentId\":null,\"fields\":{\"1\":\"<p>The Home Depot partnered with MaxMedia to create a multi-channel experience giving a distinct point-of-view in the market of home d\\u00e9cor while promoting a fun, engaging, and non-intimidating environment for users.<\\/p><p><br><\\/p>\\r\\n<p>This was the first catalog styled app I got to work on. It was based off seasonal ideas so we were putting out an issue every 3 months or so. I was lucky enough to do all of the development for three of the seasons.<\\/p><p><br><\\/p>\\r\\n<p>The first issue I developed was the fall style guide:<\\/p>\\r\\n<p><a href=\\\"http:\\/\\/www.youtube.com\\/watch?v=-vOtRlYb32w\\\" title=\\\"Fall Guide\\\"><img src=\\\"http:\\/\\/img.youtube.com\\/vi\\/-vOtRlYb32w\\/0.jpg\\\" alt=\\\"Fall Guide\\\"><\\/a><\\/p>\\r\\n<p>In the fall guide I was able to play with a lot of fun functionality such as in view Video as well as a lot of page build ups.<\\/p><p><br><\\/p>\\r\\n<p>In the holiday style guide we got to play with a small amount of \\\"VR\\\" as well as hid some easter eggs. The video doesn\'t show it but in a specific view (the one where you can slide horizontally) if you shake the iPad, it would create a snow storm!<\\/p><p><br><\\/p>\\r\\n<p>You can view all of the other features here:<\\/p>\\r\\n<p>\\r\\n<\\/p>\\r\\n<p><a href=\\\"http:\\/\\/www.youtube.com\\/watch?v=3o30p0hRhBw\\\" title=\\\"Holiday Guide\\\"><img src=\\\"http:\\/\\/img.youtube.com\\/vi\\/3o30p0hRhBw\\/0.jpg\\\" alt=\\\"Holiday Guide\\\"><\\/a><\\/p>\\r\\n<p>The final issue we produced was really fun. We added more of the VR aspect as well as added some 360 degree views of sheds. We added a different form of tiling views to help with loading of the app (as we added more imagery the size had began to bloat a bit which was another challenge we had to overcome).<\\/p>\\r\\n<p>You can view the spring guide here:<\\/p>\\r\\n<p><a href=\\\"http:\\/\\/www.youtube.com\\/watch?v=BJICnZRNROs\\\" title=\\\"Spring Guide\\\"><img src=\\\"http:\\/\\/img.youtube.com\\/vi\\/BJICnZRNROs\\/0.jpg\\\" alt=\\\"Spring Guide\\\"><\\/a><\\/p>\\r\\n<p><br><\\/p>\",\"12\":\"\",\"11\":{\"33\":{\"modified\":\"1\",\"type\":\"teaser\",\"enabled\":\"1\",\"collapsed\":\"0\",\"level\":\"0\",\"fields\":{\"teaser\":\"<p>Bringing style and interactivity to big orange with my friends at <a href=\\\"\\/\\/maxmedia.com\\\" target=\\\"_blank\\\" rel=\\\"noreferrer noopener\\\">Maxmedia<\\/a><\\/p>\"}},\"34\":{\"modified\":\"1\",\"type\":\"images\",\"enabled\":\"1\",\"collapsed\":\"0\",\"level\":\"0\",\"fields\":{\"headerImage\":[\"30\"]}},\"35\":{\"modified\":\"1\",\"type\":\"screenshots\",\"enabled\":\"1\",\"collapsed\":\"0\",\"level\":\"1\",\"fields\":{\"screenshot\":[\"29\"]}}},\"10\":{\"seoMainEntityCategory\":\"CreativeWork\",\"seoMainEntityOfPage\":\"WebPage\",\"seoTitleSource\":\"field\",\"seoTitleSourceField\":\"title\",\"seoTitleUnparsed\":\"The Home Depot\",\"seoDescriptionSource\":\"custom\",\"seoDescriptionSourceField\":\"title\",\"seoDescriptionUnparsed\":\"\",\"seoKeywordsSource\":\"custom\",\"seoKeywordsSourceField\":\"title\",\"seoKeywordsUnparsed\":\"\",\"seoImageIdSource\":\"custom\",\"seoImageId\":\"\",\"seoImageTransform\":\"\",\"twitterCardType\":\"\",\"seoTwitterImageIdSource\":\"custom\",\"seoTwitterImageId\":\"\",\"seoTwitterImageTransform\":\"\",\"openGraphType\":\"\",\"seoFacebookImageIdSource\":\"custom\",\"seoFacebookImageId\":\"\",\"seoFacebookImageTransform\":\"\",\"robots\":\"\"}}}', '2017-09-07 22:01:57', '2017-09-07 22:01:57', 'b05aec3f-08a2-4c9f-a730-08ceb7605298'),
 ('29', '32', '3', '1', 'en_us', '9', '', '{\"typeId\":\"3\",\"authorId\":\"1\",\"title\":\"The Home Depot\",\"slug\":\"the-home-depot\",\"postDate\":1371274800,\"expiryDate\":null,\"enabled\":1,\"parentId\":null,\"fields\":{\"1\":\"<p>The Home Depot partnered with MaxMedia to create a multi-channel experience giving a distinct point-of-view in the market of home d\\u00e9cor while promoting a fun, engaging, and non-intimidating environment for users.<\\/p>\\r\\n<p><br><\\/p>\\r\\n<p>This was the first catalog styled app I got to work on. It was based off seasonal ideas so we were putting out an issue every 3 months or so. I was lucky enough to do all of the development for three of the seasons.<\\/p>\\r\\n<p><br><\\/p>\\r\\n<p>The first issue I developed was the fall style guide:<\\/p>\\r\\n<p><a href=\\\"http:\\/\\/www.youtube.com\\/watch?v=-vOtRlYb32w\\\" title=\\\"Fall Guide\\\"><img src=\\\"http:\\/\\/img.youtube.com\\/vi\\/-vOtRlYb32w\\/0.jpg\\\" alt=\\\"Fall Guide\\\"><\\/a><\\/p>\\r\\n<p>In the fall guide I was able to play with a lot of fun functionality such as in view Video as well as a lot of page build ups.<\\/p><p><br><\\/p>\\r\\n<p><br><\\/p>\\r\\n<p>In the holiday style guide we got to play with a small amount of \\\"VR\\\" as well as hid some easter eggs. The video doesn\'t show it but in a specific view (the one where you can slide horizontally) if you shake the iPad, it would create a snow storm!<\\/p>\\r\\n<p>You can view all of the other features here:<br><\\/p>\\r\\n<p>\\r\\n<\\/p>\\r\\n<p><a href=\\\"http:\\/\\/www.youtube.com\\/watch?v=3o30p0hRhBw\\\" title=\\\"Holiday Guide\\\"><img src=\\\"http:\\/\\/img.youtube.com\\/vi\\/3o30p0hRhBw\\/0.jpg\\\" alt=\\\"Holiday Guide\\\"><\\/a><\\/p>\\r\\n<p><br><\\/p><p><br><\\/p><p>The final issue we produced was really fun. We added more of the VR aspect as well as added some 360 degree views of sheds. We added a different form of tiling views to help with loading of the app (as we added more imagery the size had began to bloat a bit which was another challenge we had to overcome).<\\/p>\\r\\n<p>You can view the spring guide here:<\\/p>\\r\\n<p><a href=\\\"http:\\/\\/www.youtube.com\\/watch?v=BJICnZRNROs\\\" title=\\\"Spring Guide\\\"><img src=\\\"http:\\/\\/img.youtube.com\\/vi\\/BJICnZRNROs\\/0.jpg\\\" alt=\\\"Spring Guide\\\"><\\/a><\\/p>\\r\\n<p><br><\\/p>\",\"12\":\"\",\"11\":{\"33\":{\"modified\":\"1\",\"type\":\"teaser\",\"enabled\":\"1\",\"collapsed\":\"0\",\"level\":\"0\",\"fields\":{\"teaser\":\"<p>Bringing style and interactivity to big orange with my friends at <a href=\\\"\\/\\/maxmedia.com\\\" target=\\\"_blank\\\" rel=\\\"noreferrer noopener\\\">Maxmedia<\\/a><\\/p>\"}},\"34\":{\"modified\":\"1\",\"type\":\"images\",\"enabled\":\"1\",\"collapsed\":\"0\",\"level\":\"0\",\"fields\":{\"headerImage\":[\"30\"]}},\"35\":{\"modified\":\"1\",\"type\":\"screenshots\",\"enabled\":\"1\",\"collapsed\":\"0\",\"level\":\"1\",\"fields\":{\"screenshot\":[\"29\"]}}},\"10\":{\"seoMainEntityCategory\":\"CreativeWork\",\"seoMainEntityOfPage\":\"WebPage\",\"seoTitleSource\":\"field\",\"seoTitleSourceField\":\"title\",\"seoTitleUnparsed\":\"The Home Depot\",\"seoDescriptionSource\":\"custom\",\"seoDescriptionSourceField\":\"title\",\"seoDescriptionUnparsed\":\"\",\"seoKeywordsSource\":\"custom\",\"seoKeywordsSourceField\":\"title\",\"seoKeywordsUnparsed\":\"\",\"seoImageIdSource\":\"custom\",\"seoImageId\":\"\",\"seoImageTransform\":\"\",\"twitterCardType\":\"\",\"seoTwitterImageIdSource\":\"custom\",\"seoTwitterImageId\":\"\",\"seoTwitterImageTransform\":\"\",\"openGraphType\":\"\",\"seoFacebookImageIdSource\":\"custom\",\"seoFacebookImageId\":\"\",\"seoFacebookImageTransform\":\"\",\"robots\":\"\"}}}', '2017-09-07 22:02:24', '2017-09-07 22:02:24', '1986b6ff-a4bb-49dd-baf2-bbe9274c4f7e'),
 ('30', '32', '3', '1', 'en_us', '10', '', '{\"typeId\":\"3\",\"authorId\":\"1\",\"title\":\"The Home Depot\",\"slug\":\"the-home-depot\",\"postDate\":1371274800,\"expiryDate\":null,\"enabled\":1,\"parentId\":null,\"fields\":{\"1\":\"<p>The Home Depot partnered with MaxMedia to create a multi-channel experience giving a distinct point-of-view in the market of home d\\u00e9cor while promoting a fun, engaging, and non-intimidating environment for users.<\\/p>\\r\\n<p><br><\\/p>\\r\\n<p>This was the first catalog styled app I got to work on. It was based off seasonal ideas so we were putting out an issue every 3 months or so. I was lucky enough to do all of the development for three of the seasons.<\\/p>\\r\\n<p><br><\\/p>\\r\\n<p>The first issue I developed was the fall style guide:<\\/p>\\r\\n<p><a href=\\\"http:\\/\\/www.youtube.com\\/watch?v=-vOtRlYb32w\\\" title=\\\"Fall Guide\\\"><img src=\\\"http:\\/\\/img.youtube.com\\/vi\\/-vOtRlYb32w\\/0.jpg\\\" alt=\\\"Fall Guide\\\"><\\/a><\\/p>\\r\\n<p>In the fall guide I was able to play with a lot of fun functionality such as in view Video as well as a lot of page build ups.<\\/p>\\r\\n<p><br><\\/p>\\r\\n<p><br><\\/p>\\r\\n<p>In the holiday style guide we got to play with a small amount of \\\"VR\\\" as well as hid some easter eggs. The video doesn\'t show it but in a specific view (the one where you can slide horizontally) if you shake the iPad, it would create a snow storm!<\\/p>\\r\\n<p>You can view all of the other features here:<br><\\/p>\\r\\n<p>\\r\\n<\\/p>\\r\\n<p><a href=\\\"http:\\/\\/www.youtube.com\\/watch?v=3o30p0hRhBw\\\" title=\\\"Holiday Guide\\\"><img src=\\\"http:\\/\\/img.youtube.com\\/vi\\/3o30p0hRhBw\\/0.jpg\\\" alt=\\\"Holiday Guide\\\"><\\/a><\\/p>\\r\\n<p><br><\\/p>\\r\\n<p><br><\\/p>\\r\\n<p><br><\\/p>\",\"12\":\"<p><\\/p><p><\\/p><p>The final issue we produced was really fun. We added more of the VR aspect as well as added some 360 degree views of sheds. We added a different form of tiling views to help with loading of the app (as we added more imagery the size had began to bloat a bit which was another challenge we had to overcome).<\\/p>\\r\\n<p>You can view the spring guide here:<\\/p>\\r\\n<p><a href=\\\"http:\\/\\/www.youtube.com\\/watch?v=BJICnZRNROs\\\" title=\\\"Spring Guide\\\"><img src=\\\"http:\\/\\/img.youtube.com\\/vi\\/BJICnZRNROs\\/0.jpg\\\" alt=\\\"Spring Guide\\\" style=\\\"vertical-align: middle; cursor: pointer; max-width: 100%; height: auto;\\\"><\\/a><\\/p><p><\\/p>\",\"11\":{\"33\":{\"modified\":\"1\",\"type\":\"teaser\",\"enabled\":\"1\",\"collapsed\":\"0\",\"level\":\"0\",\"fields\":{\"teaser\":\"<p>Bringing style and interactivity to big orange with my friends at <a href=\\\"\\/\\/maxmedia.com\\\" target=\\\"_blank\\\" rel=\\\"noreferrer noopener\\\">Maxmedia<\\/a><\\/p>\"}},\"34\":{\"modified\":\"1\",\"type\":\"images\",\"enabled\":\"1\",\"collapsed\":\"0\",\"level\":\"0\",\"fields\":{\"headerImage\":[\"30\"]}},\"35\":{\"modified\":\"1\",\"type\":\"screenshots\",\"enabled\":\"1\",\"collapsed\":\"0\",\"level\":\"1\",\"fields\":{\"screenshot\":[\"29\"]}}},\"10\":{\"seoMainEntityCategory\":\"CreativeWork\",\"seoMainEntityOfPage\":\"WebPage\",\"seoTitleSource\":\"field\",\"seoTitleSourceField\":\"title\",\"seoTitleUnparsed\":\"The Home Depot\",\"seoDescriptionSource\":\"custom\",\"seoDescriptionSourceField\":\"title\",\"seoDescriptionUnparsed\":\"\",\"seoKeywordsSource\":\"custom\",\"seoKeywordsSourceField\":\"title\",\"seoKeywordsUnparsed\":\"\",\"seoImageIdSource\":\"custom\",\"seoImageId\":\"\",\"seoImageTransform\":\"\",\"twitterCardType\":\"\",\"seoTwitterImageIdSource\":\"custom\",\"seoTwitterImageId\":\"\",\"seoTwitterImageTransform\":\"\",\"openGraphType\":\"\",\"seoFacebookImageIdSource\":\"custom\",\"seoFacebookImageId\":\"\",\"seoFacebookImageTransform\":\"\",\"robots\":\"\"}}}', '2017-09-07 22:03:17', '2017-09-07 22:03:17', 'bafaa25f-76ba-4a25-854c-14f0e6c0cf05'),
 ('31', '37', '3', '1', 'en_us', '3', '', '{\"typeId\":\"3\",\"authorId\":\"1\",\"title\":\"Tempur Pedic\",\"slug\":\"tempur-pedic\",\"postDate\":1371102240,\"expiryDate\":null,\"enabled\":1,\"parentId\":null,\"fields\":{\"1\":\"<p>After the success of the <a href=\\\"\\/projects\\/home-depot-style-guide\\/\\\"><\\/a><a href=\\\"http:\\/\\/hallandall.com\\/case-studies\\/the-home-depot#entry:32\\\">Style Guide<\\/a> with MaxMedia, Tempur Pedic reached out to us in order to create a brochure type experience for potential buyers.<\\/p><p>We ended up creating an app with video and animations that helped inform the user for buying the correct type of mattress as well as included video testimonials.<\\/p>\\r\\n<p style=\'text-align:center;\'>Check out the promo video here:<\\/p><p><br><\\/p><p>&nbsp; \\r\\n<a href=\\\"http:\\/\\/www.youtube.com\\/watch?v=zEzUQ53t3IU\\\" title=\\\"Tempur Pedic\\\"><img src=\\\"http:\\/\\/img.youtube.com\\/vi\\/zEzUQ53t3IU\\/0.jpg\\\" alt=\\\"Tempur Pedic\\\"><\\/a><\\/p>\",\"12\":\"\",\"11\":{\"38\":{\"modified\":\"1\",\"type\":\"teaser\",\"enabled\":\"1\",\"collapsed\":\"0\",\"level\":\"0\",\"fields\":{\"teaser\":\"<p>Creating a fun informative brochure for a great matress brand with my friends at <a href=\\\"\\/\\/maxmedia.com\\\" target=\\\"_blank\\\" rel=\\\"noreferrer noopener\\\">Maxmedia<\\/a><\\/p>\"}},\"39\":{\"modified\":\"1\",\"type\":\"images\",\"enabled\":\"1\",\"collapsed\":\"0\",\"level\":\"0\",\"fields\":{\"headerImage\":[\"31\"]}},\"40\":{\"modified\":\"1\",\"type\":\"screenshots\",\"enabled\":\"1\",\"collapsed\":\"0\",\"level\":\"1\",\"fields\":{\"screenshot\":[\"36\"]}}},\"10\":{\"seoMainEntityCategory\":\"CreativeWork\",\"seoMainEntityOfPage\":\"WebPage\",\"seoTitleSource\":\"field\",\"seoTitleSourceField\":\"title\",\"seoTitleUnparsed\":\"Tempur Pedic\",\"seoDescriptionSource\":\"custom\",\"seoDescriptionSourceField\":\"title\",\"seoDescriptionUnparsed\":\"\",\"seoKeywordsSource\":\"custom\",\"seoKeywordsSourceField\":\"title\",\"seoKeywordsUnparsed\":\"\",\"seoImageIdSource\":\"custom\",\"seoImageId\":\"\",\"seoImageTransform\":\"\",\"twitterCardType\":\"\",\"seoTwitterImageIdSource\":\"custom\",\"seoTwitterImageId\":\"\",\"seoTwitterImageTransform\":\"\",\"openGraphType\":\"\",\"seoFacebookImageIdSource\":\"custom\",\"seoFacebookImageId\":\"\",\"seoFacebookImageTransform\":\"\",\"robots\":\"\"}}}', '2017-09-07 22:04:22', '2017-09-07 22:04:22', '232e5560-4b2b-49ad-be87-da71962cc43d'),
 ('32', '37', '3', '1', 'en_us', '4', '', '{\"typeId\":\"3\",\"authorId\":\"1\",\"title\":\"Tempur Pedic\",\"slug\":\"tempur-pedic\",\"postDate\":1371102240,\"expiryDate\":null,\"enabled\":1,\"parentId\":null,\"fields\":{\"1\":\"<p>After the success of the <a href=\\\"\\/projects\\/home-depot-style-guide\\/\\\"><\\/a><a href=\\\"http:\\/\\/hallandall.com\\/case-studies\\/the-home-depot#entry:32:url\\\">Style Guide<\\/a> with MaxMedia, Tempur Pedic reached out to us in order to create a brochure type experience for potential buyers.<\\/p>\\r\\n<p>We ended up creating an app with video and animations that helped inform the user for buying the correct type of mattress as well as included video testimonials.<\\/p>\\r\\n<p><br><\\/p>\",\"12\":\"<p>Check out the promo video here:<\\/p>\\r\\n<p>&nbsp;&nbsp;<a href=\\\"http:\\/\\/www.youtube.com\\/watch?v=zEzUQ53t3IU\\\" title=\\\"Tempur Pedic\\\"><img src=\\\"http:\\/\\/img.youtube.com\\/vi\\/zEzUQ53t3IU\\/0.jpg\\\" alt=\\\"Tempur Pedic\\\" style=\\\"vertical-align: middle; cursor: pointer; max-width: 100%; height: auto;\\\"><\\/a><\\/p><p><\\/p>\",\"11\":{\"38\":{\"modified\":\"1\",\"type\":\"teaser\",\"enabled\":\"1\",\"collapsed\":\"0\",\"level\":\"0\",\"fields\":{\"teaser\":\"<p>Creating a fun informative brochure for a great matress brand with my friends at <a href=\\\"\\/\\/maxmedia.com\\\" target=\\\"_blank\\\" rel=\\\"noreferrer noopener\\\">Maxmedia<\\/a><\\/p>\"}},\"39\":{\"modified\":\"1\",\"type\":\"images\",\"enabled\":\"1\",\"collapsed\":\"0\",\"level\":\"0\",\"fields\":{\"headerImage\":[\"31\"]}},\"40\":{\"modified\":\"1\",\"type\":\"screenshots\",\"enabled\":\"1\",\"collapsed\":\"0\",\"level\":\"1\",\"fields\":{\"screenshot\":[\"36\"]}}},\"10\":{\"seoMainEntityCategory\":\"CreativeWork\",\"seoMainEntityOfPage\":\"WebPage\",\"seoTitleSource\":\"field\",\"seoTitleSourceField\":\"title\",\"seoTitleUnparsed\":\"Tempur Pedic\",\"seoDescriptionSource\":\"custom\",\"seoDescriptionSourceField\":\"title\",\"seoDescriptionUnparsed\":\"\",\"seoKeywordsSource\":\"custom\",\"seoKeywordsSourceField\":\"title\",\"seoKeywordsUnparsed\":\"\",\"seoImageIdSource\":\"custom\",\"seoImageId\":\"\",\"seoImageTransform\":\"\",\"twitterCardType\":\"\",\"seoTwitterImageIdSource\":\"custom\",\"seoTwitterImageId\":\"\",\"seoTwitterImageTransform\":\"\",\"openGraphType\":\"\",\"seoFacebookImageIdSource\":\"custom\",\"seoFacebookImageId\":\"\",\"seoFacebookImageTransform\":\"\",\"robots\":\"\"}}}', '2017-09-07 22:04:35', '2017-09-07 22:04:35', 'e80a5927-27b1-4b40-967f-c0577b72c441'),
 ('33', '37', '3', '1', 'en_us', '5', '', '{\"typeId\":\"3\",\"authorId\":\"1\",\"title\":\"Tempur Pedic\",\"slug\":\"tempur-pedic\",\"postDate\":1371102240,\"expiryDate\":null,\"enabled\":1,\"parentId\":null,\"fields\":{\"1\":\"<p>After the success of the <a href=\\\"\\/projects\\/home-depot-style-guide\\/\\\"><\\/a><a href=\\\"http:\\/\\/hallandall.com\\/case-studies\\/the-home-depot#entry:32:url\\\">Style Guide<\\/a> with MaxMedia, Tempur Pedic reached out to us in order to create a brochure type experience for potential buyers.<\\/p>\\r\\n<p>We ended up creating an app with video and animations that helped inform the user for buying the correct type of mattress as well as included video testimonials.<\\/p>\\r\\n<p><br><\\/p>\",\"12\":\"<p>Check out the promo video here:<\\/p>\\r\\n<p>&nbsp;&nbsp;<a href=\\\"http:\\/\\/www.youtube.com\\/watch?v=zEzUQ53t3IU\\\" title=\\\"Tempur Pedic\\\"><img src=\\\"http:\\/\\/img.youtube.com\\/vi\\/zEzUQ53t3IU\\/0.jpg\\\" alt=\\\"Tempur Pedic\\\" style=\\\"vertical-align:middle;height:auto;\\\"><\\/a><\\/p>\",\"11\":{\"38\":{\"modified\":\"1\",\"type\":\"teaser\",\"enabled\":\"1\",\"collapsed\":\"0\",\"level\":\"0\",\"fields\":{\"teaser\":\"<p>Creating a fun informative brochure for a great matress brand with my friends at <a href=\\\"\\/\\/maxmedia.com\\\" target=\\\"_blank\\\" rel=\\\"noreferrer noopener\\\">Maxmedia<\\/a><\\/p>\"}},\"39\":{\"modified\":\"1\",\"type\":\"images\",\"enabled\":\"1\",\"collapsed\":\"0\",\"level\":\"0\",\"fields\":{\"headerImage\":[\"31\"]}},\"40\":{\"modified\":\"1\",\"type\":\"screenshots\",\"enabled\":\"1\",\"collapsed\":\"0\",\"level\":\"1\",\"fields\":{\"screenshot\":[\"58\",\"57\",\"56\",\"55\"]}}},\"10\":{\"seoMainEntityCategory\":\"CreativeWork\",\"seoMainEntityOfPage\":\"WebPage\",\"seoTitleSource\":\"field\",\"seoTitleSourceField\":\"title\",\"seoTitleUnparsed\":\"Tempur Pedic\",\"seoDescriptionSource\":\"custom\",\"seoDescriptionSourceField\":\"title\",\"seoDescriptionUnparsed\":\"\",\"seoKeywordsSource\":\"custom\",\"seoKeywordsSourceField\":\"title\",\"seoKeywordsUnparsed\":\"\",\"seoImageIdSource\":\"custom\",\"seoImageId\":\"\",\"seoImageTransform\":\"\",\"twitterCardType\":\"\",\"seoTwitterImageIdSource\":\"custom\",\"seoTwitterImageId\":\"\",\"seoTwitterImageTransform\":\"\",\"openGraphType\":\"\",\"seoFacebookImageIdSource\":\"custom\",\"seoFacebookImageId\":\"\",\"seoFacebookImageTransform\":\"\",\"robots\":\"\"}}}', '2017-09-07 22:05:22', '2017-09-07 22:05:22', '0308782e-cd81-4cc6-b724-0bbe6f3cb3f9'),
 ('34', '37', '3', '1', 'en_us', '6', '', '{\"typeId\":\"3\",\"authorId\":\"1\",\"title\":\"Tempur Pedic\",\"slug\":\"tempur-pedic\",\"postDate\":1371102240,\"expiryDate\":null,\"enabled\":1,\"parentId\":null,\"fields\":{\"1\":\"<p>After the success of the <a href=\\\"\\/projects\\/home-depot-style-guide\\/\\\"><\\/a><a href=\\\"http:\\/\\/hallandall.com\\/case-studies\\/the-home-depot#entry:32:url\\\">Style Guide<\\/a> with MaxMedia, Tempur Pedic reached out to us in order to create a brochure type experience for potential buyers.<\\/p><p><br><\\/p>\\r\\n<p>We ended up creating an app with video and animations that helped inform the user for buying the correct type of mattress as well as included video testimonials.<\\/p>\\r\\n<p><br><\\/p>\",\"12\":\"<p>Check out the promo video here:<\\/p>\\r\\n<p>&nbsp;&nbsp;<a href=\\\"http:\\/\\/www.youtube.com\\/watch?v=zEzUQ53t3IU\\\" title=\\\"Tempur Pedic\\\"><img src=\\\"http:\\/\\/img.youtube.com\\/vi\\/zEzUQ53t3IU\\/0.jpg\\\" alt=\\\"Tempur Pedic\\\" style=\\\"vertical-align:middle;height:auto;\\\"><\\/a><\\/p>\",\"11\":{\"38\":{\"modified\":\"1\",\"type\":\"teaser\",\"enabled\":\"1\",\"collapsed\":\"0\",\"level\":\"0\",\"fields\":{\"teaser\":\"<p>Creating a fun informative brochure for a great matress brand with my friends at <a href=\\\"\\/\\/maxmedia.com\\\" target=\\\"_blank\\\" rel=\\\"noreferrer noopener\\\">Maxmedia<\\/a><\\/p>\"}},\"39\":{\"modified\":\"1\",\"type\":\"images\",\"enabled\":\"1\",\"collapsed\":\"0\",\"level\":\"0\",\"fields\":{\"headerImage\":[\"31\"]}},\"40\":{\"modified\":\"1\",\"type\":\"screenshots\",\"enabled\":\"1\",\"collapsed\":\"0\",\"level\":\"1\",\"fields\":{\"screenshot\":[\"58\",\"57\",\"56\",\"55\"]}}},\"10\":{\"seoMainEntityCategory\":\"CreativeWork\",\"seoMainEntityOfPage\":\"WebPage\",\"seoTitleSource\":\"field\",\"seoTitleSourceField\":\"title\",\"seoTitleUnparsed\":\"Tempur Pedic\",\"seoDescriptionSource\":\"custom\",\"seoDescriptionSourceField\":\"title\",\"seoDescriptionUnparsed\":\"\",\"seoKeywordsSource\":\"custom\",\"seoKeywordsSourceField\":\"title\",\"seoKeywordsUnparsed\":\"\",\"seoImageIdSource\":\"custom\",\"seoImageId\":\"\",\"seoImageTransform\":\"\",\"twitterCardType\":\"\",\"seoTwitterImageIdSource\":\"custom\",\"seoTwitterImageId\":\"\",\"seoTwitterImageTransform\":\"\",\"openGraphType\":\"\",\"seoFacebookImageIdSource\":\"custom\",\"seoFacebookImageId\":\"\",\"seoFacebookImageTransform\":\"\",\"robots\":\"\"}}}', '2017-09-07 22:05:37', '2017-09-07 22:05:37', '1a76485b-5d86-41e1-90b0-18b60e8edda5'),
 ('35', '25', '3', '1', 'en_us', '6', '', '{\"typeId\":\"3\",\"authorId\":\"1\",\"title\":\"Akada Software\",\"slug\":\"akada-software\",\"postDate\":1467005700,\"expiryDate\":null,\"enabled\":1,\"parentId\":null,\"fields\":{\"1\":\"<p>Akada Software was in need of an updating. They approached Son&Sons for new branding and a new take on their website. After getting a beautiful new Brand treatment, Son&Sons reached out to me to meet with the team to see if I was available to tackle the job.<\\/p><p>After meeting with Son&Sons and seeing the design I knew I had to take the job. They did an amazing job making the site feel alive and whimsical with their iconography.<\\/p>\\r\\n<p><br><\\/p>\\r\\n<p>I\\u2019ve always wanted to be able to play with SVG animations using scrolling and I felt like this was the perfect opportunity to do so. I felt like while the icons provided were fun and full of life, I could add a bit more to them. <\\/p>\\r\\n<p><br><\\/p>\\r\\n<p>I decided to use the ever popular greensock javascript library to help me with the SVG animations. I want to learn how to do the animations on my own however with the time constraint of this engagement I didn\\u2019t want to risk going over my time allotted, so greensock was the perfect choice. I have to say i\'m really happy with the outcome.&nbsp;<\\/p>\\r\\n<p><br><\\/p>\",\"12\":\"<p>This was built on wordpress using the Sage Starter theme for wordpress and while it was my first time using it, I was able to really power through my workflow with it in a great and efficient manner, will definitely use this going forward for my Wordpress needs.<\\/p>\\r\\n<p><br><\\/p>\\r\\n<p>After having the site ready to go, the client and Son&Sons couldn\\u2019t be happier with the work that was delivered. Definitely a huge win!<\\/p>\\r\\n<p><a href=\\\"http:\\/\\/akadasoftware.com\\/\\\">Check out the site!<\\/a><\\/p>\",\"11\":{\"26\":{\"modified\":\"1\",\"type\":\"teaser\",\"enabled\":\"1\",\"collapsed\":\"0\",\"level\":\"0\",\"fields\":{\"teaser\":\"<p>SVG animations and bright colors make for a great rebrand project with my friends at <a href=\\\"\\/\\/sonandsons.com\\\"><\\/a><a href=\\\"\\/\\/sonandsons.com\\\" target=\\\"_blank\\\" rel=\\\"noreferrer noopener\\\">Son & Sons<\\/a><\\/p>\"}},\"27\":{\"modified\":\"1\",\"type\":\"images\",\"enabled\":\"1\",\"collapsed\":\"0\",\"level\":\"0\",\"fields\":{\"headerImage\":[\"22\"]}},\"28\":{\"modified\":\"1\",\"type\":\"screenshots\",\"enabled\":\"1\",\"collapsed\":\"0\",\"level\":\"1\",\"fields\":{\"screenshot\":[\"47\",\"49\",\"48\",\"50\",\"45\",\"46\"]}}},\"10\":{\"seoMainEntityCategory\":\"CreativeWork\",\"seoMainEntityOfPage\":\"WebPage\",\"seoTitleSource\":\"field\",\"seoTitleSourceField\":\"title\",\"seoTitleUnparsed\":\"Akada Software\",\"seoDescriptionSource\":\"custom\",\"seoDescriptionSourceField\":\"title\",\"seoDescriptionUnparsed\":\"\",\"seoKeywordsSource\":\"custom\",\"seoKeywordsSourceField\":\"title\",\"seoKeywordsUnparsed\":\"\",\"seoImageIdSource\":\"custom\",\"seoImageId\":\"\",\"seoImageTransform\":\"\",\"twitterCardType\":\"\",\"seoTwitterImageIdSource\":\"custom\",\"seoTwitterImageId\":\"\",\"seoTwitterImageTransform\":\"\",\"openGraphType\":\"\",\"seoFacebookImageIdSource\":\"custom\",\"seoFacebookImageId\":\"\",\"seoFacebookImageTransform\":\"\",\"robots\":\"\"}}}', '2017-09-07 22:16:16', '2017-09-07 22:16:16', 'd184213d-ca59-42f9-a43e-2d51dccc6e1e'),
 ('36', '25', '3', '1', 'en_us', '7', '', '{\"typeId\":\"3\",\"authorId\":\"1\",\"title\":\"Akada Software\",\"slug\":\"akada-software\",\"postDate\":1467005700,\"expiryDate\":null,\"enabled\":1,\"parentId\":null,\"fields\":{\"1\":\"<p>Akada Software was in need of an updating. They approached Son&Sons for new branding and a new take on their website. After getting a beautiful new Brand treatment, Son&Sons reached out to me to meet with the team to see if I was available to tackle the job.<\\/p>\\r\\n<p>After meeting with Son&Sons and seeing the design I knew I had to take the job. They did an amazing job making the site feel alive and whimsical with their iconography.<\\/p><p>I\\u2019ve always wanted to be able to play with SVG animations using scrolling and I felt like this was the perfect opportunity to do so. I felt like while the icons provided were fun and full of life, I could add a bit more to them.<\\/p><p>I decided to use the ever popular greensock javascript library to help me with the SVG animations. I want to learn how to do the animations on my own however with the time constraint of this engagement I didn\\u2019t want to risk going over my time allotted, so greensock was the perfect choice. I have to say i\'m really happy with the outcome.&nbsp;<\\/p>\",\"12\":\"<p>This was built on wordpress using the Sage Starter theme for wordpress and while it was my first time using it, I was able to really power through my workflow with it in a great and efficient manner, will definitely use this going forward for my Wordpress needs.<\\/p><p>After having the site ready to go, the client and Son&Sons couldn\\u2019t be happier with the work that was delivered. Definitely a huge win!<\\/p>\\r\\n<p><a href=\\\"http:\\/\\/akadasoftware.com\\/\\\">Check out the site!<\\/a><\\/p>\",\"11\":{\"26\":{\"modified\":\"1\",\"type\":\"teaser\",\"enabled\":\"1\",\"collapsed\":\"0\",\"level\":\"0\",\"fields\":{\"teaser\":\"<p>SVG animations and bright colors make for a great rebrand project with my friends at <a href=\\\"\\/\\/sonandsons.com\\\"><\\/a><a href=\\\"\\/\\/sonandsons.com\\\" target=\\\"_blank\\\" rel=\\\"noreferrer noopener\\\">Son & Sons<\\/a><\\/p>\"}},\"27\":{\"modified\":\"1\",\"type\":\"images\",\"enabled\":\"1\",\"collapsed\":\"0\",\"level\":\"0\",\"fields\":{\"headerImage\":[\"22\"]}},\"28\":{\"modified\":\"1\",\"type\":\"screenshots\",\"enabled\":\"1\",\"collapsed\":\"0\",\"level\":\"1\",\"fields\":{\"screenshot\":[\"47\",\"49\",\"48\",\"50\",\"45\",\"46\"]}}},\"10\":{\"seoMainEntityCategory\":\"CreativeWork\",\"seoMainEntityOfPage\":\"WebPage\",\"seoTitleSource\":\"field\",\"seoTitleSourceField\":\"title\",\"seoTitleUnparsed\":\"Akada Software\",\"seoDescriptionSource\":\"custom\",\"seoDescriptionSourceField\":\"title\",\"seoDescriptionUnparsed\":\"\",\"seoKeywordsSource\":\"custom\",\"seoKeywordsSourceField\":\"title\",\"seoKeywordsUnparsed\":\"\",\"seoImageIdSource\":\"custom\",\"seoImageId\":\"\",\"seoImageTransform\":\"\",\"twitterCardType\":\"\",\"seoTwitterImageIdSource\":\"custom\",\"seoTwitterImageId\":\"\",\"seoTwitterImageTransform\":\"\",\"openGraphType\":\"\",\"seoFacebookImageIdSource\":\"custom\",\"seoFacebookImageId\":\"\",\"seoFacebookImageTransform\":\"\",\"robots\":\"\"}}}', '2017-09-07 22:16:40', '2017-09-07 22:16:40', '12826958-11e3-429c-8741-803b4bd40990'),
 ('37', '32', '3', '1', 'en_us', '11', '', '{\"typeId\":\"3\",\"authorId\":\"1\",\"title\":\"The Home Depot\",\"slug\":\"the-home-depot\",\"postDate\":1371274800,\"expiryDate\":null,\"enabled\":1,\"parentId\":null,\"fields\":{\"1\":\"<p>The Home Depot partnered with MaxMedia to create a multi-channel experience giving a distinct point-of-view in the market of home d\\u00e9cor while promoting a fun, engaging, and non-intimidating environment for users.<\\/p><p>This was the first catalog styled app I got to work on. It was based off seasonal ideas so we were putting out an issue every 3 months or so. I was lucky enough to do all of the development for three of the seasons.<\\/p><p>The first issue I developed was the fall style guide:<\\/p>\\r\\n<p><a href=\\\"http:\\/\\/www.youtube.com\\/watch?v=-vOtRlYb32w\\\" title=\\\"Fall Guide\\\"><img src=\\\"http:\\/\\/img.youtube.com\\/vi\\/-vOtRlYb32w\\/0.jpg\\\" alt=\\\"Fall Guide\\\"><\\/a><\\/p>\\r\\n<p>In the fall guide I was able to play with a lot of fun functionality such as in view Video as well as a lot of page build ups.<\\/p><p>In the holiday style guide we got to play with a small amount of \\\"VR\\\" as well as hid some easter eggs. The video doesn\'t show it but in a specific view (the one where you can slide horizontally) if you shake the iPad, it would create a snow storm!<\\/p><p>You can view all of the other features here:<\\/p>\\r\\n<p>\\r\\n<\\/p>\\r\\n<p><a href=\\\"http:\\/\\/www.youtube.com\\/watch?v=3o30p0hRhBw\\\" title=\\\"Holiday Guide\\\"><img src=\\\"http:\\/\\/img.youtube.com\\/vi\\/3o30p0hRhBw\\/0.jpg\\\" alt=\\\"Holiday Guide\\\"><\\/a><\\/p>\\r\\n<p><br><\\/p>\",\"12\":\"<p>The final issue we produced was really fun. We added more of the VR aspect as well as added some 360 degree views of sheds. We added a different form of tiling views to help with loading of the app (as we added more imagery the size had began to bloat a bit which was another challenge we had to overcome).<\\/p><p>You can view the spring guide here:<\\/p>\\r\\n<p><a href=\\\"http:\\/\\/www.youtube.com\\/watch?v=BJICnZRNROs\\\" title=\\\"Spring Guide\\\"><img src=\\\"http:\\/\\/img.youtube.com\\/vi\\/BJICnZRNROs\\/0.jpg\\\" alt=\\\"Spring Guide\\\" style=\\\"vertical-align:middle;height:auto;\\\"><\\/a><\\/p>\",\"11\":{\"33\":{\"modified\":\"1\",\"type\":\"teaser\",\"enabled\":\"1\",\"collapsed\":\"0\",\"level\":\"0\",\"fields\":{\"teaser\":\"<p>Bringing style and interactivity to big orange with my friends at <a href=\\\"\\/\\/maxmedia.com\\\" target=\\\"_blank\\\" rel=\\\"noreferrer noopener\\\">Maxmedia<\\/a><\\/p>\"}},\"34\":{\"modified\":\"1\",\"type\":\"images\",\"enabled\":\"1\",\"collapsed\":\"0\",\"level\":\"0\",\"fields\":{\"headerImage\":[\"30\"]}},\"35\":{\"modified\":\"1\",\"type\":\"screenshots\",\"enabled\":\"1\",\"collapsed\":\"0\",\"level\":\"1\",\"fields\":{\"screenshot\":[\"29\"]}}},\"10\":{\"seoMainEntityCategory\":\"CreativeWork\",\"seoMainEntityOfPage\":\"WebPage\",\"seoTitleSource\":\"field\",\"seoTitleSourceField\":\"title\",\"seoTitleUnparsed\":\"The Home Depot\",\"seoDescriptionSource\":\"custom\",\"seoDescriptionSourceField\":\"title\",\"seoDescriptionUnparsed\":\"\",\"seoKeywordsSource\":\"custom\",\"seoKeywordsSourceField\":\"title\",\"seoKeywordsUnparsed\":\"\",\"seoImageIdSource\":\"custom\",\"seoImageId\":\"\",\"seoImageTransform\":\"\",\"twitterCardType\":\"\",\"seoTwitterImageIdSource\":\"custom\",\"seoTwitterImageId\":\"\",\"seoTwitterImageTransform\":\"\",\"openGraphType\":\"\",\"seoFacebookImageIdSource\":\"custom\",\"seoFacebookImageId\":\"\",\"seoFacebookImageTransform\":\"\",\"robots\":\"\"}}}', '2017-09-07 22:17:27', '2017-09-07 22:17:27', 'e2d7eceb-8acf-4e2b-a511-78a2260d6523'),
 ('38', '37', '3', '1', 'en_us', '7', '', '{\"typeId\":\"3\",\"authorId\":\"1\",\"title\":\"Tempur Pedic\",\"slug\":\"tempur-pedic\",\"postDate\":1371102240,\"expiryDate\":null,\"enabled\":1,\"parentId\":null,\"fields\":{\"1\":\"<p>After the success of the <a href=\\\"\\/projects\\/home-depot-style-guide\\/\\\"><\\/a><a href=\\\"http:\\/\\/hallandall.com\\/case-studies\\/the-home-depot#entry:32:url\\\">Style Guide<\\/a> with MaxMedia, Tempur Pedic reached out to us in order to create a brochure type experience for potential buyers.<\\/p><p>We ended up creating an app with video and animations that helped inform the user for buying the correct type of mattress as well as included video testimonials<\\/p>\",\"12\":\"<p>Check out the promo video here:<\\/p>\\r\\n<p>&nbsp;&nbsp;<a href=\\\"http:\\/\\/www.youtube.com\\/watch?v=zEzUQ53t3IU\\\" title=\\\"Tempur Pedic\\\"><img src=\\\"http:\\/\\/img.youtube.com\\/vi\\/zEzUQ53t3IU\\/0.jpg\\\" alt=\\\"Tempur Pedic\\\" style=\\\"vertical-align:middle;height:auto;\\\"><\\/a><\\/p>\",\"11\":{\"38\":{\"modified\":\"1\",\"type\":\"teaser\",\"enabled\":\"1\",\"collapsed\":\"0\",\"level\":\"0\",\"fields\":{\"teaser\":\"<p>Creating a fun informative brochure for a great matress brand with my friends at <a href=\\\"\\/\\/maxmedia.com\\\" target=\\\"_blank\\\" rel=\\\"noreferrer noopener\\\">Maxmedia<\\/a><\\/p>\"}},\"39\":{\"modified\":\"1\",\"type\":\"images\",\"enabled\":\"1\",\"collapsed\":\"0\",\"level\":\"0\",\"fields\":{\"headerImage\":[\"31\"]}},\"40\":{\"modified\":\"1\",\"type\":\"screenshots\",\"enabled\":\"1\",\"collapsed\":\"0\",\"level\":\"1\",\"fields\":{\"screenshot\":[\"58\",\"57\",\"56\",\"55\"]}}},\"10\":{\"seoMainEntityCategory\":\"CreativeWork\",\"seoMainEntityOfPage\":\"WebPage\",\"seoTitleSource\":\"field\",\"seoTitleSourceField\":\"title\",\"seoTitleUnparsed\":\"Tempur Pedic\",\"seoDescriptionSource\":\"custom\",\"seoDescriptionSourceField\":\"title\",\"seoDescriptionUnparsed\":\"\",\"seoKeywordsSource\":\"custom\",\"seoKeywordsSourceField\":\"title\",\"seoKeywordsUnparsed\":\"\",\"seoImageIdSource\":\"custom\",\"seoImageId\":\"\",\"seoImageTransform\":\"\",\"twitterCardType\":\"\",\"seoTwitterImageIdSource\":\"custom\",\"seoTwitterImageId\":\"\",\"seoTwitterImageTransform\":\"\",\"openGraphType\":\"\",\"seoFacebookImageIdSource\":\"custom\",\"seoFacebookImageId\":\"\",\"seoFacebookImageTransform\":\"\",\"robots\":\"\"}}}', '2017-09-07 22:17:49', '2017-09-07 22:17:49', '9229e3c4-4754-4f6d-989c-d314703a7aad');



DROP TABLE IF EXISTS `craft_fieldgroups`;


--
-- Schema for table `craft_fieldgroups`
--
CREATE TABLE `craft_fieldgroups` (
  `id` int(11) NOT NULL AUTO_INCREMENT,
  `name` varchar(255) COLLATE utf8_unicode_ci NOT NULL,
  `dateCreated` datetime NOT NULL,
  `dateUpdated` datetime NOT NULL,
  `uid` char(36) COLLATE utf8_unicode_ci NOT NULL DEFAULT '0',
  PRIMARY KEY (`id`),
  UNIQUE KEY `craft_fieldgroups_name_unq_idx` (`name`)
) ENGINE=InnoDB AUTO_INCREMENT=3 DEFAULT CHARSET=utf8 COLLATE=utf8_unicode_ci;

--
-- Data for table `craft_fieldgroups`
--

INSERT INTO `craft_fieldgroups` (`id`, `name`, `dateCreated`, `dateUpdated`, `uid`) VALUES
 ('1', 'Default', '2017-09-05 12:55:34', '2017-09-05 12:55:34', '6489873d-d315-4af3-a95c-bc9b2eb0fdb6'),
 ('2', 'Case Study', '2017-09-06 23:22:01', '2017-09-06 23:22:01', '958fc0ec-0750-4038-aa2b-f7604ac9698d');



DROP TABLE IF EXISTS `craft_fieldlayoutfields`;


--
-- Schema for table `craft_fieldlayoutfields`
--
CREATE TABLE `craft_fieldlayoutfields` (
  `id` int(11) NOT NULL AUTO_INCREMENT,
  `layoutId` int(11) NOT NULL,
  `tabId` int(11) NOT NULL,
  `fieldId` int(11) NOT NULL,
  `required` tinyint(1) unsigned NOT NULL DEFAULT '0',
  `sortOrder` smallint(6) unsigned DEFAULT NULL,
  `dateCreated` datetime NOT NULL,
  `dateUpdated` datetime NOT NULL,
  `uid` char(36) COLLATE utf8_unicode_ci NOT NULL DEFAULT '0',
  PRIMARY KEY (`id`),
  UNIQUE KEY `craft_fieldlayoutfields_layoutId_fieldId_unq_idx` (`layoutId`,`fieldId`),
  KEY `craft_fieldlayoutfields_sortOrder_idx` (`sortOrder`),
  KEY `craft_fieldlayoutfields_tabId_fk` (`tabId`),
  KEY `craft_fieldlayoutfields_fieldId_fk` (`fieldId`)
) ENGINE=InnoDB AUTO_INCREMENT=31 DEFAULT CHARSET=utf8 COLLATE=utf8_unicode_ci;

--
-- Data for table `craft_fieldlayoutfields`
--

INSERT INTO `craft_fieldlayoutfields` (`id`, `layoutId`, `tabId`, `fieldId`, `required`, `sortOrder`, `dateCreated`, `dateUpdated`, `uid`) VALUES
 ('1', '3', '1', '1', '1', '1', '2017-09-05 12:55:34', '2017-09-05 12:55:34', '0426098e-8403-4230-b63e-4f6b750b37d3'),
 ('2', '5', '2', '1', '1', '1', '2017-09-05 12:55:34', '2017-09-05 12:55:34', '0db557fe-2656-48b3-bd1f-4c222e3c44b3'),
 ('3', '5', '2', '2', '0', '2', '2017-09-05 12:55:34', '2017-09-05 12:55:34', '4118d39a-5c10-4bc0-b586-9a0ee418913a'),
 ('21', '21', '17', '4', '0', '1', '2017-09-07 05:24:03', '2017-09-07 05:24:03', 'e3382979-53e8-40f1-8506-c0e8cf1c12a7'),
 ('22', '22', '18', '5', '0', '1', '2017-09-07 05:24:03', '2017-09-07 05:24:03', '63afc0d4-3af8-42a1-a383-d85c66c39014'),
 ('23', '23', '19', '6', '0', '1', '2017-09-07 05:24:03', '2017-09-07 05:24:03', 'c8cfa1a1-74ac-4196-aa35-8978caab4698'),
 ('24', '24', '20', '9', '0', '1', '2017-09-07 05:24:03', '2017-09-07 05:24:03', 'd4f86827-1a87-44ae-85c4-bec3f996c9c4'),
 ('25', '25', '21', '7', '0', '1', '2017-09-07 05:24:03', '2017-09-07 05:24:03', '80ac5e73-9c92-42ad-ab42-e2a6146918c4'),
 ('26', '25', '21', '8', '0', '2', '2017-09-07 05:24:03', '2017-09-07 05:24:03', 'f500f941-6e34-49eb-8883-ef0db7a07ba6'),
 ('27', '27', '22', '1', '0', '1', '2017-09-07 21:39:51', '2017-09-07 21:39:51', '6ed41cb8-03a9-4378-9184-bcf4d2bffbcd'),
 ('28', '27', '22', '12', '0', '2', '2017-09-07 21:39:51', '2017-09-07 21:39:51', 'd70d4d38-952e-4cdd-8813-e777357f5f57'),
 ('29', '27', '22', '11', '0', '3', '2017-09-07 21:39:51', '2017-09-07 21:39:51', '546fa0ac-7f6c-496d-874b-d98d114edb7a'),
 ('30', '27', '23', '10', '0', '1', '2017-09-07 21:39:51', '2017-09-07 21:39:51', 'b620ee7c-b094-44bb-9e28-b901ab370d6b');



DROP TABLE IF EXISTS `craft_fieldlayouts`;


--
-- Schema for table `craft_fieldlayouts`
--
CREATE TABLE `craft_fieldlayouts` (
  `id` int(11) NOT NULL AUTO_INCREMENT,
  `type` varchar(150) COLLATE utf8_unicode_ci NOT NULL,
  `dateCreated` datetime NOT NULL,
  `dateUpdated` datetime NOT NULL,
  `uid` char(36) COLLATE utf8_unicode_ci NOT NULL DEFAULT '0',
  PRIMARY KEY (`id`),
  KEY `craft_fieldlayouts_type_idx` (`type`)
) ENGINE=InnoDB AUTO_INCREMENT=30 DEFAULT CHARSET=utf8 COLLATE=utf8_unicode_ci;

--
-- Data for table `craft_fieldlayouts`
--

INSERT INTO `craft_fieldlayouts` (`id`, `type`, `dateCreated`, `dateUpdated`, `uid`) VALUES
 ('1', 'Tag', '2017-09-05 12:55:34', '2017-09-05 12:55:34', '11f500d5-de34-4ea3-aafb-8733168b7180'),
 ('3', 'Entry', '2017-09-05 12:55:34', '2017-09-05 12:55:34', 'd8f7ea95-bd63-458e-8560-3a94eb2878da'),
 ('5', 'Entry', '2017-09-05 12:55:34', '2017-09-05 12:55:34', '4a3fd243-be04-43c9-9d5a-041d7aa2687f'),
 ('21', 'Neo_Block', '2017-09-07 05:24:03', '2017-09-07 05:24:03', '310d24e6-5e4e-4094-a6a7-59dc4e7ba15e'),
 ('22', 'Neo_Block', '2017-09-07 05:24:03', '2017-09-07 05:24:03', '622459e2-45f9-4f27-a023-5b7f5eb18820'),
 ('23', 'Neo_Block', '2017-09-07 05:24:03', '2017-09-07 05:24:03', '06a51507-80f2-424a-978a-f464ebcc3050'),
 ('24', 'Neo_Block', '2017-09-07 05:24:03', '2017-09-07 05:24:03', 'ba80ea0f-a36b-4ea2-857d-92610c74637b'),
 ('25', 'Neo_Block', '2017-09-07 05:24:03', '2017-09-07 05:24:03', '23f5bbd9-52e5-4e6a-a572-2696b549c63c'),
 ('26', 'Asset', '2017-09-07 14:48:12', '2017-09-07 14:48:12', '15051e76-00ae-4cc1-b201-940ac977b052'),
 ('27', 'Entry', '2017-09-07 21:39:51', '2017-09-07 21:39:51', '2d625bd8-5db0-4d7a-9b5b-b3c414e714f1'),
 ('28', 'Entry', '2017-09-07 21:40:04', '2017-09-07 21:40:04', '77dcc939-faca-42ef-910c-f75d0f577d3f'),
 ('29', 'Entry', '2017-09-07 21:40:11', '2017-09-07 21:40:11', 'b634f1b5-9121-4c28-86a4-def6b39b5ce9');



DROP TABLE IF EXISTS `craft_fieldlayouttabs`;


--
-- Schema for table `craft_fieldlayouttabs`
--
CREATE TABLE `craft_fieldlayouttabs` (
  `id` int(11) NOT NULL AUTO_INCREMENT,
  `layoutId` int(11) NOT NULL,
  `name` varchar(255) COLLATE utf8_unicode_ci NOT NULL,
  `sortOrder` smallint(6) unsigned DEFAULT NULL,
  `dateCreated` datetime NOT NULL,
  `dateUpdated` datetime NOT NULL,
  `uid` char(36) COLLATE utf8_unicode_ci NOT NULL DEFAULT '0',
  PRIMARY KEY (`id`),
  KEY `craft_fieldlayouttabs_sortOrder_idx` (`sortOrder`),
  KEY `craft_fieldlayouttabs_layoutId_fk` (`layoutId`)
) ENGINE=InnoDB AUTO_INCREMENT=24 DEFAULT CHARSET=utf8 COLLATE=utf8_unicode_ci;

--
-- Data for table `craft_fieldlayouttabs`
--

INSERT INTO `craft_fieldlayouttabs` (`id`, `layoutId`, `name`, `sortOrder`, `dateCreated`, `dateUpdated`, `uid`) VALUES
 ('1', '3', 'Content', '1', '2017-09-05 12:55:34', '2017-09-05 12:55:34', '23ccccf3-98d3-4ddf-a621-67a35ebeddc9'),
 ('2', '5', 'Content', '1', '2017-09-05 12:55:34', '2017-09-05 12:55:34', '630d7a6b-71e2-42e9-9c0a-c4046b787d27'),
 ('17', '21', 'Tab 1', '1', '2017-09-07 05:24:03', '2017-09-07 05:24:03', 'ff2f8427-268e-459a-832e-8c3efe8d1c54'),
 ('18', '22', 'Tab 1', '1', '2017-09-07 05:24:03', '2017-09-07 05:24:03', '33431997-cd53-4f28-ab80-70c52044a1f2'),
 ('19', '23', 'Tab 1', '1', '2017-09-07 05:24:03', '2017-09-07 05:24:03', '8357cee9-1d44-4469-9de2-9de2b5d4951f'),
 ('20', '24', 'Tab 1', '1', '2017-09-07 05:24:03', '2017-09-07 05:24:03', '161e607e-77db-4501-9f03-9f4298086b53'),
 ('21', '25', 'Tab 1', '1', '2017-09-07 05:24:03', '2017-09-07 05:24:03', 'bb3d8a12-43ac-463d-aee1-a81a11d6a7a0'),
 ('22', '27', 'Info', '1', '2017-09-07 21:39:51', '2017-09-07 21:39:51', '62ad2142-1c23-4134-89ff-12f55452668f'),
 ('23', '27', 'SEO', '2', '2017-09-07 21:39:51', '2017-09-07 21:39:51', '91ecb96a-d96e-4afc-9380-1d4edaec8bbc');



DROP TABLE IF EXISTS `craft_fields`;


--
-- Schema for table `craft_fields`
--
CREATE TABLE `craft_fields` (
  `id` int(11) NOT NULL AUTO_INCREMENT,
  `groupId` int(11) DEFAULT NULL,
  `name` varchar(255) COLLATE utf8_unicode_ci NOT NULL,
  `handle` varchar(58) COLLATE utf8_unicode_ci NOT NULL,
  `context` varchar(255) COLLATE utf8_unicode_ci NOT NULL DEFAULT 'global',
  `instructions` text COLLATE utf8_unicode_ci,
  `translatable` tinyint(1) unsigned NOT NULL DEFAULT '0',
  `type` varchar(150) COLLATE utf8_unicode_ci NOT NULL,
  `settings` text COLLATE utf8_unicode_ci,
  `dateCreated` datetime NOT NULL,
  `dateUpdated` datetime NOT NULL,
  `uid` char(36) COLLATE utf8_unicode_ci NOT NULL DEFAULT '0',
  PRIMARY KEY (`id`),
  UNIQUE KEY `craft_fields_handle_context_unq_idx` (`handle`,`context`),
  KEY `craft_fields_context_idx` (`context`),
  KEY `craft_fields_groupId_fk` (`groupId`)
) ENGINE=InnoDB AUTO_INCREMENT=13 DEFAULT CHARSET=utf8 COLLATE=utf8_unicode_ci;

--
-- Data for table `craft_fields`
--

INSERT INTO `craft_fields` (`id`, `groupId`, `name`, `handle`, `context`, `instructions`, `translatable`, `type`, `settings`, `dateCreated`, `dateUpdated`, `uid`) VALUES
 ('1', '1', 'Body', 'body', 'global', NULL, '1', 'RichText', '{\"configFile\":\"Standard.json\",\"columnType\":\"text\"}', '2017-09-05 12:55:34', '2017-09-05 12:55:34', '4f8c62ce-6f43-4ad9-b919-9df6c453d3d3'),
 ('2', '1', 'Tags', 'tags', 'global', NULL, '0', 'Tags', '{\"source\":\"taggroup:1\"}', '2017-09-05 12:55:34', '2017-09-05 12:55:34', 'fa1c637a-6fa3-42db-8dce-484cd161f582'),
 ('3', '1', 'Image', 'image', 'global', '', '0', 'Assets', '{\"useSingleFolder\":\"1\",\"sources\":\"*\",\"defaultUploadLocationSource\":\"1\",\"defaultUploadLocationSubpath\":\"\",\"singleUploadLocationSource\":\"1\",\"singleUploadLocationSubpath\":\"\",\"restrictFiles\":\"\",\"limit\":\"\",\"viewMode\":\"list\",\"selectionLabel\":\"\"}', '2017-09-06 23:20:22', '2017-09-06 23:46:34', '81b43b7d-dfe4-47e7-a0f6-7037329ae59f'),
 ('4', '2', 'Client Name', 'clientName', 'global', '', '0', 'PlainText', '{\"placeholder\":\"\",\"maxLength\":\"\",\"multiline\":\"\",\"initialRows\":\"4\"}', '2017-09-06 23:21:08', '2017-09-06 23:22:15', 'bafae09a-6c99-43ed-a9fa-7e3094925f21'),
 ('5', '2', 'Teaser', 'teaser', 'global', '', '0', 'RichText', '{\"configFile\":\"\",\"availableAssetSources\":\"*\",\"availableTransforms\":\"*\",\"cleanupHtml\":\"1\",\"purifyHtml\":\"1\",\"purifierConfig\":\"\",\"columnType\":\"text\"}', '2017-09-06 23:21:39', '2017-09-06 23:22:22', 'b80f7d4f-be6d-4858-841d-575407a4358e'),
 ('6', '2', 'Header Image', 'headerImage', 'global', '', '0', 'Assets', '{\"useSingleFolder\":\"1\",\"sources\":\"*\",\"defaultUploadLocationSource\":\"1\",\"defaultUploadLocationSubpath\":\"\",\"singleUploadLocationSource\":\"1\",\"singleUploadLocationSubpath\":\"\",\"restrictFiles\":\"\",\"limit\":\"\",\"viewMode\":\"list\",\"selectionLabel\":\"\"}', '2017-09-06 23:22:41', '2017-09-06 23:46:27', 'e8ccb0bd-e42c-4ab0-b08d-ca7884bf02b6'),
 ('7', '2', 'Regular Logo', 'regularLogo', 'global', '', '0', 'Assets', '{\"useSingleFolder\":\"1\",\"defaultUploadLocationSubpath\":\"\",\"singleUploadLocationSubpath\":\"\",\"restrictFiles\":\"\",\"limit\":\"\",\"viewMode\":\"list\",\"selectionLabel\":\"\"}', '2017-09-06 23:23:52', '2017-09-06 23:36:23', 'a599aedf-1285-4ada-8350-ebc5cf52bfa9'),
 ('8', '2', 'White Logo', 'whiteLogo', 'global', '', '0', 'Assets', '{\"useSingleFolder\":\"\",\"defaultUploadLocationSubpath\":\"\",\"singleUploadLocationSubpath\":\"\",\"restrictFiles\":\"\",\"limit\":\"\",\"viewMode\":\"list\",\"selectionLabel\":\"\"}', '2017-09-06 23:24:12', '2017-09-06 23:24:12', '6876c1f9-1d6e-4fa2-9c29-bc50c7b14ec1'),
 ('9', '2', 'Screenshot', 'screenshot', 'global', '', '0', 'Assets', '{\"useSingleFolder\":\"1\",\"sources\":\"*\",\"defaultUploadLocationSource\":\"1\",\"defaultUploadLocationSubpath\":\"\",\"singleUploadLocationSource\":\"1\",\"singleUploadLocationSubpath\":\"\",\"restrictFiles\":\"\",\"limit\":\"\",\"viewMode\":\"list\",\"selectionLabel\":\"\"}', '2017-09-06 23:24:40', '2017-09-06 23:46:37', 'fbdf1772-6ce2-4bb1-bc6e-6c9a00f593f8'),
 ('10', '2', 'SEO', 'seo', 'global', '', '0', 'Seomatic_Meta', '{\"seoMainEntityCategory\":\"CreativeWork\",\"seoMainEntityOfPage\":\"WebPage\",\"seoTitleSource\":\"field\",\"seoTitleSourceField\":\"title\",\"seoTitle\":\"\",\"seoTitleSourceChangeable\":\"1\",\"seoDescriptionSource\":\"custom\",\"seoDescriptionSourceField\":\"title\",\"seoDescription\":\"\",\"seoDescriptionSourceChangeable\":\"1\",\"seoKeywordsSource\":\"custom\",\"seoKeywordsSourceField\":\"title\",\"seoKeywords\":\"\",\"seoKeywordsSourceChangeable\":\"1\",\"seoImageIdSource\":\"custom\",\"seoImageIdSourceField\":\"headerImage\",\"seoImageIdSourceChangeable\":\"1\",\"seoImageTransform\":\"\",\"twitterCardType\":\"\",\"twitterCardTypeChangeable\":\"1\",\"seoTwitterImageIdSource\":\"custom\",\"seoTwitterImageIdSourceField\":\"headerImage\",\"seoTwitterImageIdSourceChangeable\":\"1\",\"seoTwitterImageTransform\":\"\",\"openGraphType\":\"\",\"openGraphTypeChangeable\":\"1\",\"seoFacebookImageIdSource\":\"custom\",\"seoFacebookImageIdSourceField\":\"headerImage\",\"seoFacebookImageIdSourceChangeable\":\"1\",\"seoFacebookImageTransform\":\"\",\"robots\":\"\",\"robotsChangeable\":\"1\"}', '2017-09-06 23:27:41', '2017-09-06 23:27:41', '4ed4d2c1-f528-4f54-9e60-1edca7b2261d'),
 ('11', '2', 'Case Study', 'caseStudy', 'global', '', '0', 'Neo', '{\"maxBlocks\":null}', '2017-09-06 23:30:59', '2017-09-07 05:24:03', 'a87fc6ac-6b72-47a1-93b4-94f503af15cb'),
 ('12', '2', 'Bottom Copy', 'bottomCopy', 'global', '', '0', 'RichText', '{\"configFile\":\"Standard.json\",\"availableAssetSources\":\"*\",\"availableTransforms\":\"*\",\"cleanupHtml\":\"1\",\"purifyHtml\":\"1\",\"purifierConfig\":\"\",\"columnType\":\"text\"}', '2017-09-07 21:39:13', '2017-09-07 21:39:13', '708a07a2-c6d6-45ce-97b7-d0ba9066f30f');



DROP TABLE IF EXISTS `craft_globalsets`;


--
-- Schema for table `craft_globalsets`
--
CREATE TABLE `craft_globalsets` (
  `id` int(11) NOT NULL,
  `name` varchar(255) COLLATE utf8_unicode_ci NOT NULL,
  `handle` varchar(255) COLLATE utf8_unicode_ci NOT NULL,
  `fieldLayoutId` int(10) DEFAULT NULL,
  `dateCreated` datetime NOT NULL,
  `dateUpdated` datetime NOT NULL,
  `uid` char(36) COLLATE utf8_unicode_ci NOT NULL DEFAULT '0',
  PRIMARY KEY (`id`),
  UNIQUE KEY `craft_globalsets_name_unq_idx` (`name`),
  UNIQUE KEY `craft_globalsets_handle_unq_idx` (`handle`),
  KEY `craft_globalsets_fieldLayoutId_fk` (`fieldLayoutId`)
) ENGINE=InnoDB DEFAULT CHARSET=utf8 COLLATE=utf8_unicode_ci;

DROP TABLE IF EXISTS `craft_info`;


--
-- Schema for table `craft_info`
--
CREATE TABLE `craft_info` (
  `id` int(11) NOT NULL AUTO_INCREMENT,
  `version` varchar(50) COLLATE utf8_unicode_ci NOT NULL,
  `schemaVersion` varchar(15) COLLATE utf8_unicode_ci NOT NULL,
  `edition` tinyint(1) unsigned NOT NULL DEFAULT '0',
  `siteName` varchar(100) COLLATE utf8_unicode_ci NOT NULL,
  `siteUrl` varchar(255) COLLATE utf8_unicode_ci NOT NULL,
  `timezone` varchar(30) COLLATE utf8_unicode_ci DEFAULT NULL,
  `on` tinyint(1) unsigned NOT NULL DEFAULT '0',
  `maintenance` tinyint(1) unsigned NOT NULL DEFAULT '0',
  `dateCreated` datetime NOT NULL,
  `dateUpdated` datetime NOT NULL,
  `uid` char(36) COLLATE utf8_unicode_ci NOT NULL DEFAULT '0',
  PRIMARY KEY (`id`)
) ENGINE=InnoDB AUTO_INCREMENT=2 DEFAULT CHARSET=utf8 COLLATE=utf8_unicode_ci;

--
-- Data for table `craft_info`
--

INSERT INTO `craft_info` (`id`, `version`, `schemaVersion`, `edition`, `siteName`, `siteUrl`, `timezone`, `on`, `maintenance`, `dateCreated`, `dateUpdated`, `uid`) VALUES
 ('1', '2.6.2993', '2.6.10', '0', 'Hall and All', 'http://hallandall.com', 'UTC', '1', '0', '2017-09-05 12:55:31', '2017-10-26 15:31:46', '084166cb-83f2-4136-85f5-05af72d75aa4');



DROP TABLE IF EXISTS `craft_locales`;


--
-- Schema for table `craft_locales`
--
CREATE TABLE `craft_locales` (
  `locale` char(12) COLLATE utf8_unicode_ci NOT NULL,
  `sortOrder` smallint(6) unsigned DEFAULT NULL,
  `dateCreated` datetime NOT NULL,
  `dateUpdated` datetime NOT NULL,
  `uid` char(36) COLLATE utf8_unicode_ci NOT NULL DEFAULT '0',
  PRIMARY KEY (`locale`),
  KEY `craft_locales_sortOrder_idx` (`sortOrder`)
) ENGINE=InnoDB DEFAULT CHARSET=utf8 COLLATE=utf8_unicode_ci;

--
-- Data for table `craft_locales`
--

INSERT INTO `craft_locales` (`locale`, `sortOrder`, `dateCreated`, `dateUpdated`, `uid`) VALUES
 ('en_us', '1', '2017-09-05 12:55:31', '2017-09-05 12:55:31', '0081a47b-f155-4369-8c38-b74b35ad0578');



DROP TABLE IF EXISTS `craft_matrixblocks`;


--
-- Schema for table `craft_matrixblocks`
--
CREATE TABLE `craft_matrixblocks` (
  `id` int(11) NOT NULL,
  `ownerId` int(11) NOT NULL,
  `fieldId` int(11) NOT NULL,
  `typeId` int(11) DEFAULT NULL,
  `sortOrder` smallint(6) unsigned DEFAULT NULL,
  `ownerLocale` char(12) COLLATE utf8_unicode_ci DEFAULT NULL,
  `dateCreated` datetime NOT NULL,
  `dateUpdated` datetime NOT NULL,
  `uid` char(36) COLLATE utf8_unicode_ci NOT NULL DEFAULT '0',
  PRIMARY KEY (`id`),
  KEY `craft_matrixblocks_ownerId_idx` (`ownerId`),
  KEY `craft_matrixblocks_fieldId_idx` (`fieldId`),
  KEY `craft_matrixblocks_typeId_idx` (`typeId`),
  KEY `craft_matrixblocks_sortOrder_idx` (`sortOrder`),
  KEY `craft_matrixblocks_ownerLocale_fk` (`ownerLocale`)
) ENGINE=InnoDB DEFAULT CHARSET=utf8 COLLATE=utf8_unicode_ci;

DROP TABLE IF EXISTS `craft_matrixblocktypes`;


--
-- Schema for table `craft_matrixblocktypes`
--
CREATE TABLE `craft_matrixblocktypes` (
  `id` int(11) NOT NULL AUTO_INCREMENT,
  `fieldId` int(11) NOT NULL,
  `fieldLayoutId` int(11) DEFAULT NULL,
  `name` varchar(255) COLLATE utf8_unicode_ci NOT NULL,
  `handle` varchar(255) COLLATE utf8_unicode_ci NOT NULL,
  `sortOrder` smallint(6) unsigned DEFAULT NULL,
  `dateCreated` datetime NOT NULL,
  `dateUpdated` datetime NOT NULL,
  `uid` char(36) COLLATE utf8_unicode_ci NOT NULL DEFAULT '0',
  PRIMARY KEY (`id`),
  UNIQUE KEY `craft_matrixblocktypes_name_fieldId_unq_idx` (`name`,`fieldId`),
  UNIQUE KEY `craft_matrixblocktypes_handle_fieldId_unq_idx` (`handle`,`fieldId`),
  KEY `craft_matrixblocktypes_fieldId_fk` (`fieldId`),
  KEY `craft_matrixblocktypes_fieldLayoutId_fk` (`fieldLayoutId`)
) ENGINE=InnoDB DEFAULT CHARSET=utf8 COLLATE=utf8_unicode_ci;

DROP TABLE IF EXISTS `craft_migrations`;


--
-- Schema for table `craft_migrations`
--
CREATE TABLE `craft_migrations` (
  `id` int(11) NOT NULL AUTO_INCREMENT,
  `pluginId` int(11) DEFAULT NULL,
  `version` varchar(255) COLLATE utf8_unicode_ci NOT NULL,
  `applyTime` datetime NOT NULL,
  `dateCreated` datetime NOT NULL,
  `dateUpdated` datetime NOT NULL,
  `uid` char(36) COLLATE utf8_unicode_ci NOT NULL DEFAULT '0',
  PRIMARY KEY (`id`),
  UNIQUE KEY `craft_migrations_version_unq_idx` (`version`),
  KEY `craft_migrations_pluginId_fk` (`pluginId`)
) ENGINE=InnoDB AUTO_INCREMENT=69 DEFAULT CHARSET=utf8 COLLATE=utf8_unicode_ci;

--
-- Data for table `craft_migrations`
--

INSERT INTO `craft_migrations` (`id`, `pluginId`, `version`, `applyTime`, `dateCreated`, `dateUpdated`, `uid`) VALUES
 ('1', NULL, 'm000000_000000_base', '2017-09-05 12:55:31', '2017-09-05 12:55:31', '2017-09-05 12:55:31', 'dda6607f-bb39-4f03-b591-3c1f98737690'),
 ('2', NULL, 'm140730_000001_add_filename_and_format_to_transformindex', '2017-09-05 12:55:31', '2017-09-05 12:55:31', '2017-09-05 12:55:31', '1210956c-d1c6-49c8-ba4e-12a1af63f8e5'),
 ('3', NULL, 'm140815_000001_add_format_to_transforms', '2017-09-05 12:55:31', '2017-09-05 12:55:31', '2017-09-05 12:55:31', '60277708-8ab5-4665-a03e-a28ddf96a59a'),
 ('4', NULL, 'm140822_000001_allow_more_than_128_items_per_field', '2017-09-05 12:55:31', '2017-09-05 12:55:31', '2017-09-05 12:55:31', '0c84d42e-06ae-4fe6-a5b5-7d45c63dbed9'),
 ('5', NULL, 'm140829_000001_single_title_formats', '2017-09-05 12:55:31', '2017-09-05 12:55:31', '2017-09-05 12:55:31', '1210d1c5-88cf-46cb-854b-cb37087b78dc'),
 ('6', NULL, 'm140831_000001_extended_cache_keys', '2017-09-05 12:55:31', '2017-09-05 12:55:31', '2017-09-05 12:55:31', '316239e4-ea3a-4fe6-9cb8-95685e7c7901'),
 ('7', NULL, 'm140922_000001_delete_orphaned_matrix_blocks', '2017-09-05 12:55:31', '2017-09-05 12:55:31', '2017-09-05 12:55:31', '9c7ecbb4-4a58-42c9-a205-cb85c6a445bd'),
 ('8', NULL, 'm141008_000001_elements_index_tune', '2017-09-05 12:55:31', '2017-09-05 12:55:31', '2017-09-05 12:55:31', '4040dea3-2c28-4bc3-a747-0cae425095ba'),
 ('9', NULL, 'm141009_000001_assets_source_handle', '2017-09-05 12:55:31', '2017-09-05 12:55:31', '2017-09-05 12:55:31', 'bbc91c7a-5db8-43d1-af47-94be05d5b2fa'),
 ('10', NULL, 'm141024_000001_field_layout_tabs', '2017-09-05 12:55:31', '2017-09-05 12:55:31', '2017-09-05 12:55:31', '6289d501-aad7-45d4-8949-71a1d9ac1def'),
 ('11', NULL, 'm141030_000000_plugin_schema_versions', '2017-09-05 12:55:31', '2017-09-05 12:55:31', '2017-09-05 12:55:31', '62cc36e4-fbb1-4268-b6ac-2057ed8ee73b'),
 ('12', NULL, 'm141030_000001_drop_structure_move_permission', '2017-09-05 12:55:31', '2017-09-05 12:55:31', '2017-09-05 12:55:31', 'c58bf93c-bdae-4932-b195-8d4525d359ef'),
 ('13', NULL, 'm141103_000001_tag_titles', '2017-09-05 12:55:31', '2017-09-05 12:55:31', '2017-09-05 12:55:31', 'bd77a811-62ed-42a5-b017-6cace22a7bac'),
 ('14', NULL, 'm141109_000001_user_status_shuffle', '2017-09-05 12:55:31', '2017-09-05 12:55:31', '2017-09-05 12:55:31', '7961dbec-a812-45cb-b699-b2f514d68ac6'),
 ('15', NULL, 'm141126_000001_user_week_start_day', '2017-09-05 12:55:31', '2017-09-05 12:55:31', '2017-09-05 12:55:31', '88d43a99-2926-4d47-936e-c56d83ef439b'),
 ('16', NULL, 'm150210_000001_adjust_user_photo_size', '2017-09-05 12:55:31', '2017-09-05 12:55:31', '2017-09-05 12:55:31', '8b887333-337d-438a-b844-e284bdbe22f8'),
 ('17', NULL, 'm150724_000001_adjust_quality_settings', '2017-09-05 12:55:31', '2017-09-05 12:55:31', '2017-09-05 12:55:31', '99834e99-c882-4d41-a4fd-009867a7d526'),
 ('18', NULL, 'm150827_000000_element_index_settings', '2017-09-05 12:55:31', '2017-09-05 12:55:31', '2017-09-05 12:55:31', '224a0b03-aef2-42f9-b651-cc92aac4fb98'),
 ('19', NULL, 'm150918_000001_add_colspan_to_widgets', '2017-09-05 12:55:31', '2017-09-05 12:55:31', '2017-09-05 12:55:31', '6c1db344-89cd-4bc3-99dd-d60c44e2bf24'),
 ('20', NULL, 'm151007_000000_clear_asset_caches', '2017-09-05 12:55:31', '2017-09-05 12:55:31', '2017-09-05 12:55:31', '607d7425-b7b1-44ff-a5cf-ef7a55f11ee6'),
 ('21', NULL, 'm151109_000000_text_url_formats', '2017-09-05 12:55:31', '2017-09-05 12:55:31', '2017-09-05 12:55:31', '7d136990-ca87-4ae5-afd7-084384f42139'),
 ('22', NULL, 'm151110_000000_move_logo', '2017-09-05 12:55:31', '2017-09-05 12:55:31', '2017-09-05 12:55:31', 'c6aba213-cf97-4d07-83f6-3798d6e3da98'),
 ('23', NULL, 'm151117_000000_adjust_image_widthheight', '2017-09-05 12:55:31', '2017-09-05 12:55:31', '2017-09-05 12:55:31', '7869ae1e-51aa-410f-b9ad-160faebcc9c0'),
 ('24', NULL, 'm151127_000000_clear_license_key_status', '2017-09-05 12:55:31', '2017-09-05 12:55:31', '2017-09-05 12:55:31', '3f608b0d-e581-46f6-abee-aaf3bfc27f9d'),
 ('25', NULL, 'm151127_000000_plugin_license_keys', '2017-09-05 12:55:31', '2017-09-05 12:55:31', '2017-09-05 12:55:31', '4397a22b-f581-4d51-80b7-e68a434b00de'),
 ('26', NULL, 'm151130_000000_update_pt_widget_feeds', '2017-09-05 12:55:31', '2017-09-05 12:55:31', '2017-09-05 12:55:31', '080db47d-5db5-4212-9a5c-7d39d0d52d6a'),
 ('27', NULL, 'm160114_000000_asset_sources_public_url_default_true', '2017-09-05 12:55:31', '2017-09-05 12:55:31', '2017-09-05 12:55:31', '1712892c-592e-4d74-809f-a659bc6440b7'),
 ('28', NULL, 'm160223_000000_sortorder_to_smallint', '2017-09-05 12:55:31', '2017-09-05 12:55:31', '2017-09-05 12:55:31', '5979b480-2022-44d6-9a47-f0f18e943984'),
 ('29', NULL, 'm160229_000000_set_default_entry_statuses', '2017-09-05 12:55:31', '2017-09-05 12:55:31', '2017-09-05 12:55:31', '750e98e1-cdb9-47e2-b6b6-4c38beb00684'),
 ('30', NULL, 'm160304_000000_client_permissions', '2017-09-05 12:55:31', '2017-09-05 12:55:31', '2017-09-05 12:55:31', 'c14a21a9-d79d-47ce-8ce6-c02eace4c8e8'),
 ('31', NULL, 'm160322_000000_asset_filesize', '2017-09-05 12:55:31', '2017-09-05 12:55:31', '2017-09-05 12:55:31', '79259205-b829-4755-ab3b-710757a2d6da'),
 ('32', NULL, 'm160503_000000_orphaned_fieldlayouts', '2017-09-05 12:55:31', '2017-09-05 12:55:31', '2017-09-05 12:55:31', 'ca905a4b-022f-4e65-bc9a-ef3e6346f1bf'),
 ('33', NULL, 'm160510_000000_tasksettings', '2017-09-05 12:55:31', '2017-09-05 12:55:31', '2017-09-05 12:55:31', '79462c03-67a7-4234-892b-654185220a04'),
 ('34', NULL, 'm160829_000000_pending_user_content_cleanup', '2017-09-05 12:55:31', '2017-09-05 12:55:31', '2017-09-05 12:55:31', '12511f34-dfea-44a2-b7f8-41223f0e3105'),
 ('35', NULL, 'm160830_000000_asset_index_uri_increase', '2017-09-05 12:55:31', '2017-09-05 12:55:31', '2017-09-05 12:55:31', 'dc5ef4cf-5445-441f-b0bf-147cb903d283'),
 ('36', NULL, 'm160919_000000_usergroup_handle_title_unique', '2017-09-05 12:55:31', '2017-09-05 12:55:31', '2017-09-05 12:55:31', '8c05ec42-3bd5-4660-98f9-cec70edba557'),
 ('37', NULL, 'm161108_000000_new_version_format', '2017-09-05 12:55:31', '2017-09-05 12:55:31', '2017-09-05 12:55:31', 'a071b797-0b18-4cb9-a0b1-0d7eb45927ba'),
 ('38', NULL, 'm161109_000000_index_shuffle', '2017-09-05 12:55:31', '2017-09-05 12:55:31', '2017-09-05 12:55:31', '77bb877e-80bc-4bc1-9d10-4a56350cb1ed'),
 ('39', NULL, 'm170612_000000_route_index_shuffle', '2017-09-05 12:55:31', '2017-09-05 12:55:31', '2017-09-05 12:55:31', '839b7f4f-9169-4dc9-95cf-900b0006947d'),
 ('40', '1', 'm151225_000000_seomatic_addHumansField', '2017-09-05 12:55:49', '2017-09-05 12:55:49', '2017-09-05 12:55:49', 'c0fe88ee-fc39-42d5-a868-d2c378fd3479'),
 ('41', '1', 'm151226_000000_seomatic_addTwitterFacebookFields', '2017-09-05 12:55:49', '2017-09-05 12:55:49', '2017-09-05 12:55:49', '62163437-043a-44c8-a547-e9be37904cb1'),
 ('42', '1', 'm160101_000000_seomatic_addRobotsFields', '2017-09-05 12:55:49', '2017-09-05 12:55:49', '2017-09-05 12:55:49', '08bf7376-9294-477b-a684-f48be9161158'),
 ('43', '1', 'm160111_000000_seomatic_addTitleFields', '2017-09-05 12:55:49', '2017-09-05 12:55:49', '2017-09-05 12:55:49', '43d33192-e3b3-44c1-a73e-7e378e6c71df'),
 ('44', '1', 'm160122_000000_seomatic_addTypeFields', '2017-09-05 12:55:49', '2017-09-05 12:55:49', '2017-09-05 12:55:49', '35cbe6f6-c1e4-4616-be5a-6394796b2fa8'),
 ('45', '1', 'm160123_000000_seomatic_addOpeningHours', '2017-09-05 12:55:49', '2017-09-05 12:55:49', '2017-09-05 12:55:49', '92a55f05-a08e-4803-a07e-8a1e50b9ea12'),
 ('46', '1', 'm160202_000000_seomatic_addSocialHandles', '2017-09-05 12:55:49', '2017-09-05 12:55:49', '2017-09-05 12:55:49', '39acc72b-87a3-437d-b7c0-8db02876847b'),
 ('47', '1', 'm160204_000000_seomatic_addGoogleAnalytics', '2017-09-05 12:55:49', '2017-09-05 12:55:49', '2017-09-05 12:55:49', 'd7fa7fdb-c05e-48f8-8387-1c715da89837'),
 ('48', '1', 'm160205_000000_seomatic_addResturantMenu', '2017-09-05 12:55:49', '2017-09-05 12:55:49', '2017-09-05 12:55:49', '1f0c6c45-7ef2-4adb-a6d2-dbf3aaa756f8'),
 ('49', '1', 'm160206_000000_seomatic_addGoogleAnalyticsPlugins', '2017-09-05 12:55:49', '2017-09-05 12:55:49', '2017-09-05 12:55:49', 'd6cfefca-03ca-44a0-ac3b-04db23fd3d9a'),
 ('50', '1', 'm160206_000000_seomatic_addGoogleAnalyticsSendPageView', '2017-09-05 12:55:49', '2017-09-05 12:55:49', '2017-09-05 12:55:49', 'f18e6c8e-480e-486f-b2c7-f513b68e211b'),
 ('51', '1', 'm160209_000000_seomatic_alterDescriptionsColumns', '2017-09-05 12:55:49', '2017-09-05 12:55:49', '2017-09-05 12:55:49', '0ad5042d-0ab9-40cb-b938-723925a4845b'),
 ('52', '1', 'm160209_000001_seomatic_addRobotsTxt', '2017-09-05 12:55:49', '2017-09-05 12:55:49', '2017-09-05 12:55:49', '5a7a4157-cc58-4a73-adbb-9038005b217f'),
 ('53', '1', 'm160227_000000_seomatic_addFacebookAppId', '2017-09-05 12:55:49', '2017-09-05 12:55:49', '2017-09-05 12:55:49', 'e8db5fbc-3b31-49fb-a9b5-0d2a521ecc53'),
 ('54', '1', 'm160416_000000_seomatic_addContactPoints', '2017-09-05 12:55:49', '2017-09-05 12:55:49', '2017-09-05 12:55:49', '7b6e8a4f-1d16-4c0e-9ad5-c5b353e81268'),
 ('55', '1', 'm160509_000000_seomatic_addSiteLinksBing', '2017-09-05 12:55:49', '2017-09-05 12:55:49', '2017-09-05 12:55:49', '840354ad-5cd3-474e-a406-6d8581c96715'),
 ('56', '1', 'm160707_000000_seomatic_addGoogleTagManager', '2017-09-05 12:55:49', '2017-09-05 12:55:49', '2017-09-05 12:55:49', 'f1899b6e-0f52-4d91-b5d4-1122d383067e'),
 ('57', '1', 'm160715_000000_seomatic_addSeoImageTransforms', '2017-09-05 12:55:49', '2017-09-05 12:55:49', '2017-09-05 12:55:49', '9e778b75-c116-491b-a1d3-9a2a9e449b82'),
 ('58', '1', 'm160723_000000_seomatic_addSeoMainEntityOfPage', '2017-09-05 12:55:49', '2017-09-05 12:55:49', '2017-09-05 12:55:49', 'e7c101a7-9ecc-4ee6-8049-0c5eb9cfa15c'),
 ('59', '1', 'm160724_000000_seomatic_addSeoMainEntityCategory', '2017-09-05 12:55:49', '2017-09-05 12:55:49', '2017-09-05 12:55:49', '2278b5af-4046-4884-b6cd-0671a4e4bf9f'),
 ('60', '1', 'm160811_000000_seomatic_addVimeo', '2017-09-05 12:55:49', '2017-09-05 12:55:49', '2017-09-05 12:55:49', 'f0ba5e27-c000-4d1d-a56f-c3c2d35634e0'),
 ('61', '1', 'm160904_000000_seomatic_addTwitterFacebookImages', '2017-09-05 12:55:49', '2017-09-05 12:55:49', '2017-09-05 12:55:49', '91585530-d187-40bf-bb4b-35b5ef6a8aa2'),
 ('62', '1', 'm161220_000000_seomatic_addPriceRange', '2017-09-05 12:55:49', '2017-09-05 12:55:49', '2017-09-05 12:55:49', 'e6322472-d696-4c7b-99e3-9f43d6e5d482'),
 ('63', '1', 'm170212_000000_seomatic_addGoogleAnalyticsAnonymizeIp', '2017-09-05 12:55:49', '2017-09-05 12:55:49', '2017-09-05 12:55:49', '096792af-3df6-47f8-84d5-a765ebef45b4'),
 ('64', '1', 'm170212_000000_seomatic_addWikipedia', '2017-09-05 12:55:49', '2017-09-05 12:55:49', '2017-09-05 12:55:49', 'c5b20f00-c18f-4d70-9da7-ce32344d3d71'),
 ('65', '2', 'm160428_202308_Neo_UpdateBlockLevels', '2017-09-06 23:19:36', '2017-09-06 23:19:36', '2017-09-06 23:19:36', '9fa3a1f4-0655-458f-b246-ca22fa1cb90f'),
 ('66', '2', 'm160515_005002_Neo_UpdateBlockStructure', '2017-09-06 23:19:36', '2017-09-06 23:19:36', '2017-09-06 23:19:36', '4857f8d2-0354-4d1f-9a30-91d020ddec9a'),
 ('67', '2', 'm160605_191540_Neo_UpdateBlockStructureLocales', '2017-09-06 23:19:36', '2017-09-06 23:19:36', '2017-09-06 23:19:36', '100e5acd-b076-42bc-8bbd-f5d9bcab790b'),
 ('68', '2', 'm161029_230849_Neo_AddMaxChildBlocksSetting', '2017-09-06 23:19:36', '2017-09-06 23:19:36', '2017-09-06 23:19:36', 'e36b7890-623c-49e4-8ebb-2c8e247ed0fb');



DROP TABLE IF EXISTS `craft_neoblocks`;


--
-- Schema for table `craft_neoblocks`
--
CREATE TABLE `craft_neoblocks` (
  `id` int(11) NOT NULL,
  `ownerId` int(11) NOT NULL,
  `fieldId` int(11) NOT NULL,
  `typeId` int(11) DEFAULT NULL,
  `collapsed` tinyint(1) unsigned NOT NULL DEFAULT '0',
  `ownerLocale` char(12) COLLATE utf8_unicode_ci DEFAULT NULL,
  `dateCreated` datetime NOT NULL,
  `dateUpdated` datetime NOT NULL,
  `uid` char(36) COLLATE utf8_unicode_ci NOT NULL DEFAULT '0',
  PRIMARY KEY (`id`),
  KEY `craft_neoblocks_ownerId_idx` (`ownerId`),
  KEY `craft_neoblocks_fieldId_idx` (`fieldId`),
  KEY `craft_neoblocks_typeId_idx` (`typeId`),
  KEY `craft_neoblocks_collapsed_idx` (`collapsed`),
  KEY `craft_neoblocks_ownerLocale_fk` (`ownerLocale`)
) ENGINE=InnoDB DEFAULT CHARSET=utf8 COLLATE=utf8_unicode_ci;

--
-- Data for table `craft_neoblocks`
--

INSERT INTO `craft_neoblocks` (`id`, `ownerId`, `fieldId`, `typeId`, `collapsed`, `ownerLocale`, `dateCreated`, `dateUpdated`, `uid`) VALUES
 ('17', '16', '11', '1', '0', NULL, '2017-09-07 05:25:01', '2017-09-07 21:52:16', '409a0768-a6b9-4a65-90e8-c1e4831cd812'),
 ('18', '16', '11', '5', '0', NULL, '2017-09-07 05:25:01', '2017-09-07 21:52:16', '2ad8255a-ceda-4b8a-b1a3-83cdc537d0d9'),
 ('19', '16', '11', '2', '0', NULL, '2017-09-07 05:25:02', '2017-09-07 21:52:16', 'e5ec41c3-a73c-47f4-a54d-34af862be45a'),
 ('20', '16', '11', '4', '0', NULL, '2017-09-07 05:25:02', '2017-09-07 21:52:17', '39951ad8-ddcc-45ca-a45e-fa2222041ef3'),
 ('21', '16', '11', '3', '0', NULL, '2017-09-07 05:25:02', '2017-09-07 21:52:17', '09ac7235-66d9-4eaf-b0fd-ecd8d8251bc1'),
 ('26', '25', '11', '5', '0', NULL, '2017-09-07 05:35:36', '2017-09-07 22:16:40', '1506c429-8f2f-47e1-b5a7-167a1673abda'),
 ('27', '25', '11', '2', '0', NULL, '2017-09-07 05:35:36', '2017-09-07 22:16:40', '0692736f-8fbe-41c5-ae22-2e7767a31e79'),
 ('28', '25', '11', '4', '0', NULL, '2017-09-07 05:35:36', '2017-09-07 22:16:40', 'cc3f5fcc-e504-4c57-adb8-8e92299b4744'),
 ('33', '32', '11', '5', '0', NULL, '2017-09-07 05:40:57', '2017-09-07 22:17:27', 'b05abe76-7115-43ec-8012-ca5990405373'),
 ('34', '32', '11', '2', '0', NULL, '2017-09-07 05:40:57', '2017-09-07 22:17:27', '2a736bd4-e957-40d4-a081-16955fcf9d51'),
 ('35', '32', '11', '4', '0', NULL, '2017-09-07 05:40:57', '2017-09-07 22:17:27', '5dd35713-7ac1-4d7f-a992-e19e7dd96b0d'),
 ('38', '37', '11', '5', '0', NULL, '2017-09-07 05:44:49', '2017-09-07 22:17:49', 'b66d5377-1345-404a-98bd-b33795b9af76'),
 ('39', '37', '11', '2', '0', NULL, '2017-09-07 05:44:49', '2017-09-07 22:17:49', '45fdbe06-eba6-4ac9-bd46-bd86b104af78'),
 ('40', '37', '11', '4', '0', NULL, '2017-09-07 05:44:49', '2017-09-07 22:17:49', '2292cba8-48aa-4b5c-84bf-f08fe8bf7d20');



DROP TABLE IF EXISTS `craft_neoblockstructures`;


--
-- Schema for table `craft_neoblockstructures`
--
CREATE TABLE `craft_neoblockstructures` (
  `id` int(11) NOT NULL AUTO_INCREMENT,
  `structureId` int(11) NOT NULL,
  `ownerId` int(11) NOT NULL,
  `fieldId` int(11) NOT NULL,
  `ownerLocale` char(12) COLLATE utf8_unicode_ci DEFAULT NULL,
  `dateCreated` datetime NOT NULL,
  `dateUpdated` datetime NOT NULL,
  `uid` char(36) COLLATE utf8_unicode_ci NOT NULL DEFAULT '0',
  PRIMARY KEY (`id`),
  KEY `craft_neoblockstructures_structureId_idx` (`structureId`),
  KEY `craft_neoblockstructures_ownerId_idx` (`ownerId`),
  KEY `craft_neoblockstructures_fieldId_idx` (`fieldId`),
  KEY `craft_neoblockstructures_ownerLocale_fk` (`ownerLocale`)
) ENGINE=InnoDB AUTO_INCREMENT=33 DEFAULT CHARSET=utf8 COLLATE=utf8_unicode_ci;

--
-- Data for table `craft_neoblockstructures`
--

INSERT INTO `craft_neoblockstructures` (`id`, `structureId`, `ownerId`, `fieldId`, `ownerLocale`, `dateCreated`, `dateUpdated`, `uid`) VALUES
 ('14', '14', '16', '11', NULL, '2017-09-07 21:52:16', '2017-09-07 21:52:16', '004db769-93ee-4301-9a73-43c4b438badb'),
 ('30', '30', '25', '11', NULL, '2017-09-07 22:16:40', '2017-09-07 22:16:40', 'd1dd8474-4015-40ba-8236-c5ea60da76f2'),
 ('31', '31', '32', '11', NULL, '2017-09-07 22:17:27', '2017-09-07 22:17:27', '920e3f6e-afc4-4350-aba1-7b4f3aefabb5'),
 ('32', '32', '37', '11', NULL, '2017-09-07 22:17:49', '2017-09-07 22:17:49', '9465f452-81b7-4055-bbaa-2ddc56e43209');



DROP TABLE IF EXISTS `craft_neoblocktypes`;


--
-- Schema for table `craft_neoblocktypes`
--
CREATE TABLE `craft_neoblocktypes` (
  `id` int(11) NOT NULL AUTO_INCREMENT,
  `fieldId` int(11) NOT NULL,
  `fieldLayoutId` int(11) DEFAULT NULL,
  `name` varchar(255) COLLATE utf8_unicode_ci NOT NULL,
  `handle` varchar(255) COLLATE utf8_unicode_ci NOT NULL,
  `maxBlocks` int(10) DEFAULT '0',
  `maxChildBlocks` int(10) DEFAULT '0',
  `childBlocks` text COLLATE utf8_unicode_ci,
  `topLevel` tinyint(1) unsigned NOT NULL DEFAULT '1',
  `sortOrder` smallint(6) unsigned DEFAULT NULL,
  `dateCreated` datetime NOT NULL,
  `dateUpdated` datetime NOT NULL,
  `uid` char(36) COLLATE utf8_unicode_ci NOT NULL DEFAULT '0',
  PRIMARY KEY (`id`),
  UNIQUE KEY `craft_neoblocktypes_name_fieldId_unq_idx` (`name`,`fieldId`),
  UNIQUE KEY `craft_neoblocktypes_handle_fieldId_unq_idx` (`handle`,`fieldId`),
  KEY `craft_neoblocktypes_fieldId_fk` (`fieldId`),
  KEY `craft_neoblocktypes_fieldLayoutId_fk` (`fieldLayoutId`)
) ENGINE=InnoDB AUTO_INCREMENT=6 DEFAULT CHARSET=utf8 COLLATE=utf8_unicode_ci;

--
-- Data for table `craft_neoblocktypes`
--

INSERT INTO `craft_neoblocktypes` (`id`, `fieldId`, `fieldLayoutId`, `name`, `handle`, `maxBlocks`, `maxChildBlocks`, `childBlocks`, `topLevel`, `sortOrder`, `dateCreated`, `dateUpdated`, `uid`) VALUES
 ('1', '11', '21', 'Client Name', 'clientName', '1', NULL, '', '1', '1', '2017-09-06 23:30:59', '2017-09-07 05:24:03', 'e9e89006-a838-4b21-9c0e-07bc13138966'),
 ('2', '11', '23', 'Images', 'images', '1', NULL, '[\"screenshots\",\"logos\"]', '1', '3', '2017-09-06 23:30:59', '2017-09-07 05:24:03', 'bad73554-d77f-4ad1-a3e8-51b186faffd2'),
 ('3', '11', '25', 'Logos', 'logos', NULL, NULL, '', '0', '5', '2017-09-06 23:30:59', '2017-09-07 05:24:03', '5caae4c2-a964-412e-a82e-6cad918249f8'),
 ('4', '11', '24', 'Screenshots', 'screenshots', NULL, NULL, '', '0', '4', '2017-09-06 23:30:59', '2017-09-07 05:24:03', '4e89de93-d0d4-48b9-9d55-f4c8c058b3cc'),
 ('5', '11', '22', 'Teaser', 'teaser', '1', NULL, '', '1', '2', '2017-09-06 23:30:59', '2017-09-07 05:24:03', '6b5b0ea1-6fdb-43f7-bca4-a1ba5e10d268');



DROP TABLE IF EXISTS `craft_neogroups`;


--
-- Schema for table `craft_neogroups`
--
CREATE TABLE `craft_neogroups` (
  `id` int(11) NOT NULL AUTO_INCREMENT,
  `fieldId` int(11) NOT NULL,
  `name` varchar(255) COLLATE utf8_unicode_ci DEFAULT NULL,
  `sortOrder` smallint(6) unsigned DEFAULT NULL,
  `dateCreated` datetime NOT NULL,
  `dateUpdated` datetime NOT NULL,
  `uid` char(36) COLLATE utf8_unicode_ci NOT NULL DEFAULT '0',
  PRIMARY KEY (`id`),
  KEY `craft_neogroups_fieldId_fk` (`fieldId`)
) ENGINE=InnoDB DEFAULT CHARSET=utf8 COLLATE=utf8_unicode_ci;

DROP TABLE IF EXISTS `craft_plugins`;


--
-- Schema for table `craft_plugins`
--
CREATE TABLE `craft_plugins` (
  `id` int(11) NOT NULL AUTO_INCREMENT,
  `class` varchar(150) COLLATE utf8_unicode_ci NOT NULL,
  `version` varchar(15) COLLATE utf8_unicode_ci NOT NULL,
  `schemaVersion` varchar(15) COLLATE utf8_unicode_ci DEFAULT NULL,
  `licenseKey` char(24) COLLATE utf8_unicode_ci DEFAULT NULL,
  `licenseKeyStatus` enum('valid','invalid','mismatched','unknown') COLLATE utf8_unicode_ci NOT NULL DEFAULT 'unknown',
  `enabled` tinyint(1) unsigned NOT NULL DEFAULT '0',
  `settings` text COLLATE utf8_unicode_ci,
  `installDate` datetime NOT NULL,
  `dateCreated` datetime NOT NULL,
  `dateUpdated` datetime NOT NULL,
  `uid` char(36) COLLATE utf8_unicode_ci NOT NULL DEFAULT '0',
  PRIMARY KEY (`id`)
) ENGINE=InnoDB AUTO_INCREMENT=3 DEFAULT CHARSET=utf8 COLLATE=utf8_unicode_ci;

--
-- Data for table `craft_plugins`
--

INSERT INTO `craft_plugins` (`id`, `class`, `version`, `schemaVersion`, `licenseKey`, `licenseKeyStatus`, `enabled`, `settings`, `installDate`, `dateCreated`, `dateUpdated`, `uid`) VALUES
 ('1', 'Seomatic', '1.1.47', '1.1.25', NULL, 'unknown', '1', NULL, '2017-09-05 12:55:49', '2017-09-05 12:55:49', '2017-10-26 15:31:55', 'd148fbf5-cf65-4828-8e3d-bc775a75a15a'),
 ('2', 'Neo', '1.4.1', '1.4.1', NULL, 'unknown', '1', NULL, '2017-09-06 23:19:36', '2017-09-06 23:19:36', '2017-10-26 15:31:55', '8235a33e-90e1-4ddf-9cfe-4e52b957a969');



DROP TABLE IF EXISTS `craft_rackspaceaccess`;


--
-- Schema for table `craft_rackspaceaccess`
--
CREATE TABLE `craft_rackspaceaccess` (
  `id` int(11) NOT NULL AUTO_INCREMENT,
  `connectionKey` varchar(255) COLLATE utf8_unicode_ci NOT NULL,
  `token` varchar(255) COLLATE utf8_unicode_ci NOT NULL,
  `storageUrl` varchar(255) COLLATE utf8_unicode_ci NOT NULL,
  `cdnUrl` varchar(255) COLLATE utf8_unicode_ci NOT NULL,
  `dateCreated` datetime NOT NULL,
  `dateUpdated` datetime NOT NULL,
  `uid` char(36) COLLATE utf8_unicode_ci NOT NULL DEFAULT '0',
  PRIMARY KEY (`id`),
  UNIQUE KEY `craft_rackspaceaccess_connectionKey_unq_idx` (`connectionKey`)
) ENGINE=InnoDB DEFAULT CHARSET=utf8 COLLATE=utf8_unicode_ci;

DROP TABLE IF EXISTS `craft_relations`;


--
-- Schema for table `craft_relations`
--
CREATE TABLE `craft_relations` (
  `id` int(11) NOT NULL AUTO_INCREMENT,
  `fieldId` int(11) NOT NULL,
  `sourceId` int(11) NOT NULL,
  `sourceLocale` char(12) COLLATE utf8_unicode_ci DEFAULT NULL,
  `targetId` int(11) NOT NULL,
  `sortOrder` smallint(6) DEFAULT NULL,
  `dateCreated` datetime NOT NULL,
  `dateUpdated` datetime NOT NULL,
  `uid` char(36) COLLATE utf8_unicode_ci NOT NULL DEFAULT '0',
  PRIMARY KEY (`id`),
  UNIQUE KEY `craft_relations_fieldId_sourceId_sourceLocale_targetId_unq_idx` (`fieldId`,`sourceId`,`sourceLocale`,`targetId`),
  KEY `craft_relations_sourceId_fk` (`sourceId`),
  KEY `craft_relations_sourceLocale_fk` (`sourceLocale`),
  KEY `craft_relations_targetId_fk` (`targetId`)
) ENGINE=InnoDB AUTO_INCREMENT=109 DEFAULT CHARSET=utf8 COLLATE=utf8_unicode_ci;

--
-- Data for table `craft_relations`
--

INSERT INTO `craft_relations` (`id`, `fieldId`, `sourceId`, `sourceLocale`, `targetId`, `sortOrder`, `dateCreated`, `dateUpdated`, `uid`) VALUES
 ('1', '6', '6', NULL, '8', '1', '2017-09-07 05:15:23', '2017-09-07 05:15:23', '81e6cc63-dbc4-45ed-9d19-8e1d67789351'),
 ('2', '9', '15', NULL, '12', '1', '2017-09-07 05:15:23', '2017-09-07 05:15:23', '2ef5c84d-ab0e-4541-9b57-989e52e33912'),
 ('3', '9', '15', NULL, '13', '2', '2017-09-07 05:15:23', '2017-09-07 05:15:23', '9b4497d6-c5f0-429b-8ab1-b3021db29b02'),
 ('4', '9', '15', NULL, '14', '3', '2017-09-07 05:15:23', '2017-09-07 05:15:23', '9c956f99-573b-459b-ace1-292745a3a8bf'),
 ('37', '6', '19', NULL, '8', '1', '2017-09-07 21:52:16', '2017-09-07 21:52:16', 'ea8d33bc-e214-45d4-9170-7304f27263de'),
 ('38', '9', '20', NULL, '12', '1', '2017-09-07 21:52:16', '2017-09-07 21:52:16', '2762f769-2ca1-49fa-8cfd-5f25d76d8c1a'),
 ('39', '9', '20', NULL, '13', '2', '2017-09-07 21:52:16', '2017-09-07 21:52:16', 'ecbc46f6-8b10-4614-8dee-6eb089ab62f9'),
 ('40', '9', '20', NULL, '14', '3', '2017-09-07 21:52:16', '2017-09-07 21:52:16', 'f6330489-e130-4fc0-b750-e21fd12c1720'),
 ('95', '6', '27', NULL, '22', '1', '2017-09-07 22:16:40', '2017-09-07 22:16:40', '78a2aabf-2e8e-432d-8580-f94efdbdcab1'),
 ('96', '9', '28', NULL, '47', '1', '2017-09-07 22:16:40', '2017-09-07 22:16:40', '023f657c-2653-41c6-ae40-07e901e3a87e'),
 ('97', '9', '28', NULL, '49', '2', '2017-09-07 22:16:40', '2017-09-07 22:16:40', '3329d953-389a-4a47-bc70-d12e97a922ab'),
 ('98', '9', '28', NULL, '48', '3', '2017-09-07 22:16:40', '2017-09-07 22:16:40', 'fe5bac1a-2162-498c-8d5c-8e25b2318190'),
 ('99', '9', '28', NULL, '50', '4', '2017-09-07 22:16:40', '2017-09-07 22:16:40', '9706f5b0-fb21-4fb8-938f-121fb057ee22'),
 ('100', '9', '28', NULL, '45', '5', '2017-09-07 22:16:40', '2017-09-07 22:16:40', 'fc92e998-8913-40c0-a6fa-4559cfb556be'),
 ('101', '9', '28', NULL, '46', '6', '2017-09-07 22:16:40', '2017-09-07 22:16:40', 'c6af4990-a6ff-4470-87b0-69a01c5030be'),
 ('102', '6', '34', NULL, '30', '1', '2017-09-07 22:17:27', '2017-09-07 22:17:27', '75183c41-0e78-400a-9941-8299b67fe180'),
 ('103', '9', '35', NULL, '29', '1', '2017-09-07 22:17:27', '2017-09-07 22:17:27', '3ebfd06d-f652-4a09-889c-a0b48b57306e'),
 ('104', '6', '39', NULL, '31', '1', '2017-09-07 22:17:49', '2017-09-07 22:17:49', '3d481b82-9436-47a6-ac63-4dce2f37a9aa'),
 ('105', '9', '40', NULL, '58', '1', '2017-09-07 22:17:49', '2017-09-07 22:17:49', 'aaebf728-88b0-4062-baa4-bad833a0bc4d'),
 ('106', '9', '40', NULL, '57', '2', '2017-09-07 22:17:49', '2017-09-07 22:17:49', '690d0663-7f5b-4e8a-b643-e6c80431d024'),
 ('107', '9', '40', NULL, '56', '3', '2017-09-07 22:17:49', '2017-09-07 22:17:49', '9721cb0c-33cf-49d3-a10a-23995e9f6639'),
 ('108', '9', '40', NULL, '55', '4', '2017-09-07 22:17:49', '2017-09-07 22:17:49', '1cb065d7-0c1f-47aa-9df4-bccea3209894');



DROP TABLE IF EXISTS `craft_routes`;


--
-- Schema for table `craft_routes`
--
CREATE TABLE `craft_routes` (
  `id` int(11) NOT NULL AUTO_INCREMENT,
  `locale` char(12) COLLATE utf8_unicode_ci DEFAULT NULL,
  `urlParts` varchar(255) COLLATE utf8_unicode_ci NOT NULL,
  `urlPattern` varchar(255) COLLATE utf8_unicode_ci NOT NULL,
  `template` varchar(255) COLLATE utf8_unicode_ci NOT NULL,
  `sortOrder` smallint(6) unsigned DEFAULT NULL,
  `dateCreated` datetime NOT NULL,
  `dateUpdated` datetime NOT NULL,
  `uid` char(36) COLLATE utf8_unicode_ci NOT NULL DEFAULT '0',
  PRIMARY KEY (`id`),
  KEY `craft_routes_locale_idx` (`locale`),
  KEY `craft_routes_urlPattern_idx` (`urlPattern`)
) ENGINE=InnoDB DEFAULT CHARSET=utf8 COLLATE=utf8_unicode_ci;

DROP TABLE IF EXISTS `craft_searchindex`;


--
-- Schema for table `craft_searchindex`
--
CREATE TABLE `craft_searchindex` (
  `elementId` int(11) NOT NULL,
  `attribute` varchar(25) COLLATE utf8_unicode_ci NOT NULL,
  `fieldId` int(11) NOT NULL,
  `locale` char(12) COLLATE utf8_unicode_ci NOT NULL,
  `keywords` text COLLATE utf8_unicode_ci NOT NULL,
  PRIMARY KEY (`elementId`,`attribute`,`fieldId`,`locale`),
  FULLTEXT KEY `craft_searchindex_keywords_idx` (`keywords`)
) ENGINE=MyISAM DEFAULT CHARSET=utf8 COLLATE=utf8_unicode_ci;

--
-- Data for table `craft_searchindex`
--

INSERT INTO `craft_searchindex` (`elementId`, `attribute`, `fieldId`, `locale`, `keywords`) VALUES
 ('1', 'username', '0', 'en_us', ' admin '),
 ('1', 'firstname', '0', 'en_us', ''),
 ('1', 'lastname', '0', 'en_us', ''),
 ('1', 'fullname', '0', 'en_us', ''),
 ('1', 'email', '0', 'en_us', ' james hallandall com '),
 ('1', 'slug', '0', 'en_us', ''),
 ('2', 'slug', '0', 'en_us', ' homepage '),
 ('2', 'title', '0', 'en_us', ' welcome to craft f9ma frb io '),
 ('2', 'field', '1', 'en_us', ''),
 ('16', 'field', '1', 'en_us', ' when i started freelancing my good friend michael van tonder of hunt saw was on a similar path and had a lead on an interesting challenge michael was in discussions with bryan miles from miles ag a company that had four subsidiaries that specialized in virtual staffing if you need an assistant webmaster bookkeeper or copywriter and aren t necessarily worried about where in the world they are the miles ag group can staff any of these roles for you the need to consolidate the miles ag group had reached a point where they had 5 different websites each with it s own branding and theme all related to virtual workers but they all lacked a singular tie back to the parent company each of these websites had its own wordpress instance with their own blog posts pages and ctas to join the company as one could imagine this ended up becoming quite a large undertaking with duplicate content and code across multiple wordpress installs five companies become one the leadership team met with hunt saw and went through the process of finding a single name that would be synonymous with their company s values and offerings after a few rounds of discussion and rewrites the team decided on belay and michael went to work on creating the new brand the build once the designs and ux ia were finalized i got started working on the website time was of the essence with the site launch date and we had a lot of ground to cover michael was very supportive with answering any questions i had with the designs and how they would flow on the grid if we still had trouble translating the design he wouldn t hesitate to give me a motion study '),
 ('3', 'field', '1', 'en_us', ' craft is the cms that s powering craft f9ma frb io it s beautiful powerful flexible and easy to use and it s made by pixel tonic we can t wait to dive in and see what it s capable of this is even more captivating content which you couldn t see on the news index page because it was entered after a page break and the news index template only likes to show the content on the first page craft a nice alternative to word if you re making a website '),
 ('3', 'field', '2', 'en_us', ''),
 ('3', 'slug', '0', 'en_us', ' we just installed craft '),
 ('3', 'title', '0', 'en_us', ' we just installed craft '),
 ('5', 'field', '5', 'en_us', ' transforming five seperate successful companies into one cohesive brand digitally with my friends at hunt saw '),
 ('5', 'slug', '0', 'en_us', ''),
 ('6', 'field', '6', 'en_us', ' belay bg '),
 ('6', 'slug', '0', 'en_us', ''),
 ('14', 'title', '0', 'en_us', ' belay7 '),
 ('13', 'extension', '0', 'en_us', ' jpeg '),
 ('13', 'kind', '0', 'en_us', ' image '),
 ('13', 'slug', '0', 'en_us', ' belay6 '),
 ('13', 'title', '0', 'en_us', ' belay6 '),
 ('8', 'filename', '0', 'en_us', ' belay bg jpg '),
 ('13', 'filename', '0', 'en_us', ' belay6 jpeg '),
 ('8', 'extension', '0', 'en_us', ' jpg '),
 ('8', 'kind', '0', 'en_us', ' image '),
 ('8', 'slug', '0', 'en_us', ' belay bg '),
 ('8', 'title', '0', 'en_us', ' belay bg '),
 ('14', 'kind', '0', 'en_us', ' image '),
 ('14', 'slug', '0', 'en_us', ' belay7 '),
 ('14', 'extension', '0', 'en_us', ' jpeg '),
 ('14', 'filename', '0', 'en_us', ' belay7 jpeg '),
 ('16', 'slug', '0', 'en_us', ' belay solutions '),
 ('16', 'title', '0', 'en_us', ' belay solutions '),
 ('12', 'filename', '0', 'en_us', ' belay4 jpeg '),
 ('12', 'extension', '0', 'en_us', ' jpeg '),
 ('12', 'kind', '0', 'en_us', ' image '),
 ('12', 'slug', '0', 'en_us', ' belay4 '),
 ('12', 'title', '0', 'en_us', ' belay4 '),
 ('48', 'filename', '0', 'en_us', ' features akada software 1 jpg '),
 ('16', 'field', '12', 'en_us', ' iterative qa in order to get my projects out in time i prefer to work with designers who are comfortable with iterating over the same page a few times in a quick fashion typically a response from my designer would have a lot of notes and arrows all over the place not everyone is well equipped to deal with feedback like this some developers could take this and it would be a huge point of stress and concern but for me it helps keep a constant line of communication with my designer at all times this wasn t the only way we passed our findings back and forth aside from these visuals we also had a google spreadsheet full of screenshots and notes from the belay team which really helped keep all of us on the same page for where we were during the project the launch coming up towards the launch date we were lucky to have a handful of key stakeholders helping us qa the site we made sure to have stand ups every other day to communicate any issues we may see and increased that cadence to twice a day on the last week prior to launch the beauty of this team is that they understood the importance of being flexible when it came down to making decisions on critical items that were needed for launch i m happy to say we were able to launch on the exact date we had aimed for with a smooth deployment check out belay solutions new website here '),
 ('16', 'field', '11', 'en_us', ''),
 ('16', 'field', '10', 'en_us', ' 1 en_us 1 0 template creativework webpage belay solutions belay solutions field title custom title custom title custom custom custom '),
 ('15', 'field', '9', 'en_us', ' belay4 belay6 belay7 '),
 ('15', 'slug', '0', 'en_us', ''),
 ('17', 'field', '4', 'en_us', ''),
 ('17', 'slug', '0', 'en_us', ''),
 ('18', 'field', '5', 'en_us', ' transforming five seperate successful companies into one cohesive brand digitally with my friends at hunt saw '),
 ('18', 'slug', '0', 'en_us', ''),
 ('19', 'field', '6', 'en_us', ' belay bg '),
 ('19', 'slug', '0', 'en_us', ''),
 ('20', 'field', '9', 'en_us', ' belay4 belay6 belay7 '),
 ('20', 'slug', '0', 'en_us', ''),
 ('21', 'field', '7', 'en_us', ''),
 ('21', 'field', '8', 'en_us', ''),
 ('21', 'slug', '0', 'en_us', ''),
 ('22', 'filename', '0', 'en_us', ' case study akada jpg '),
 ('22', 'extension', '0', 'en_us', ' jpg '),
 ('22', 'kind', '0', 'en_us', ' image '),
 ('22', 'slug', '0', 'en_us', ' case study akada '),
 ('22', 'title', '0', 'en_us', ' case study akada '),
 ('23', 'filename', '0', 'en_us', ' screenshot 2016 07 26 23 02 02 png '),
 ('23', 'extension', '0', 'en_us', ' png '),
 ('23', 'kind', '0', 'en_us', ' image '),
 ('23', 'slug', '0', 'en_us', ' screenshot 2016 07 26 23 02 02 '),
 ('23', 'title', '0', 'en_us', ' screenshot 2016 07 26 23 02 02 '),
 ('24', 'filename', '0', 'en_us', ' screenshot 2016 10 05 12 49 25 png '),
 ('24', 'extension', '0', 'en_us', ' png '),
 ('24', 'kind', '0', 'en_us', ' image '),
 ('24', 'slug', '0', 'en_us', ' screenshot 2016 10 05 12 49 25 '),
 ('24', 'title', '0', 'en_us', ' screenshot 2016 10 05 12 49 25 '),
 ('25', 'field', '1', 'en_us', ' akada software was in need of an updating they approached sonsons for new branding and a new take on their website after getting a beautiful new brand treatment sonsons reached out to me to meet with the team to see if i was available to tackle the job after meeting with sonsons and seeing the design i knew i had to take the job they did an amazing job making the site feel alive and whimsical with their iconography i ve always wanted to be able to play with svg animations using scrolling and i felt like this was the perfect opportunity to do so i felt like while the icons provided were fun and full of life i could add a bit more to them i decided to use the ever popular greensock javascript library to help me with the svg animations i want to learn how to do the animations on my own however with the time constraint of this engagement i didn t want to risk going over my time allotted so greensock was the perfect choice i have to say i m really happy with the outcome '),
 ('25', 'field', '12', 'en_us', ' this was built on wordpress using the sage starter theme for wordpress and while it was my first time using it i was able to really power through my workflow with it in a great and efficient manner will definitely use this going forward for my wordpress needs after having the site ready to go the client and sonsons couldn t be happier with the work that was delivered definitely a huge win check out the site '),
 ('25', 'field', '11', 'en_us', ''),
 ('25', 'field', '10', 'en_us', ' 1 en_us 1 0 template creativework webpage akada software akada software field title custom title custom title custom custom custom '),
 ('25', 'slug', '0', 'en_us', ' akada software '),
 ('25', 'title', '0', 'en_us', ' akada software '),
 ('26', 'field', '5', 'en_us', ' svg animations and bright colors make for a great rebrand project with my friends at son sons '),
 ('26', 'slug', '0', 'en_us', ''),
 ('27', 'field', '6', 'en_us', ' case study akada '),
 ('27', 'slug', '0', 'en_us', ''),
 ('28', 'field', '9', 'en_us', ' akada software features akada software features akada software 1 pricing akada software akada software 1 akada software 2 '),
 ('28', 'slug', '0', 'en_us', ''),
 ('29', 'filename', '0', 'en_us', ' screen1024x1024 jpeg '),
 ('29', 'extension', '0', 'en_us', ' jpeg '),
 ('29', 'kind', '0', 'en_us', ' image '),
 ('29', 'slug', '0', 'en_us', ' screen1024x1024 '),
 ('29', 'title', '0', 'en_us', ' screen1024x1024 '),
 ('30', 'filename', '0', 'en_us', ' case study home depot jpg '),
 ('30', 'extension', '0', 'en_us', ' jpg '),
 ('30', 'kind', '0', 'en_us', ' image '),
 ('30', 'slug', '0', 'en_us', ' case study home depot '),
 ('30', 'title', '0', 'en_us', ' case study home depot '),
 ('31', 'filename', '0', 'en_us', ' case study tempur pedic jpg '),
 ('31', 'extension', '0', 'en_us', ' jpg '),
 ('31', 'kind', '0', 'en_us', ' image '),
 ('31', 'slug', '0', 'en_us', ' case study tempur pedic '),
 ('31', 'title', '0', 'en_us', ' case study tempur pedic '),
 ('32', 'field', '1', 'en_us', ' the home depot partnered with maxmedia to create a multi channel experience giving a distinct point of view in the market of home decor while promoting a fun engaging and non intimidating environment for users this was the first catalog styled app i got to work on it was based off seasonal ideas so we were putting out an issue every 3 months or so i was lucky enough to do all of the development for three of the seasons the first issue i developed was the fall style guide in the fall guide i was able to play with a lot of fun functionality such as in view video as well as a lot of page build ups in the holiday style guide we got to play with a small amount of vr as well as hid some easter eggs the video doesn t show it but in a specific view the one where you can slide horizontally if you shake the ipad it would create a snow storm you can view all of the other features here ');
INSERT INTO `craft_searchindex` (`elementId`, `attribute`, `fieldId`, `locale`, `keywords`) VALUES
 ('37', 'field', '12', 'en_us', ' check out the promo video here '),
 ('56', 'filename', '0', 'en_us', ' screenshot 2017 09 07 14 36 09 png '),
 ('56', 'extension', '0', 'en_us', ' png '),
 ('56', 'kind', '0', 'en_us', ' image '),
 ('56', 'slug', '0', 'en_us', ' screenshot 2017 09 07 14 36 09 '),
 ('56', 'title', '0', 'en_us', ' screenshot 2017 09 07 14 36 09 '),
 ('32', 'field', '11', 'en_us', ''),
 ('32', 'field', '10', 'en_us', ' 1 en_us 1 0 template creativework webpage the home depot the home depot field title custom title custom title custom custom custom '),
 ('32', 'slug', '0', 'en_us', ' the home depot '),
 ('32', 'title', '0', 'en_us', ' the home depot '),
 ('33', 'field', '5', 'en_us', ' bringing style and interactivity to big orange with my friends at maxmedia '),
 ('33', 'slug', '0', 'en_us', ''),
 ('34', 'field', '6', 'en_us', ' case study home depot '),
 ('34', 'slug', '0', 'en_us', ''),
 ('35', 'field', '9', 'en_us', ' screen1024x1024 '),
 ('35', 'slug', '0', 'en_us', ''),
 ('36', 'extension', '0', 'en_us', ' jpg '),
 ('36', 'kind', '0', 'en_us', ' image '),
 ('36', 'slug', '0', 'en_us', ' tempurpedic '),
 ('36', 'title', '0', 'en_us', ' tempurpedic '),
 ('37', 'field', '1', 'en_us', ' after the success of the style guide with maxmedia tempur pedic reached out to us in order to create a brochure type experience for potential buyers we ended up creating an app with video and animations that helped inform the user for buying the correct type of mattress as well as included video testimonials '),
 ('36', 'filename', '0', 'en_us', ' tempurpedic jpg '),
 ('37', 'field', '11', 'en_us', ''),
 ('37', 'field', '10', 'en_us', ' 1 en_us 1 0 template creativework webpage tempur pedic tempur pedic field title custom title custom title custom custom custom '),
 ('37', 'slug', '0', 'en_us', ' tempur pedic '),
 ('37', 'title', '0', 'en_us', ' tempur pedic '),
 ('38', 'field', '5', 'en_us', ' creating a fun informative brochure for a great matress brand with my friends at maxmedia '),
 ('38', 'slug', '0', 'en_us', ''),
 ('39', 'field', '6', 'en_us', ' case study tempur pedic '),
 ('39', 'slug', '0', 'en_us', ''),
 ('40', 'field', '9', 'en_us', ' screenshot 2017 09 07 14 35 00 screenshot 2017 09 07 14 35 34 screenshot 2017 09 07 14 36 09 screenshot 2017 09 07 14 36 56 '),
 ('40', 'slug', '0', 'en_us', ''),
 ('42', 'filename', '0', 'en_us', ' white logo belay png '),
 ('42', 'extension', '0', 'en_us', ' png '),
 ('42', 'kind', '0', 'en_us', ' image '),
 ('42', 'slug', '0', 'en_us', ' white logo belay '),
 ('42', 'title', '0', 'en_us', ' white logo belay '),
 ('43', 'slug', '0', 'en_us', ' work '),
 ('43', 'title', '0', 'en_us', ' work '),
 ('44', 'slug', '0', 'en_us', ' about '),
 ('44', 'title', '0', 'en_us', ' about '),
 ('47', 'title', '0', 'en_us', ' akada software '),
 ('41', 'filename', '0', 'en_us', ' belay7 4b66f9 jpeg '),
 ('41', 'extension', '0', 'en_us', ' jpeg '),
 ('41', 'kind', '0', 'en_us', ' image '),
 ('41', 'slug', '0', 'en_us', ' belay7 4b66f9 '),
 ('41', 'title', '0', 'en_us', ' belay7 4b66f9 '),
 ('45', 'filename', '0', 'en_us', ' akada software 1 jpg '),
 ('45', 'extension', '0', 'en_us', ' jpg '),
 ('45', 'kind', '0', 'en_us', ' image '),
 ('45', 'slug', '0', 'en_us', ' akada software 1 '),
 ('45', 'title', '0', 'en_us', ' akada software 1 '),
 ('46', 'filename', '0', 'en_us', ' akada software 2 jpg '),
 ('46', 'extension', '0', 'en_us', ' jpg '),
 ('46', 'kind', '0', 'en_us', ' image '),
 ('46', 'slug', '0', 'en_us', ' akada software 2 '),
 ('46', 'title', '0', 'en_us', ' akada software 2 '),
 ('47', 'filename', '0', 'en_us', ' akada software jpg '),
 ('47', 'extension', '0', 'en_us', ' jpg '),
 ('47', 'kind', '0', 'en_us', ' image '),
 ('47', 'slug', '0', 'en_us', ' akada software '),
 ('48', 'extension', '0', 'en_us', ' jpg '),
 ('48', 'kind', '0', 'en_us', ' image '),
 ('48', 'slug', '0', 'en_us', ' features akada software 1 '),
 ('48', 'title', '0', 'en_us', ' features akada software 1 '),
 ('49', 'filename', '0', 'en_us', ' features akada software jpg '),
 ('49', 'extension', '0', 'en_us', ' jpg '),
 ('49', 'kind', '0', 'en_us', ' image '),
 ('49', 'slug', '0', 'en_us', ' features akada software '),
 ('49', 'title', '0', 'en_us', ' features akada software '),
 ('50', 'filename', '0', 'en_us', ' pricing akada software jpg '),
 ('50', 'extension', '0', 'en_us', ' jpg '),
 ('50', 'kind', '0', 'en_us', ' image '),
 ('50', 'slug', '0', 'en_us', ' pricing akada software '),
 ('50', 'title', '0', 'en_us', ' pricing akada software '),
 ('51', 'filename', '0', 'en_us', ' belay climb higher with your virtual workforce 1 jpg '),
 ('51', 'extension', '0', 'en_us', ' jpg '),
 ('51', 'kind', '0', 'en_us', ' image '),
 ('51', 'slug', '0', 'en_us', ' belay climb higher with your virtual workforce 1 '),
 ('51', 'title', '0', 'en_us', ' belay climb higher with your virtual workforce 1 '),
 ('52', 'filename', '0', 'en_us', ' belay climb higher with your virtual workforce jpg '),
 ('52', 'extension', '0', 'en_us', ' jpg '),
 ('52', 'kind', '0', 'en_us', ' image '),
 ('52', 'slug', '0', 'en_us', ' belay climb higher with your virtual workforce '),
 ('52', 'title', '0', 'en_us', ' belay climb higher with your virtual workforce '),
 ('53', 'filename', '0', 'en_us', ' products archive belay jpg '),
 ('53', 'extension', '0', 'en_us', ' jpg '),
 ('53', 'kind', '0', 'en_us', ' image '),
 ('53', 'slug', '0', 'en_us', ' products archive belay '),
 ('53', 'title', '0', 'en_us', ' products archive belay '),
 ('54', 'filename', '0', 'en_us', ' virtual assistant services by belay climb higher jpg '),
 ('54', 'extension', '0', 'en_us', ' jpg '),
 ('54', 'kind', '0', 'en_us', ' image '),
 ('54', 'slug', '0', 'en_us', ' virtual assistant services by belay climb higher '),
 ('54', 'title', '0', 'en_us', ' virtual assistant services by belay climb higher '),
 ('32', 'field', '12', 'en_us', ' the final issue we produced was really fun we added more of the vr aspect as well as added some 360 degree views of sheds we added a different form of tiling views to help with loading of the app as we added more imagery the size had began to bloat a bit which was another challenge we had to overcome you can view the spring guide here '),
 ('55', 'extension', '0', 'en_us', ' png '),
 ('55', 'kind', '0', 'en_us', ' image '),
 ('55', 'slug', '0', 'en_us', ' screenshot 2017 09 07 14 36 56 '),
 ('55', 'title', '0', 'en_us', ' screenshot 2017 09 07 14 36 56 ');
INSERT INTO `craft_searchindex` (`elementId`, `attribute`, `fieldId`, `locale`, `keywords`) VALUES
 ('55', 'filename', '0', 'en_us', ' screenshot 2017 09 07 14 36 56 png '),
 ('57', 'filename', '0', 'en_us', ' screenshot 2017 09 07 14 35 34 png '),
 ('57', 'extension', '0', 'en_us', ' png '),
 ('57', 'kind', '0', 'en_us', ' image '),
 ('57', 'slug', '0', 'en_us', ' screenshot 2017 09 07 14 35 34 '),
 ('57', 'title', '0', 'en_us', ' screenshot 2017 09 07 14 35 34 '),
 ('58', 'filename', '0', 'en_us', ' screenshot 2017 09 07 14 35 00 png '),
 ('58', 'extension', '0', 'en_us', ' png '),
 ('58', 'kind', '0', 'en_us', ' image '),
 ('58', 'slug', '0', 'en_us', ' screenshot 2017 09 07 14 35 00 '),
 ('58', 'title', '0', 'en_us', ' screenshot 2017 09 07 14 35 00 ');



DROP TABLE IF EXISTS `craft_sections`;


--
-- Schema for table `craft_sections`
--
CREATE TABLE `craft_sections` (
  `id` int(11) NOT NULL AUTO_INCREMENT,
  `structureId` int(11) DEFAULT NULL,
  `name` varchar(255) COLLATE utf8_unicode_ci NOT NULL,
  `handle` varchar(255) COLLATE utf8_unicode_ci NOT NULL,
  `type` enum('single','channel','structure') COLLATE utf8_unicode_ci NOT NULL DEFAULT 'channel',
  `hasUrls` tinyint(1) unsigned NOT NULL DEFAULT '1',
  `template` varchar(500) COLLATE utf8_unicode_ci DEFAULT NULL,
  `enableVersioning` tinyint(1) unsigned NOT NULL DEFAULT '0',
  `dateCreated` datetime NOT NULL,
  `dateUpdated` datetime NOT NULL,
  `uid` char(36) COLLATE utf8_unicode_ci NOT NULL DEFAULT '0',
  PRIMARY KEY (`id`),
  UNIQUE KEY `craft_sections_name_unq_idx` (`name`),
  UNIQUE KEY `craft_sections_handle_unq_idx` (`handle`),
  KEY `craft_sections_structureId_fk` (`structureId`)
) ENGINE=InnoDB AUTO_INCREMENT=6 DEFAULT CHARSET=utf8 COLLATE=utf8_unicode_ci;

--
-- Data for table `craft_sections`
--

INSERT INTO `craft_sections` (`id`, `structureId`, `name`, `handle`, `type`, `hasUrls`, `template`, `enableVersioning`, `dateCreated`, `dateUpdated`, `uid`) VALUES
 ('1', NULL, 'Homepage', 'homepage', 'single', '1', 'index', '1', '2017-09-05 12:55:34', '2017-09-05 12:55:34', '7d2457f0-f09d-4569-9d29-24f23b28ec40'),
 ('2', NULL, 'News', 'news', 'channel', '1', 'news/_entry', '1', '2017-09-05 12:55:34', '2017-09-05 12:55:34', '4d3b9d29-f5bb-432b-9228-82a64e5510ce'),
 ('3', NULL, 'Case Studies', 'caseStudies', 'channel', '1', 'case-studies/_entry', '1', '2017-09-06 23:14:46', '2017-09-06 23:51:06', '0caaf6e3-3e09-4f02-91a9-1d5f31abf6ce'),
 ('4', NULL, 'Work', 'work', 'single', '1', 'work', '1', '2017-09-07 21:40:04', '2017-09-07 21:40:04', '8c13f76d-b701-4034-8bbe-c6a7369b28af'),
 ('5', NULL, 'About', 'about', 'single', '1', 'about', '1', '2017-09-07 21:40:11', '2017-09-07 21:40:11', '308c633d-4ef6-4d79-8384-53cc0eec21b0');



DROP TABLE IF EXISTS `craft_sections_i18n`;


--
-- Schema for table `craft_sections_i18n`
--
CREATE TABLE `craft_sections_i18n` (
  `id` int(11) NOT NULL AUTO_INCREMENT,
  `sectionId` int(11) NOT NULL,
  `locale` char(12) COLLATE utf8_unicode_ci NOT NULL,
  `enabledByDefault` tinyint(1) unsigned NOT NULL DEFAULT '1',
  `urlFormat` text COLLATE utf8_unicode_ci,
  `nestedUrlFormat` text COLLATE utf8_unicode_ci,
  `dateCreated` datetime NOT NULL,
  `dateUpdated` datetime NOT NULL,
  `uid` char(36) COLLATE utf8_unicode_ci NOT NULL DEFAULT '0',
  PRIMARY KEY (`id`),
  UNIQUE KEY `craft_sections_i18n_sectionId_locale_unq_idx` (`sectionId`,`locale`),
  KEY `craft_sections_i18n_locale_fk` (`locale`)
) ENGINE=InnoDB AUTO_INCREMENT=6 DEFAULT CHARSET=utf8 COLLATE=utf8_unicode_ci;

--
-- Data for table `craft_sections_i18n`
--

INSERT INTO `craft_sections_i18n` (`id`, `sectionId`, `locale`, `enabledByDefault`, `urlFormat`, `nestedUrlFormat`, `dateCreated`, `dateUpdated`, `uid`) VALUES
 ('1', '1', 'en_us', '1', '__home__', NULL, '2017-09-05 12:55:34', '2017-09-05 12:55:34', '8e2cd465-2e16-4fc1-bb1f-fbf70853ef98'),
 ('2', '2', 'en_us', '1', 'news/{postDate.year}/{slug}', NULL, '2017-09-05 12:55:34', '2017-09-05 12:55:34', 'dcd219fd-2588-4e88-9741-4a5d3aad65c0'),
 ('3', '3', 'en_us', '1', 'case-studies/{slug}', NULL, '2017-09-06 23:14:46', '2017-09-06 23:14:46', '2ed30579-6a34-4669-900e-7416b22eb2e9'),
 ('4', '4', 'en_us', '1', 'work', NULL, '2017-09-07 21:40:04', '2017-09-07 21:40:04', 'f4590369-2fa0-48e7-99df-824f0d0c8d66'),
 ('5', '5', 'en_us', '1', 'about', NULL, '2017-09-07 21:40:11', '2017-09-07 21:40:11', 'fd1e4b2e-4b90-4c49-be7a-8fcec1177ee3');



DROP TABLE IF EXISTS `craft_seomatic_meta`;


--
-- Schema for table `craft_seomatic_meta`
--
CREATE TABLE `craft_seomatic_meta` (
  `id` int(11) NOT NULL,
  `seoImageId` int(11) DEFAULT NULL,
  `seoTwitterImageId` int(11) DEFAULT NULL,
  `seoFacebookImageId` int(11) DEFAULT NULL,
  `locale` varchar(255) COLLATE utf8_unicode_ci DEFAULT 'en_us',
  `elementId` int(10) DEFAULT '0',
  `metaType` enum('default','template') COLLATE utf8_unicode_ci DEFAULT 'template',
  `metaPath` varchar(255) COLLATE utf8_unicode_ci DEFAULT '',
  `seoMainEntityCategory` varchar(255) COLLATE utf8_unicode_ci DEFAULT '',
  `seoMainEntityOfPage` varchar(255) COLLATE utf8_unicode_ci DEFAULT '',
  `seoTitle` varchar(255) COLLATE utf8_unicode_ci DEFAULT '',
  `seoDescription` varchar(255) COLLATE utf8_unicode_ci DEFAULT '',
  `seoKeywords` varchar(255) COLLATE utf8_unicode_ci DEFAULT '',
  `seoImageTransform` varchar(255) COLLATE utf8_unicode_ci DEFAULT '',
  `seoFacebookImageTransform` varchar(255) COLLATE utf8_unicode_ci DEFAULT '',
  `seoTwitterImageTransform` varchar(255) COLLATE utf8_unicode_ci DEFAULT '',
  `twitterCardType` varchar(255) COLLATE utf8_unicode_ci DEFAULT 'summary',
  `openGraphType` varchar(255) COLLATE utf8_unicode_ci DEFAULT 'website',
  `robots` varchar(255) COLLATE utf8_unicode_ci DEFAULT '',
  `dateCreated` datetime NOT NULL,
  `dateUpdated` datetime NOT NULL,
  `uid` char(36) COLLATE utf8_unicode_ci NOT NULL DEFAULT '0',
  PRIMARY KEY (`id`),
  KEY `craft_seomatic_meta_seoImageId_fk` (`seoImageId`),
  KEY `craft_seomatic_meta_seoTwitterImageId_fk` (`seoTwitterImageId`),
  KEY `craft_seomatic_meta_seoFacebookImageId_fk` (`seoFacebookImageId`)
) ENGINE=InnoDB DEFAULT CHARSET=utf8 COLLATE=utf8_unicode_ci;

DROP TABLE IF EXISTS `craft_seomatic_settings`;


--
-- Schema for table `craft_seomatic_settings`
--
CREATE TABLE `craft_seomatic_settings` (
  `id` int(11) NOT NULL AUTO_INCREMENT,
  `siteSeoImageId` int(11) DEFAULT NULL,
  `siteSeoTwitterImageId` int(11) DEFAULT NULL,
  `siteSeoFacebookImageId` int(11) DEFAULT NULL,
  `genericOwnerImageId` int(11) DEFAULT NULL,
  `genericCreatorImageId` int(11) DEFAULT NULL,
  `locale` varchar(255) COLLATE utf8_unicode_ci DEFAULT '',
  `siteSeoName` varchar(255) COLLATE utf8_unicode_ci DEFAULT '',
  `siteSeoTitle` varchar(255) COLLATE utf8_unicode_ci DEFAULT '',
  `siteSeoTitleSeparator` varchar(10) COLLATE utf8_unicode_ci DEFAULT '|',
  `siteSeoTitlePlacement` enum('before','after','none') COLLATE utf8_unicode_ci DEFAULT 'after',
  `siteSeoDescription` varchar(255) COLLATE utf8_unicode_ci DEFAULT '',
  `siteSeoKeywords` varchar(255) COLLATE utf8_unicode_ci DEFAULT '',
  `siteSeoImageTransform` varchar(100) COLLATE utf8_unicode_ci DEFAULT '',
  `siteSeoFacebookImageTransform` varchar(100) COLLATE utf8_unicode_ci DEFAULT '',
  `siteSeoTwitterImageTransform` varchar(100) COLLATE utf8_unicode_ci DEFAULT '',
  `siteTwitterCardType` varchar(50) COLLATE utf8_unicode_ci DEFAULT '',
  `siteOpenGraphType` varchar(50) COLLATE utf8_unicode_ci DEFAULT '',
  `siteRobots` varchar(50) COLLATE utf8_unicode_ci DEFAULT '',
  `siteRobotsTxt` text COLLATE utf8_unicode_ci,
  `siteLinksSearchTargets` text COLLATE utf8_unicode_ci,
  `siteLinksQueryInput` varchar(50) COLLATE utf8_unicode_ci DEFAULT '',
  `googleSiteVerification` varchar(100) COLLATE utf8_unicode_ci DEFAULT '',
  `bingSiteVerification` varchar(100) COLLATE utf8_unicode_ci DEFAULT '',
  `googleAnalyticsUID` varchar(50) COLLATE utf8_unicode_ci DEFAULT '',
  `googleTagManagerID` varchar(50) COLLATE utf8_unicode_ci DEFAULT '',
  `googleAnalyticsSendPageview` tinyint(1) unsigned NOT NULL DEFAULT '1',
  `googleAnalyticsAdvertising` tinyint(1) unsigned NOT NULL DEFAULT '0',
  `googleAnalyticsEcommerce` tinyint(1) unsigned NOT NULL DEFAULT '0',
  `googleAnalyticsEEcommerce` tinyint(1) unsigned NOT NULL DEFAULT '0',
  `googleAnalyticsLinkAttribution` tinyint(1) unsigned NOT NULL DEFAULT '0',
  `googleAnalyticsLinker` tinyint(1) unsigned NOT NULL DEFAULT '0',
  `googleAnalyticsAnonymizeIp` tinyint(1) unsigned NOT NULL DEFAULT '0',
  `siteOwnerType` varchar(50) COLLATE utf8_unicode_ci DEFAULT '',
  `siteOwnerSubType` varchar(50) COLLATE utf8_unicode_ci DEFAULT '',
  `siteOwnerSpecificType` varchar(50) COLLATE utf8_unicode_ci DEFAULT '',
  `genericOwnerName` varchar(255) COLLATE utf8_unicode_ci DEFAULT '',
  `genericOwnerAlternateName` varchar(255) COLLATE utf8_unicode_ci DEFAULT '',
  `genericOwnerDescription` varchar(1024) COLLATE utf8_unicode_ci DEFAULT '',
  `genericOwnerUrl` varchar(255) COLLATE utf8_unicode_ci DEFAULT '',
  `genericOwnerTelephone` varchar(255) COLLATE utf8_unicode_ci DEFAULT '',
  `genericOwnerEmail` varchar(255) COLLATE utf8_unicode_ci DEFAULT '',
  `genericOwnerStreetAddress` varchar(255) COLLATE utf8_unicode_ci DEFAULT '',
  `genericOwnerAddressLocality` varchar(255) COLLATE utf8_unicode_ci DEFAULT '',
  `genericOwnerAddressRegion` varchar(255) COLLATE utf8_unicode_ci DEFAULT '',
  `genericOwnerPostalCode` varchar(255) COLLATE utf8_unicode_ci DEFAULT '',
  `genericOwnerAddressCountry` varchar(255) COLLATE utf8_unicode_ci DEFAULT '',
  `genericOwnerGeoLatitude` varchar(255) COLLATE utf8_unicode_ci DEFAULT '',
  `genericOwnerGeoLongitude` varchar(255) COLLATE utf8_unicode_ci DEFAULT '',
  `organizationOwnerDuns` varchar(255) COLLATE utf8_unicode_ci DEFAULT '',
  `organizationOwnerFounder` varchar(255) COLLATE utf8_unicode_ci DEFAULT '',
  `organizationOwnerFoundingDate` varchar(255) COLLATE utf8_unicode_ci DEFAULT '',
  `organizationOwnerFoundingLocation` varchar(255) COLLATE utf8_unicode_ci DEFAULT '',
  `organizationOwnerContactPoints` text COLLATE utf8_unicode_ci,
  `localBusinessPriceRange` varchar(10) COLLATE utf8_unicode_ci DEFAULT '$$$',
  `localBusinessOwnerOpeningHours` text COLLATE utf8_unicode_ci,
  `corporationOwnerTickerSymbol` varchar(255) COLLATE utf8_unicode_ci DEFAULT '',
  `restaurantOwnerServesCuisine` varchar(255) COLLATE utf8_unicode_ci DEFAULT '',
  `restaurantOwnerMenuUrl` varchar(255) COLLATE utf8_unicode_ci DEFAULT '',
  `restaurantOwnerReservationsUrl` varchar(255) COLLATE utf8_unicode_ci DEFAULT '',
  `personOwnerGender` varchar(255) COLLATE utf8_unicode_ci DEFAULT '',
  `personOwnerBirthPlace` varchar(255) COLLATE utf8_unicode_ci DEFAULT '',
  `twitterHandle` varchar(50) COLLATE utf8_unicode_ci DEFAULT '',
  `facebookHandle` varchar(50) COLLATE utf8_unicode_ci DEFAULT '',
  `facebookProfileId` varchar(50) COLLATE utf8_unicode_ci DEFAULT '',
  `facebookAppId` varchar(50) COLLATE utf8_unicode_ci DEFAULT '',
  `linkedInHandle` varchar(50) COLLATE utf8_unicode_ci DEFAULT '',
  `googlePlusHandle` varchar(50) COLLATE utf8_unicode_ci DEFAULT '',
  `youtubeHandle` varchar(50) COLLATE utf8_unicode_ci DEFAULT '',
  `youtubeChannelHandle` varchar(50) COLLATE utf8_unicode_ci DEFAULT '',
  `instagramHandle` varchar(50) COLLATE utf8_unicode_ci DEFAULT '',
  `pinterestHandle` varchar(50) COLLATE utf8_unicode_ci DEFAULT '',
  `githubHandle` varchar(50) COLLATE utf8_unicode_ci DEFAULT '',
  `vimeoHandle` varchar(50) COLLATE utf8_unicode_ci DEFAULT '',
  `wikipediaUrl` varchar(100) COLLATE utf8_unicode_ci DEFAULT '',
  `siteCreatorType` varchar(255) COLLATE utf8_unicode_ci DEFAULT '',
  `siteCreatorSubType` varchar(255) COLLATE utf8_unicode_ci DEFAULT '',
  `siteCreatorSpecificType` varchar(255) COLLATE utf8_unicode_ci DEFAULT '',
  `genericCreatorName` varchar(255) COLLATE utf8_unicode_ci DEFAULT '',
  `genericCreatorAlternateName` varchar(255) COLLATE utf8_unicode_ci DEFAULT '',
  `genericCreatorDescription` varchar(1024) COLLATE utf8_unicode_ci DEFAULT '',
  `genericCreatorUrl` varchar(255) COLLATE utf8_unicode_ci DEFAULT '',
  `genericCreatorTelephone` varchar(255) COLLATE utf8_unicode_ci DEFAULT '',
  `genericCreatorEmail` varchar(255) COLLATE utf8_unicode_ci DEFAULT '',
  `genericCreatorStreetAddress` varchar(255) COLLATE utf8_unicode_ci DEFAULT '',
  `genericCreatorAddressLocality` varchar(255) COLLATE utf8_unicode_ci DEFAULT '',
  `genericCreatorAddressRegion` varchar(255) COLLATE utf8_unicode_ci DEFAULT '',
  `genericCreatorPostalCode` varchar(255) COLLATE utf8_unicode_ci DEFAULT '',
  `genericCreatorAddressCountry` varchar(255) COLLATE utf8_unicode_ci DEFAULT '',
  `genericCreatorGeoLatitude` varchar(255) COLLATE utf8_unicode_ci DEFAULT '',
  `genericCreatorGeoLongitude` varchar(255) COLLATE utf8_unicode_ci DEFAULT '',
  `organizationCreatorDuns` varchar(255) COLLATE utf8_unicode_ci DEFAULT '',
  `organizationCreatorFounder` varchar(255) COLLATE utf8_unicode_ci DEFAULT '',
  `organizationCreatorFoundingDate` varchar(255) COLLATE utf8_unicode_ci DEFAULT '',
  `organizationCreatorFoundingLocation` varchar(255) COLLATE utf8_unicode_ci DEFAULT '',
  `organizationCreatorContactPoints` text COLLATE utf8_unicode_ci,
  `localBusinessCreatorOpeningHours` text COLLATE utf8_unicode_ci,
  `corporationCreatorTickerSymbol` varchar(255) COLLATE utf8_unicode_ci DEFAULT '',
  `restaurantCreatorServesCuisine` varchar(255) COLLATE utf8_unicode_ci DEFAULT '',
  `restaurantCreatorMenuUrl` varchar(255) COLLATE utf8_unicode_ci DEFAULT '',
  `restaurantCreatorReservationsUrl` varchar(255) COLLATE utf8_unicode_ci DEFAULT '',
  `personCreatorGender` varchar(255) COLLATE utf8_unicode_ci DEFAULT '',
  `personCreatorBirthPlace` varchar(255) COLLATE utf8_unicode_ci DEFAULT '',
  `genericCreatorHumansTxt` text COLLATE utf8_unicode_ci,
  `dateCreated` datetime NOT NULL,
  `dateUpdated` datetime NOT NULL,
  `uid` char(36) COLLATE utf8_unicode_ci NOT NULL DEFAULT '0',
  PRIMARY KEY (`id`),
  KEY `craft_seomatic_settings_siteSeoImageId_fk` (`siteSeoImageId`),
  KEY `craft_seomatic_settings_siteSeoTwitterImageId_fk` (`siteSeoTwitterImageId`),
  KEY `craft_seomatic_settings_siteSeoFacebookImageId_fk` (`siteSeoFacebookImageId`),
  KEY `craft_seomatic_settings_genericOwnerImageId_fk` (`genericOwnerImageId`),
  KEY `craft_seomatic_settings_genericCreatorImageId_fk` (`genericCreatorImageId`)
) ENGINE=InnoDB AUTO_INCREMENT=2 DEFAULT CHARSET=utf8 COLLATE=utf8_unicode_ci;

--
-- Data for table `craft_seomatic_settings`
--

INSERT INTO `craft_seomatic_settings` (`id`, `siteSeoImageId`, `siteSeoTwitterImageId`, `siteSeoFacebookImageId`, `genericOwnerImageId`, `genericCreatorImageId`, `locale`, `siteSeoName`, `siteSeoTitle`, `siteSeoTitleSeparator`, `siteSeoTitlePlacement`, `siteSeoDescription`, `siteSeoKeywords`, `siteSeoImageTransform`, `siteSeoFacebookImageTransform`, `siteSeoTwitterImageTransform`, `siteTwitterCardType`, `siteOpenGraphType`, `siteRobots`, `siteRobotsTxt`, `siteLinksSearchTargets`, `siteLinksQueryInput`, `googleSiteVerification`, `bingSiteVerification`, `googleAnalyticsUID`, `googleTagManagerID`, `googleAnalyticsSendPageview`, `googleAnalyticsAdvertising`, `googleAnalyticsEcommerce`, `googleAnalyticsEEcommerce`, `googleAnalyticsLinkAttribution`, `googleAnalyticsLinker`, `googleAnalyticsAnonymizeIp`, `siteOwnerType`, `siteOwnerSubType`, `siteOwnerSpecificType`, `genericOwnerName`, `genericOwnerAlternateName`, `genericOwnerDescription`, `genericOwnerUrl`, `genericOwnerTelephone`, `genericOwnerEmail`, `genericOwnerStreetAddress`, `genericOwnerAddressLocality`, `genericOwnerAddressRegion`, `genericOwnerPostalCode`, `genericOwnerAddressCountry`, `genericOwnerGeoLatitude`, `genericOwnerGeoLongitude`, `organizationOwnerDuns`, `organizationOwnerFounder`, `organizationOwnerFoundingDate`, `organizationOwnerFoundingLocation`, `organizationOwnerContactPoints`, `localBusinessPriceRange`, `localBusinessOwnerOpeningHours`, `corporationOwnerTickerSymbol`, `restaurantOwnerServesCuisine`, `restaurantOwnerMenuUrl`, `restaurantOwnerReservationsUrl`, `personOwnerGender`, `personOwnerBirthPlace`, `twitterHandle`, `facebookHandle`, `facebookProfileId`, `facebookAppId`, `linkedInHandle`, `googlePlusHandle`, `youtubeHandle`, `youtubeChannelHandle`, `instagramHandle`, `pinterestHandle`, `githubHandle`, `vimeoHandle`, `wikipediaUrl`, `siteCreatorType`, `siteCreatorSubType`, `siteCreatorSpecificType`, `genericCreatorName`, `genericCreatorAlternateName`, `genericCreatorDescription`, `genericCreatorUrl`, `genericCreatorTelephone`, `genericCreatorEmail`, `genericCreatorStreetAddress`, `genericCreatorAddressLocality`, `genericCreatorAddressRegion`, `genericCreatorPostalCode`, `genericCreatorAddressCountry`, `genericCreatorGeoLatitude`, `genericCreatorGeoLongitude`, `organizationCreatorDuns`, `organizationCreatorFounder`, `organizationCreatorFoundingDate`, `organizationCreatorFoundingLocation`, `organizationCreatorContactPoints`, `localBusinessCreatorOpeningHours`, `corporationCreatorTickerSymbol`, `restaurantCreatorServesCuisine`, `restaurantCreatorMenuUrl`, `restaurantCreatorReservationsUrl`, `personCreatorGender`, `personCreatorBirthPlace`, `genericCreatorHumansTxt`, `dateCreated`, `dateUpdated`, `uid`) VALUES
 ('1', NULL, NULL, NULL, NULL, NULL, 'en_us', 'Hall and All', 'This is the default global title of the site pages.', '|', 'after', 'This is the default global natural language description of the content on the site pages.', 'default,global,comma-separated,keywords', '', '', '', 'summary', 'website', '', '# robots.txt for {{ siteUrl }}\n\nSitemap: {{ siteUrl |trim(\'/\') }}/sitemap.xml\n\n# Don\'t allow web crawlers to index Craft\n\nUser-agent: *\nDisallow: /craft/\n', '', '', '', '', '', '', '1', '0', '0', '0', '0', '0', '0', 'Organization', 'Corporation', '', 'Hall and All', '', '', 'http://craft-f9ma.frb.io/', '', '', '', '', '', '', '', '', '', '', '', '', '', '', '$$$', '', '', '', '', '', '', '', '', '', '', '', '', '', '', '', '', '', '', '', '', 'Organization', 'Corporation', '', '', '', '', '', '', '', '', '', '', '', '', '', '', '', '', '', '', '', '', '', '', '', '', '', '', '/* TEAM */\n\n{% if seomaticCreator.name is defined and seomaticCreator.name %}\nCreator: {{ seomaticCreator.name }}\n{% endif %}\n{% if seomaticCreator.url is defined and seomaticCreator.url %}\nURL: {{ seomaticCreator.url }}\n{% endif %}\n{% if seomaticCreator.description is defined and seomaticCreator.description %}\nDescription: {{ seomaticCreator.description }}\n{% endif %}\n\n/* THANKS */\n\nPixel & Tonic - https://pixelandtonic.com\n\n/* SITE */\n\nStandards: HTML5, CSS3\nComponents: Craft CMS, Yii, PHP, Javascript, SEOmatic', '2017-09-05 12:55:52', '2017-09-05 12:55:52', 'b081ff3b-fa8e-4583-b95c-0e42e805dd45');



DROP TABLE IF EXISTS `craft_sessions`;


--
-- Schema for table `craft_sessions`
--
CREATE TABLE `craft_sessions` (
  `id` int(11) NOT NULL AUTO_INCREMENT,
  `userId` int(11) NOT NULL,
  `token` char(100) COLLATE utf8_unicode_ci NOT NULL,
  `dateCreated` datetime NOT NULL,
  `dateUpdated` datetime NOT NULL,
  `uid` char(36) COLLATE utf8_unicode_ci NOT NULL DEFAULT '0',
  PRIMARY KEY (`id`),
  KEY `craft_sessions_uid_idx` (`uid`),
  KEY `craft_sessions_token_idx` (`token`),
  KEY `craft_sessions_dateUpdated_idx` (`dateUpdated`),
  KEY `craft_sessions_userId_fk` (`userId`)
) ENGINE=InnoDB AUTO_INCREMENT=8 DEFAULT CHARSET=utf8 COLLATE=utf8_unicode_ci;

DROP TABLE IF EXISTS `craft_shunnedmessages`;


--
-- Schema for table `craft_shunnedmessages`
--
CREATE TABLE `craft_shunnedmessages` (
  `id` int(11) NOT NULL AUTO_INCREMENT,
  `userId` int(11) NOT NULL,
  `message` varchar(255) COLLATE utf8_unicode_ci NOT NULL,
  `expiryDate` datetime DEFAULT NULL,
  `dateCreated` datetime NOT NULL,
  `dateUpdated` datetime NOT NULL,
  `uid` char(36) COLLATE utf8_unicode_ci NOT NULL DEFAULT '0',
  PRIMARY KEY (`id`),
  UNIQUE KEY `craft_shunnedmessages_userId_message_unq_idx` (`userId`,`message`)
) ENGINE=InnoDB DEFAULT CHARSET=utf8 COLLATE=utf8_unicode_ci;

DROP TABLE IF EXISTS `craft_structureelements`;


--
-- Schema for table `craft_structureelements`
--
CREATE TABLE `craft_structureelements` (
  `id` int(11) NOT NULL AUTO_INCREMENT,
  `structureId` int(11) NOT NULL,
  `elementId` int(11) DEFAULT NULL,
  `root` int(11) unsigned DEFAULT NULL,
  `lft` int(11) unsigned NOT NULL,
  `rgt` int(11) unsigned NOT NULL,
  `level` smallint(6) unsigned NOT NULL,
  `dateCreated` datetime NOT NULL,
  `dateUpdated` datetime NOT NULL,
  `uid` char(36) COLLATE utf8_unicode_ci NOT NULL DEFAULT '0',
  PRIMARY KEY (`id`),
  UNIQUE KEY `craft_structureelements_structureId_elementId_unq_idx` (`structureId`,`elementId`),
  KEY `craft_structureelements_root_idx` (`root`),
  KEY `craft_structureelements_lft_idx` (`lft`),
  KEY `craft_structureelements_rgt_idx` (`rgt`),
  KEY `craft_structureelements_level_idx` (`level`),
  KEY `craft_structureelements_elementId_fk` (`elementId`)
) ENGINE=InnoDB AUTO_INCREMENT=138 DEFAULT CHARSET=utf8 COLLATE=utf8_unicode_ci;

--
-- Data for table `craft_structureelements`
--

INSERT INTO `craft_structureelements` (`id`, `structureId`, `elementId`, `root`, `lft`, `rgt`, `level`, `dateCreated`, `dateUpdated`, `uid`) VALUES
 ('4', '2', NULL, '4', '1', '8', '0', '2017-09-07 05:15:23', '2017-09-07 05:15:23', 'a5f0499a-6f8a-4637-89b2-e7f4a192a0d7'),
 ('5', '2', '5', '4', '2', '3', '1', '2017-09-07 05:15:23', '2017-09-07 05:15:23', '06ac24bd-14be-47a0-b17b-ae80c3441876'),
 ('6', '2', '6', '4', '4', '7', '1', '2017-09-07 05:15:23', '2017-09-07 05:15:23', 'bab324c6-9359-4e06-91bc-3a1c3b16d59c'),
 ('7', '2', '15', '4', '5', '6', '2', '2017-09-07 05:15:23', '2017-09-07 05:15:23', '2b497325-af49-4829-8fc3-ab6dad380892'),
 ('60', '14', NULL, '60', '1', '12', '0', '2017-09-07 21:52:16', '2017-09-07 21:52:16', 'cd63f6b0-9033-4ad7-8df4-727f46b8e865'),
 ('61', '14', '17', '60', '2', '3', '1', '2017-09-07 21:52:16', '2017-09-07 21:52:16', '6fd05a20-b9f3-4e28-aa3d-787340e94259'),
 ('62', '14', '18', '60', '4', '5', '1', '2017-09-07 21:52:16', '2017-09-07 21:52:16', '3595729f-c626-473b-b5da-7b809bd17a5b'),
 ('63', '14', '19', '60', '6', '11', '1', '2017-09-07 21:52:16', '2017-09-07 21:52:16', 'f15ce3bb-66b2-41e9-856c-6d3f6152c524'),
 ('64', '14', '20', '60', '7', '8', '2', '2017-09-07 21:52:17', '2017-09-07 21:52:17', 'bb4dd335-a126-4af0-8f6b-9232ec216813'),
 ('65', '14', '21', '60', '9', '10', '2', '2017-09-07 21:52:17', '2017-09-07 21:52:17', '64c317c8-3873-4295-a696-aece55d2e091'),
 ('126', '30', NULL, '126', '1', '8', '0', '2017-09-07 22:16:40', '2017-09-07 22:16:40', 'b23c15e4-279f-44ff-b65a-8b374a0d513a'),
 ('127', '30', '26', '126', '2', '3', '1', '2017-09-07 22:16:40', '2017-09-07 22:16:40', '8fb9f932-f969-47cb-bf93-868bb3dea346'),
 ('128', '30', '27', '126', '4', '7', '1', '2017-09-07 22:16:40', '2017-09-07 22:16:40', 'c77d8e70-67f3-4d4f-9c56-de9707b3df61'),
 ('129', '30', '28', '126', '5', '6', '2', '2017-09-07 22:16:40', '2017-09-07 22:16:40', 'af2927cd-513b-4ed7-b57e-29823c99053e'),
 ('130', '31', NULL, '130', '1', '8', '0', '2017-09-07 22:17:27', '2017-09-07 22:17:27', '17e33758-c344-4f30-b300-2e4d8a6f7967'),
 ('131', '31', '33', '130', '2', '3', '1', '2017-09-07 22:17:27', '2017-09-07 22:17:27', 'd7c448e5-271d-4bca-8e37-fd18efe9cc8e'),
 ('132', '31', '34', '130', '4', '7', '1', '2017-09-07 22:17:27', '2017-09-07 22:17:27', 'e56f715a-a3fe-4e48-9dc9-293b86005e79'),
 ('133', '31', '35', '130', '5', '6', '2', '2017-09-07 22:17:27', '2017-09-07 22:17:27', '73bf53f2-1e22-43e6-b73f-5f440472fce1'),
 ('134', '32', NULL, '134', '1', '8', '0', '2017-09-07 22:17:49', '2017-09-07 22:17:49', '3ca884eb-3d5e-4c30-b8f4-dd13a41204c4'),
 ('135', '32', '38', '134', '2', '3', '1', '2017-09-07 22:17:49', '2017-09-07 22:17:49', 'f0711449-59ae-44c7-9b75-d425b1bf8d35'),
 ('136', '32', '39', '134', '4', '7', '1', '2017-09-07 22:17:49', '2017-09-07 22:17:49', '346d2a0f-4fac-4774-a9a1-b17b9644b9c1'),
 ('137', '32', '40', '134', '5', '6', '2', '2017-09-07 22:17:49', '2017-09-07 22:17:49', 'e6dd00e1-e216-42f7-9335-da90ab9b8ef4');



DROP TABLE IF EXISTS `craft_structures`;


--
-- Schema for table `craft_structures`
--
CREATE TABLE `craft_structures` (
  `id` int(11) NOT NULL AUTO_INCREMENT,
  `maxLevels` smallint(6) unsigned DEFAULT NULL,
  `dateCreated` datetime NOT NULL,
  `dateUpdated` datetime NOT NULL,
  `uid` char(36) COLLATE utf8_unicode_ci NOT NULL DEFAULT '0',
  PRIMARY KEY (`id`)
) ENGINE=InnoDB AUTO_INCREMENT=33 DEFAULT CHARSET=utf8 COLLATE=utf8_unicode_ci;

--
-- Data for table `craft_structures`
--

INSERT INTO `craft_structures` (`id`, `maxLevels`, `dateCreated`, `dateUpdated`, `uid`) VALUES
 ('2', NULL, '2017-09-07 05:15:23', '2017-09-07 05:15:23', '6ce45701-0611-4e1a-b08e-5f12dc5fe644'),
 ('14', NULL, '2017-09-07 21:52:16', '2017-09-07 21:52:16', '6ec37524-a7a5-4fa1-a4ad-ee96860a3ea5'),
 ('30', NULL, '2017-09-07 22:16:40', '2017-09-07 22:16:40', '50c3f1cc-661a-46e9-9b5e-a89196eb8a52'),
 ('31', NULL, '2017-09-07 22:17:27', '2017-09-07 22:17:27', '9018901a-fe50-46da-b4eb-3cf9eae4186c'),
 ('32', NULL, '2017-09-07 22:17:49', '2017-09-07 22:17:49', '0fe357ea-bde6-492f-a209-3106fdbd1be0');



DROP TABLE IF EXISTS `craft_systemsettings`;


--
-- Schema for table `craft_systemsettings`
--
CREATE TABLE `craft_systemsettings` (
  `id` int(11) NOT NULL AUTO_INCREMENT,
  `category` varchar(15) COLLATE utf8_unicode_ci NOT NULL,
  `settings` text COLLATE utf8_unicode_ci,
  `dateCreated` datetime NOT NULL,
  `dateUpdated` datetime NOT NULL,
  `uid` char(36) COLLATE utf8_unicode_ci NOT NULL DEFAULT '0',
  PRIMARY KEY (`id`),
  UNIQUE KEY `craft_systemsettings_category_unq_idx` (`category`)
) ENGINE=InnoDB AUTO_INCREMENT=2 DEFAULT CHARSET=utf8 COLLATE=utf8_unicode_ci;

--
-- Data for table `craft_systemsettings`
--

INSERT INTO `craft_systemsettings` (`id`, `category`, `settings`, `dateCreated`, `dateUpdated`, `uid`) VALUES
 ('1', 'email', '{\"protocol\":\"php\",\"emailAddress\":\"james@hallandall.com\",\"senderName\":\"Hall and All\"}', '2017-09-05 12:55:34', '2017-09-05 12:55:34', '58cce623-5c4f-4a44-a71f-d04cd8dbd134');



DROP TABLE IF EXISTS `craft_taggroups`;


--
-- Schema for table `craft_taggroups`
--
CREATE TABLE `craft_taggroups` (
  `id` int(11) NOT NULL AUTO_INCREMENT,
  `name` varchar(255) COLLATE utf8_unicode_ci NOT NULL,
  `handle` varchar(255) COLLATE utf8_unicode_ci NOT NULL,
  `fieldLayoutId` int(10) DEFAULT NULL,
  `dateCreated` datetime NOT NULL,
  `dateUpdated` datetime NOT NULL,
  `uid` char(36) COLLATE utf8_unicode_ci NOT NULL DEFAULT '0',
  PRIMARY KEY (`id`),
  UNIQUE KEY `craft_taggroups_name_unq_idx` (`name`),
  UNIQUE KEY `craft_taggroups_handle_unq_idx` (`handle`),
  KEY `craft_taggroups_fieldLayoutId_fk` (`fieldLayoutId`)
) ENGINE=InnoDB AUTO_INCREMENT=2 DEFAULT CHARSET=utf8 COLLATE=utf8_unicode_ci;

--
-- Data for table `craft_taggroups`
--

INSERT INTO `craft_taggroups` (`id`, `name`, `handle`, `fieldLayoutId`, `dateCreated`, `dateUpdated`, `uid`) VALUES
 ('1', 'Default', 'default', '1', '2017-09-05 12:55:34', '2017-09-05 12:55:34', '0fdc1ea4-717e-4806-bfe1-488d046fdcf6');



DROP TABLE IF EXISTS `craft_tags`;


--
-- Schema for table `craft_tags`
--
CREATE TABLE `craft_tags` (
  `id` int(11) NOT NULL,
  `groupId` int(11) NOT NULL,
  `dateCreated` datetime NOT NULL,
  `dateUpdated` datetime NOT NULL,
  `uid` char(36) COLLATE utf8_unicode_ci NOT NULL DEFAULT '0',
  PRIMARY KEY (`id`),
  KEY `craft_tags_groupId_fk` (`groupId`)
) ENGINE=InnoDB DEFAULT CHARSET=utf8 COLLATE=utf8_unicode_ci;

DROP TABLE IF EXISTS `craft_tasks`;


--
-- Schema for table `craft_tasks`
--
CREATE TABLE `craft_tasks` (
  `id` int(11) NOT NULL AUTO_INCREMENT,
  `root` int(11) unsigned DEFAULT NULL,
  `lft` int(11) unsigned NOT NULL,
  `rgt` int(11) unsigned NOT NULL,
  `level` smallint(6) unsigned NOT NULL,
  `currentStep` int(11) unsigned DEFAULT NULL,
  `totalSteps` int(11) unsigned DEFAULT NULL,
  `status` enum('pending','error','running') COLLATE utf8_unicode_ci DEFAULT NULL,
  `type` varchar(150) COLLATE utf8_unicode_ci NOT NULL,
  `description` varchar(255) COLLATE utf8_unicode_ci DEFAULT NULL,
  `settings` mediumtext COLLATE utf8_unicode_ci,
  `dateCreated` datetime NOT NULL,
  `dateUpdated` datetime NOT NULL,
  `uid` char(36) COLLATE utf8_unicode_ci NOT NULL DEFAULT '0',
  PRIMARY KEY (`id`),
  KEY `craft_tasks_root_idx` (`root`),
  KEY `craft_tasks_lft_idx` (`lft`),
  KEY `craft_tasks_rgt_idx` (`rgt`),
  KEY `craft_tasks_level_idx` (`level`)
) ENGINE=InnoDB AUTO_INCREMENT=73 DEFAULT CHARSET=utf8 COLLATE=utf8_unicode_ci;

DROP TABLE IF EXISTS `craft_templatecachecriteria`;


--
-- Schema for table `craft_templatecachecriteria`
--
CREATE TABLE `craft_templatecachecriteria` (
  `id` int(11) NOT NULL AUTO_INCREMENT,
  `cacheId` int(11) NOT NULL,
  `type` varchar(150) COLLATE utf8_unicode_ci NOT NULL,
  `criteria` text COLLATE utf8_unicode_ci NOT NULL,
  PRIMARY KEY (`id`),
  KEY `craft_templatecachecriteria_cacheId_fk` (`cacheId`),
  KEY `craft_templatecachecriteria_type_idx` (`type`)
) ENGINE=InnoDB DEFAULT CHARSET=utf8 COLLATE=utf8_unicode_ci;

DROP TABLE IF EXISTS `craft_templatecacheelements`;


--
-- Schema for table `craft_templatecacheelements`
--
CREATE TABLE `craft_templatecacheelements` (
  `cacheId` int(11) NOT NULL,
  `elementId` int(11) NOT NULL,
  KEY `craft_templatecacheelements_cacheId_fk` (`cacheId`),
  KEY `craft_templatecacheelements_elementId_fk` (`elementId`)
) ENGINE=InnoDB DEFAULT CHARSET=utf8 COLLATE=utf8_unicode_ci;

DROP TABLE IF EXISTS `craft_templatecaches`;


--
-- Schema for table `craft_templatecaches`
--
CREATE TABLE `craft_templatecaches` (
  `id` int(11) NOT NULL AUTO_INCREMENT,
  `cacheKey` varchar(255) COLLATE utf8_unicode_ci NOT NULL,
  `locale` char(12) COLLATE utf8_unicode_ci NOT NULL,
  `path` varchar(255) COLLATE utf8_unicode_ci DEFAULT NULL,
  `expiryDate` datetime NOT NULL,
  `body` mediumtext COLLATE utf8_unicode_ci NOT NULL,
  PRIMARY KEY (`id`),
  KEY `craft_templatecaches_expiryDate_cacheKey_locale_path_idx` (`expiryDate`,`cacheKey`,`locale`,`path`),
  KEY `craft_templatecaches_locale_fk` (`locale`)
) ENGINE=InnoDB DEFAULT CHARSET=utf8 COLLATE=utf8_unicode_ci;

DROP TABLE IF EXISTS `craft_tokens`;


--
-- Schema for table `craft_tokens`
--
CREATE TABLE `craft_tokens` (
  `id` int(11) NOT NULL AUTO_INCREMENT,
  `token` char(32) COLLATE utf8_unicode_ci NOT NULL,
  `route` text COLLATE utf8_unicode_ci,
  `usageLimit` tinyint(3) unsigned DEFAULT NULL,
  `usageCount` tinyint(3) unsigned DEFAULT NULL,
  `expiryDate` datetime NOT NULL,
  `dateCreated` datetime NOT NULL,
  `dateUpdated` datetime NOT NULL,
  `uid` char(36) COLLATE utf8_unicode_ci NOT NULL DEFAULT '0',
  PRIMARY KEY (`id`),
  UNIQUE KEY `craft_tokens_token_unq_idx` (`token`),
  KEY `craft_tokens_expiryDate_idx` (`expiryDate`)
) ENGINE=InnoDB DEFAULT CHARSET=utf8 COLLATE=utf8_unicode_ci;

DROP TABLE IF EXISTS `craft_usergroups`;


--
-- Schema for table `craft_usergroups`
--
CREATE TABLE `craft_usergroups` (
  `id` int(11) NOT NULL AUTO_INCREMENT,
  `name` varchar(255) COLLATE utf8_unicode_ci NOT NULL,
  `handle` varchar(255) COLLATE utf8_unicode_ci NOT NULL,
  `dateCreated` datetime NOT NULL,
  `dateUpdated` datetime NOT NULL,
  `uid` char(36) COLLATE utf8_unicode_ci NOT NULL DEFAULT '0',
  PRIMARY KEY (`id`),
  UNIQUE KEY `craft_usergroups_name_unq_idx` (`name`),
  UNIQUE KEY `craft_usergroups_handle_unq_idx` (`handle`)
) ENGINE=InnoDB DEFAULT CHARSET=utf8 COLLATE=utf8_unicode_ci;

DROP TABLE IF EXISTS `craft_usergroups_users`;


--
-- Schema for table `craft_usergroups_users`
--
CREATE TABLE `craft_usergroups_users` (
  `id` int(11) NOT NULL AUTO_INCREMENT,
  `groupId` int(11) NOT NULL,
  `userId` int(11) NOT NULL,
  `dateCreated` datetime NOT NULL,
  `dateUpdated` datetime NOT NULL,
  `uid` char(36) COLLATE utf8_unicode_ci NOT NULL DEFAULT '0',
  PRIMARY KEY (`id`),
  UNIQUE KEY `craft_usergroups_users_groupId_userId_unq_idx` (`groupId`,`userId`),
  KEY `craft_usergroups_users_userId_fk` (`userId`)
) ENGINE=InnoDB DEFAULT CHARSET=utf8 COLLATE=utf8_unicode_ci;

DROP TABLE IF EXISTS `craft_userpermissions`;


--
-- Schema for table `craft_userpermissions`
--
CREATE TABLE `craft_userpermissions` (
  `id` int(11) NOT NULL AUTO_INCREMENT,
  `name` varchar(255) COLLATE utf8_unicode_ci NOT NULL,
  `dateCreated` datetime NOT NULL,
  `dateUpdated` datetime NOT NULL,
  `uid` char(36) COLLATE utf8_unicode_ci NOT NULL DEFAULT '0',
  PRIMARY KEY (`id`),
  UNIQUE KEY `craft_userpermissions_name_unq_idx` (`name`)
) ENGINE=InnoDB DEFAULT CHARSET=utf8 COLLATE=utf8_unicode_ci;

DROP TABLE IF EXISTS `craft_userpermissions_usergroups`;


--
-- Schema for table `craft_userpermissions_usergroups`
--
CREATE TABLE `craft_userpermissions_usergroups` (
  `id` int(11) NOT NULL AUTO_INCREMENT,
  `permissionId` int(11) NOT NULL,
  `groupId` int(11) NOT NULL,
  `dateCreated` datetime NOT NULL,
  `dateUpdated` datetime NOT NULL,
  `uid` char(36) COLLATE utf8_unicode_ci NOT NULL DEFAULT '0',
  PRIMARY KEY (`id`),
  UNIQUE KEY `craft_userpermissions_usergroups_permissionId_groupId_unq_idx` (`permissionId`,`groupId`),
  KEY `craft_userpermissions_usergroups_groupId_fk` (`groupId`)
) ENGINE=InnoDB DEFAULT CHARSET=utf8 COLLATE=utf8_unicode_ci;

DROP TABLE IF EXISTS `craft_userpermissions_users`;


--
-- Schema for table `craft_userpermissions_users`
--
CREATE TABLE `craft_userpermissions_users` (
  `id` int(11) NOT NULL AUTO_INCREMENT,
  `permissionId` int(11) NOT NULL,
  `userId` int(11) NOT NULL,
  `dateCreated` datetime NOT NULL,
  `dateUpdated` datetime NOT NULL,
  `uid` char(36) COLLATE utf8_unicode_ci NOT NULL DEFAULT '0',
  PRIMARY KEY (`id`),
  UNIQUE KEY `craft_userpermissions_users_permissionId_userId_unq_idx` (`permissionId`,`userId`),
  KEY `craft_userpermissions_users_userId_fk` (`userId`)
) ENGINE=InnoDB DEFAULT CHARSET=utf8 COLLATE=utf8_unicode_ci;

DROP TABLE IF EXISTS `craft_users`;


--
-- Schema for table `craft_users`
--
CREATE TABLE `craft_users` (
  `id` int(11) NOT NULL,
  `username` varchar(100) COLLATE utf8_unicode_ci NOT NULL,
  `photo` varchar(100) COLLATE utf8_unicode_ci DEFAULT NULL,
  `firstName` varchar(100) COLLATE utf8_unicode_ci DEFAULT NULL,
  `lastName` varchar(100) COLLATE utf8_unicode_ci DEFAULT NULL,
  `email` varchar(255) COLLATE utf8_unicode_ci NOT NULL,
  `password` char(255) COLLATE utf8_unicode_ci DEFAULT NULL,
  `preferredLocale` char(12) COLLATE utf8_unicode_ci DEFAULT NULL,
  `weekStartDay` tinyint(1) unsigned NOT NULL DEFAULT '0',
  `admin` tinyint(1) unsigned NOT NULL DEFAULT '0',
  `client` tinyint(1) unsigned NOT NULL DEFAULT '0',
  `locked` tinyint(1) unsigned NOT NULL DEFAULT '0',
  `suspended` tinyint(1) unsigned NOT NULL DEFAULT '0',
  `pending` tinyint(1) unsigned NOT NULL DEFAULT '0',
  `archived` tinyint(1) unsigned NOT NULL DEFAULT '0',
  `lastLoginDate` datetime DEFAULT NULL,
  `lastLoginAttemptIPAddress` varchar(45) COLLATE utf8_unicode_ci DEFAULT NULL,
  `invalidLoginWindowStart` datetime DEFAULT NULL,
  `invalidLoginCount` tinyint(4) unsigned DEFAULT NULL,
  `lastInvalidLoginDate` datetime DEFAULT NULL,
  `lockoutDate` datetime DEFAULT NULL,
  `verificationCode` char(100) COLLATE utf8_unicode_ci DEFAULT NULL,
  `verificationCodeIssuedDate` datetime DEFAULT NULL,
  `unverifiedEmail` varchar(255) COLLATE utf8_unicode_ci DEFAULT NULL,
  `passwordResetRequired` tinyint(1) unsigned NOT NULL DEFAULT '0',
  `lastPasswordChangeDate` datetime DEFAULT NULL,
  `dateCreated` datetime NOT NULL,
  `dateUpdated` datetime NOT NULL,
  `uid` char(36) COLLATE utf8_unicode_ci NOT NULL DEFAULT '0',
  PRIMARY KEY (`id`),
  UNIQUE KEY `craft_users_username_unq_idx` (`username`),
  UNIQUE KEY `craft_users_email_unq_idx` (`email`),
  KEY `craft_users_verificationCode_idx` (`verificationCode`),
  KEY `craft_users_uid_idx` (`uid`),
  KEY `craft_users_preferredLocale_fk` (`preferredLocale`)
) ENGINE=InnoDB DEFAULT CHARSET=utf8 COLLATE=utf8_unicode_ci;

--
-- Data for table `craft_users`
--

INSERT INTO `craft_users` (`id`, `username`, `photo`, `firstName`, `lastName`, `email`, `password`, `preferredLocale`, `weekStartDay`, `admin`, `client`, `locked`, `suspended`, `pending`, `archived`, `lastLoginDate`, `lastLoginAttemptIPAddress`, `invalidLoginWindowStart`, `invalidLoginCount`, `lastInvalidLoginDate`, `lockoutDate`, `verificationCode`, `verificationCodeIssuedDate`, `unverifiedEmail`, `passwordResetRequired`, `lastPasswordChangeDate`, `dateCreated`, `dateUpdated`, `uid`) VALUES
 ('1', 'admin', NULL, '', '', 'james@hallandall.com', '$2y$13$KNBFErAFvV/mmJfJ9DKYku20l6G4qReP9mk.k2RkqOE1t6.xw3Tle', NULL, '0', '1', '0', '0', '0', '0', '0', '2017-10-26 15:31:02', '50.233.132.146', NULL, NULL, '2017-10-26 15:08:43', NULL, NULL, NULL, NULL, '0', '2017-10-26 15:31:34', '2017-09-05 12:55:32', '2017-10-26 15:31:34', 'e508b099-76ff-47d0-9a33-1ba2f88fa0ab');



DROP TABLE IF EXISTS `craft_widgets`;


--
-- Schema for table `craft_widgets`
--
CREATE TABLE `craft_widgets` (
  `id` int(11) NOT NULL AUTO_INCREMENT,
  `userId` int(11) NOT NULL,
  `type` varchar(150) COLLATE utf8_unicode_ci NOT NULL,
  `sortOrder` smallint(6) unsigned DEFAULT NULL,
  `colspan` tinyint(4) unsigned DEFAULT NULL,
  `settings` text COLLATE utf8_unicode_ci,
  `enabled` tinyint(1) unsigned NOT NULL DEFAULT '1',
  `dateCreated` datetime NOT NULL,
  `dateUpdated` datetime NOT NULL,
  `uid` char(36) COLLATE utf8_unicode_ci NOT NULL DEFAULT '0',
  PRIMARY KEY (`id`),
  KEY `craft_widgets_userId_fk` (`userId`)
) ENGINE=InnoDB AUTO_INCREMENT=5 DEFAULT CHARSET=utf8 COLLATE=utf8_unicode_ci;

--
-- Data for table `craft_widgets`
--

INSERT INTO `craft_widgets` (`id`, `userId`, `type`, `sortOrder`, `colspan`, `settings`, `enabled`, `dateCreated`, `dateUpdated`, `uid`) VALUES
 ('1', '1', 'RecentEntries', '1', NULL, NULL, '1', '2017-09-05 12:55:37', '2017-09-05 12:55:37', '505bcc70-b34c-438c-a8c6-ed4ed1f22a52'),
 ('2', '1', 'GetHelp', '2', NULL, NULL, '1', '2017-09-05 12:55:37', '2017-09-05 12:55:37', '3b96badc-7c2a-4cbc-8e50-588f5f59d2c4'),
 ('3', '1', 'Updates', '3', NULL, NULL, '1', '2017-09-05 12:55:37', '2017-09-05 12:55:37', 'e563b270-86ed-4cf8-b345-dca5e57c1d7b'),
 ('4', '1', 'Feed', '4', NULL, '{\"url\":\"https:\\/\\/craftcms.com\\/news.rss\",\"title\":\"Craft News\"}', '1', '2017-09-05 12:55:37', '2017-09-05 12:55:37', 'e2ffcacb-4f90-4308-a3d9-8caf9af96b87');


--
-- Constraints for tables
--


--
-- Constraints for table `craft_assetfiles`
--
ALTER TABLE `craft_assetfiles`
	ADD CONSTRAINT `craft_assetfiles_folderId_fk` FOREIGN KEY (`folderId`) REFERENCES `craft_assetfolders` (`id`) ON DELETE CASCADE,
	ADD CONSTRAINT `craft_assetfiles_id_fk` FOREIGN KEY (`id`) REFERENCES `craft_elements` (`id`) ON DELETE CASCADE,
	ADD CONSTRAINT `craft_assetfiles_sourceId_fk` FOREIGN KEY (`sourceId`) REFERENCES `craft_assetsources` (`id`) ON DELETE CASCADE;

--
-- Constraints for table `craft_assetfolders`
--
ALTER TABLE `craft_assetfolders`
	ADD CONSTRAINT `craft_assetfolders_parentId_fk` FOREIGN KEY (`parentId`) REFERENCES `craft_assetfolders` (`id`) ON DELETE CASCADE,
	ADD CONSTRAINT `craft_assetfolders_sourceId_fk` FOREIGN KEY (`sourceId`) REFERENCES `craft_assetsources` (`id`) ON DELETE CASCADE;

--
-- Constraints for table `craft_assetindexdata`
--
ALTER TABLE `craft_assetindexdata`
	ADD CONSTRAINT `craft_assetindexdata_sourceId_fk` FOREIGN KEY (`sourceId`) REFERENCES `craft_assetsources` (`id`) ON DELETE CASCADE;

--
-- Constraints for table `craft_assetsources`
--
ALTER TABLE `craft_assetsources`
	ADD CONSTRAINT `craft_assetsources_fieldLayoutId_fk` FOREIGN KEY (`fieldLayoutId`) REFERENCES `craft_fieldlayouts` (`id`) ON DELETE SET NULL;

--
-- Constraints for table `craft_categories`
--
ALTER TABLE `craft_categories`
	ADD CONSTRAINT `craft_categories_groupId_fk` FOREIGN KEY (`groupId`) REFERENCES `craft_categorygroups` (`id`) ON DELETE CASCADE,
	ADD CONSTRAINT `craft_categories_id_fk` FOREIGN KEY (`id`) REFERENCES `craft_elements` (`id`) ON DELETE CASCADE;

--
-- Constraints for table `craft_categorygroups`
--
ALTER TABLE `craft_categorygroups`
	ADD CONSTRAINT `craft_categorygroups_fieldLayoutId_fk` FOREIGN KEY (`fieldLayoutId`) REFERENCES `craft_fieldlayouts` (`id`) ON DELETE SET NULL,
	ADD CONSTRAINT `craft_categorygroups_structureId_fk` FOREIGN KEY (`structureId`) REFERENCES `craft_structures` (`id`) ON DELETE CASCADE;

--
-- Constraints for table `craft_categorygroups_i18n`
--
ALTER TABLE `craft_categorygroups_i18n`
	ADD CONSTRAINT `craft_categorygroups_i18n_groupId_fk` FOREIGN KEY (`groupId`) REFERENCES `craft_categorygroups` (`id`) ON DELETE CASCADE,
	ADD CONSTRAINT `craft_categorygroups_i18n_locale_fk` FOREIGN KEY (`locale`) REFERENCES `craft_locales` (`locale`) ON DELETE CASCADE ON UPDATE CASCADE;

--
-- Constraints for table `craft_content`
--
ALTER TABLE `craft_content`
	ADD CONSTRAINT `craft_content_elementId_fk` FOREIGN KEY (`elementId`) REFERENCES `craft_elements` (`id`) ON DELETE CASCADE,
	ADD CONSTRAINT `craft_content_locale_fk` FOREIGN KEY (`locale`) REFERENCES `craft_locales` (`locale`) ON DELETE CASCADE ON UPDATE CASCADE;

--
-- Constraints for table `craft_elements_i18n`
--
ALTER TABLE `craft_elements_i18n`
	ADD CONSTRAINT `craft_elements_i18n_elementId_fk` FOREIGN KEY (`elementId`) REFERENCES `craft_elements` (`id`) ON DELETE CASCADE,
	ADD CONSTRAINT `craft_elements_i18n_locale_fk` FOREIGN KEY (`locale`) REFERENCES `craft_locales` (`locale`) ON DELETE CASCADE ON UPDATE CASCADE;

--
-- Constraints for table `craft_emailmessages`
--
ALTER TABLE `craft_emailmessages`
	ADD CONSTRAINT `craft_emailmessages_locale_fk` FOREIGN KEY (`locale`) REFERENCES `craft_locales` (`locale`) ON DELETE CASCADE ON UPDATE CASCADE;

--
-- Constraints for table `craft_entries`
--
ALTER TABLE `craft_entries`
	ADD CONSTRAINT `craft_entries_authorId_fk` FOREIGN KEY (`authorId`) REFERENCES `craft_users` (`id`) ON DELETE CASCADE,
	ADD CONSTRAINT `craft_entries_id_fk` FOREIGN KEY (`id`) REFERENCES `craft_elements` (`id`) ON DELETE CASCADE,
	ADD CONSTRAINT `craft_entries_sectionId_fk` FOREIGN KEY (`sectionId`) REFERENCES `craft_sections` (`id`) ON DELETE CASCADE,
	ADD CONSTRAINT `craft_entries_typeId_fk` FOREIGN KEY (`typeId`) REFERENCES `craft_entrytypes` (`id`) ON DELETE CASCADE;

--
-- Constraints for table `craft_entrydrafts`
--
ALTER TABLE `craft_entrydrafts`
	ADD CONSTRAINT `craft_entrydrafts_creatorId_fk` FOREIGN KEY (`creatorId`) REFERENCES `craft_users` (`id`) ON DELETE CASCADE,
	ADD CONSTRAINT `craft_entrydrafts_entryId_fk` FOREIGN KEY (`entryId`) REFERENCES `craft_entries` (`id`) ON DELETE CASCADE,
	ADD CONSTRAINT `craft_entrydrafts_locale_fk` FOREIGN KEY (`locale`) REFERENCES `craft_locales` (`locale`) ON DELETE CASCADE ON UPDATE CASCADE,
	ADD CONSTRAINT `craft_entrydrafts_sectionId_fk` FOREIGN KEY (`sectionId`) REFERENCES `craft_sections` (`id`) ON DELETE CASCADE;

--
-- Constraints for table `craft_entrytypes`
--
ALTER TABLE `craft_entrytypes`
	ADD CONSTRAINT `craft_entrytypes_fieldLayoutId_fk` FOREIGN KEY (`fieldLayoutId`) REFERENCES `craft_fieldlayouts` (`id`) ON DELETE SET NULL,
	ADD CONSTRAINT `craft_entrytypes_sectionId_fk` FOREIGN KEY (`sectionId`) REFERENCES `craft_sections` (`id`) ON DELETE CASCADE;

--
-- Constraints for table `craft_entryversions`
--
ALTER TABLE `craft_entryversions`
	ADD CONSTRAINT `craft_entryversions_creatorId_fk` FOREIGN KEY (`creatorId`) REFERENCES `craft_users` (`id`) ON DELETE SET NULL,
	ADD CONSTRAINT `craft_entryversions_entryId_fk` FOREIGN KEY (`entryId`) REFERENCES `craft_entries` (`id`) ON DELETE CASCADE,
	ADD CONSTRAINT `craft_entryversions_locale_fk` FOREIGN KEY (`locale`) REFERENCES `craft_locales` (`locale`) ON DELETE CASCADE ON UPDATE CASCADE,
	ADD CONSTRAINT `craft_entryversions_sectionId_fk` FOREIGN KEY (`sectionId`) REFERENCES `craft_sections` (`id`) ON DELETE CASCADE;

--
-- Constraints for table `craft_fieldlayoutfields`
--
ALTER TABLE `craft_fieldlayoutfields`
	ADD CONSTRAINT `craft_fieldlayoutfields_fieldId_fk` FOREIGN KEY (`fieldId`) REFERENCES `craft_fields` (`id`) ON DELETE CASCADE,
	ADD CONSTRAINT `craft_fieldlayoutfields_layoutId_fk` FOREIGN KEY (`layoutId`) REFERENCES `craft_fieldlayouts` (`id`) ON DELETE CASCADE,
	ADD CONSTRAINT `craft_fieldlayoutfields_tabId_fk` FOREIGN KEY (`tabId`) REFERENCES `craft_fieldlayouttabs` (`id`) ON DELETE CASCADE;

--
-- Constraints for table `craft_fieldlayouttabs`
--
ALTER TABLE `craft_fieldlayouttabs`
	ADD CONSTRAINT `craft_fieldlayouttabs_layoutId_fk` FOREIGN KEY (`layoutId`) REFERENCES `craft_fieldlayouts` (`id`) ON DELETE CASCADE;

--
-- Constraints for table `craft_fields`
--
ALTER TABLE `craft_fields`
	ADD CONSTRAINT `craft_fields_groupId_fk` FOREIGN KEY (`groupId`) REFERENCES `craft_fieldgroups` (`id`) ON DELETE CASCADE;

--
-- Constraints for table `craft_globalsets`
--
ALTER TABLE `craft_globalsets`
	ADD CONSTRAINT `craft_globalsets_fieldLayoutId_fk` FOREIGN KEY (`fieldLayoutId`) REFERENCES `craft_fieldlayouts` (`id`) ON DELETE SET NULL,
	ADD CONSTRAINT `craft_globalsets_id_fk` FOREIGN KEY (`id`) REFERENCES `craft_elements` (`id`) ON DELETE CASCADE;

--
-- Constraints for table `craft_matrixblocks`
--
ALTER TABLE `craft_matrixblocks`
	ADD CONSTRAINT `craft_matrixblocks_fieldId_fk` FOREIGN KEY (`fieldId`) REFERENCES `craft_fields` (`id`) ON DELETE CASCADE,
	ADD CONSTRAINT `craft_matrixblocks_id_fk` FOREIGN KEY (`id`) REFERENCES `craft_elements` (`id`) ON DELETE CASCADE,
	ADD CONSTRAINT `craft_matrixblocks_ownerId_fk` FOREIGN KEY (`ownerId`) REFERENCES `craft_elements` (`id`) ON DELETE CASCADE,
	ADD CONSTRAINT `craft_matrixblocks_ownerLocale_fk` FOREIGN KEY (`ownerLocale`) REFERENCES `craft_locales` (`locale`) ON DELETE CASCADE ON UPDATE CASCADE,
	ADD CONSTRAINT `craft_matrixblocks_typeId_fk` FOREIGN KEY (`typeId`) REFERENCES `craft_matrixblocktypes` (`id`) ON DELETE CASCADE;

--
-- Constraints for table `craft_matrixblocktypes`
--
ALTER TABLE `craft_matrixblocktypes`
	ADD CONSTRAINT `craft_matrixblocktypes_fieldId_fk` FOREIGN KEY (`fieldId`) REFERENCES `craft_fields` (`id`) ON DELETE CASCADE,
	ADD CONSTRAINT `craft_matrixblocktypes_fieldLayoutId_fk` FOREIGN KEY (`fieldLayoutId`) REFERENCES `craft_fieldlayouts` (`id`) ON DELETE SET NULL;

--
-- Constraints for table `craft_migrations`
--
ALTER TABLE `craft_migrations`
	ADD CONSTRAINT `craft_migrations_pluginId_fk` FOREIGN KEY (`pluginId`) REFERENCES `craft_plugins` (`id`) ON DELETE CASCADE;

--
-- Constraints for table `craft_neoblocks`
--
ALTER TABLE `craft_neoblocks`
	ADD CONSTRAINT `craft_neoblocks_fieldId_fk` FOREIGN KEY (`fieldId`) REFERENCES `craft_fields` (`id`) ON DELETE CASCADE,
	ADD CONSTRAINT `craft_neoblocks_id_fk` FOREIGN KEY (`id`) REFERENCES `craft_elements` (`id`) ON DELETE CASCADE,
	ADD CONSTRAINT `craft_neoblocks_ownerId_fk` FOREIGN KEY (`ownerId`) REFERENCES `craft_elements` (`id`) ON DELETE CASCADE,
	ADD CONSTRAINT `craft_neoblocks_ownerLocale_fk` FOREIGN KEY (`ownerLocale`) REFERENCES `craft_locales` (`locale`) ON DELETE CASCADE ON UPDATE CASCADE,
	ADD CONSTRAINT `craft_neoblocks_typeId_fk` FOREIGN KEY (`typeId`) REFERENCES `craft_neoblocktypes` (`id`) ON DELETE CASCADE;

--
-- Constraints for table `craft_neoblockstructures`
--
ALTER TABLE `craft_neoblockstructures`
	ADD CONSTRAINT `craft_neoblockstructures_fieldId_fk` FOREIGN KEY (`fieldId`) REFERENCES `craft_fields` (`id`) ON DELETE CASCADE,
	ADD CONSTRAINT `craft_neoblockstructures_ownerId_fk` FOREIGN KEY (`ownerId`) REFERENCES `craft_elements` (`id`) ON DELETE CASCADE,
	ADD CONSTRAINT `craft_neoblockstructures_ownerLocale_fk` FOREIGN KEY (`ownerLocale`) REFERENCES `craft_locales` (`locale`) ON DELETE CASCADE ON UPDATE CASCADE,
	ADD CONSTRAINT `craft_neoblockstructures_structureId_fk` FOREIGN KEY (`structureId`) REFERENCES `craft_structures` (`id`) ON DELETE CASCADE;

--
-- Constraints for table `craft_neoblocktypes`
--
ALTER TABLE `craft_neoblocktypes`
	ADD CONSTRAINT `craft_neoblocktypes_fieldId_fk` FOREIGN KEY (`fieldId`) REFERENCES `craft_fields` (`id`) ON DELETE CASCADE,
	ADD CONSTRAINT `craft_neoblocktypes_fieldLayoutId_fk` FOREIGN KEY (`fieldLayoutId`) REFERENCES `craft_fieldlayouts` (`id`) ON DELETE SET NULL;

--
-- Constraints for table `craft_neogroups`
--
ALTER TABLE `craft_neogroups`
	ADD CONSTRAINT `craft_neogroups_fieldId_fk` FOREIGN KEY (`fieldId`) REFERENCES `craft_fields` (`id`) ON DELETE CASCADE;

--
-- Constraints for table `craft_relations`
--
ALTER TABLE `craft_relations`
	ADD CONSTRAINT `craft_relations_fieldId_fk` FOREIGN KEY (`fieldId`) REFERENCES `craft_fields` (`id`) ON DELETE CASCADE,
	ADD CONSTRAINT `craft_relations_sourceId_fk` FOREIGN KEY (`sourceId`) REFERENCES `craft_elements` (`id`) ON DELETE CASCADE,
	ADD CONSTRAINT `craft_relations_sourceLocale_fk` FOREIGN KEY (`sourceLocale`) REFERENCES `craft_locales` (`locale`) ON DELETE CASCADE ON UPDATE CASCADE,
	ADD CONSTRAINT `craft_relations_targetId_fk` FOREIGN KEY (`targetId`) REFERENCES `craft_elements` (`id`) ON DELETE CASCADE;

--
-- Constraints for table `craft_routes`
--
ALTER TABLE `craft_routes`
	ADD CONSTRAINT `craft_routes_locale_fk` FOREIGN KEY (`locale`) REFERENCES `craft_locales` (`locale`) ON DELETE CASCADE ON UPDATE CASCADE;

--
-- Constraints for table `craft_sections`
--
ALTER TABLE `craft_sections`
	ADD CONSTRAINT `craft_sections_structureId_fk` FOREIGN KEY (`structureId`) REFERENCES `craft_structures` (`id`) ON DELETE SET NULL;

--
-- Constraints for table `craft_sections_i18n`
--
ALTER TABLE `craft_sections_i18n`
	ADD CONSTRAINT `craft_sections_i18n_locale_fk` FOREIGN KEY (`locale`) REFERENCES `craft_locales` (`locale`) ON DELETE CASCADE ON UPDATE CASCADE,
	ADD CONSTRAINT `craft_sections_i18n_sectionId_fk` FOREIGN KEY (`sectionId`) REFERENCES `craft_sections` (`id`) ON DELETE CASCADE;

--
-- Constraints for table `craft_seomatic_meta`
--
ALTER TABLE `craft_seomatic_meta`
	ADD CONSTRAINT `craft_seomatic_meta_id_fk` FOREIGN KEY (`id`) REFERENCES `craft_elements` (`id`) ON DELETE CASCADE,
	ADD CONSTRAINT `craft_seomatic_meta_seoFacebookImageId_fk` FOREIGN KEY (`seoFacebookImageId`) REFERENCES `craft_assetfiles` (`id`) ON DELETE SET NULL,
	ADD CONSTRAINT `craft_seomatic_meta_seoImageId_fk` FOREIGN KEY (`seoImageId`) REFERENCES `craft_assetfiles` (`id`) ON DELETE SET NULL,
	ADD CONSTRAINT `craft_seomatic_meta_seoTwitterImageId_fk` FOREIGN KEY (`seoTwitterImageId`) REFERENCES `craft_assetfiles` (`id`) ON DELETE SET NULL;

--
-- Constraints for table `craft_seomatic_settings`
--
ALTER TABLE `craft_seomatic_settings`
	ADD CONSTRAINT `craft_seomatic_settings_genericCreatorImageId_fk` FOREIGN KEY (`genericCreatorImageId`) REFERENCES `craft_assetfiles` (`id`) ON DELETE SET NULL,
	ADD CONSTRAINT `craft_seomatic_settings_genericOwnerImageId_fk` FOREIGN KEY (`genericOwnerImageId`) REFERENCES `craft_assetfiles` (`id`) ON DELETE SET NULL,
	ADD CONSTRAINT `craft_seomatic_settings_siteSeoFacebookImageId_fk` FOREIGN KEY (`siteSeoFacebookImageId`) REFERENCES `craft_assetfiles` (`id`) ON DELETE SET NULL,
	ADD CONSTRAINT `craft_seomatic_settings_siteSeoImageId_fk` FOREIGN KEY (`siteSeoImageId`) REFERENCES `craft_assetfiles` (`id`) ON DELETE SET NULL,
	ADD CONSTRAINT `craft_seomatic_settings_siteSeoTwitterImageId_fk` FOREIGN KEY (`siteSeoTwitterImageId`) REFERENCES `craft_assetfiles` (`id`) ON DELETE SET NULL;

--
-- Constraints for table `craft_sessions`
--
ALTER TABLE `craft_sessions`
	ADD CONSTRAINT `craft_sessions_userId_fk` FOREIGN KEY (`userId`) REFERENCES `craft_users` (`id`) ON DELETE CASCADE;

--
-- Constraints for table `craft_shunnedmessages`
--
ALTER TABLE `craft_shunnedmessages`
	ADD CONSTRAINT `craft_shunnedmessages_userId_fk` FOREIGN KEY (`userId`) REFERENCES `craft_users` (`id`) ON DELETE CASCADE;

--
-- Constraints for table `craft_structureelements`
--
ALTER TABLE `craft_structureelements`
	ADD CONSTRAINT `craft_structureelements_elementId_fk` FOREIGN KEY (`elementId`) REFERENCES `craft_elements` (`id`) ON DELETE CASCADE,
	ADD CONSTRAINT `craft_structureelements_structureId_fk` FOREIGN KEY (`structureId`) REFERENCES `craft_structures` (`id`) ON DELETE CASCADE;

--
-- Constraints for table `craft_taggroups`
--
ALTER TABLE `craft_taggroups`
	ADD CONSTRAINT `craft_taggroups_fieldLayoutId_fk` FOREIGN KEY (`fieldLayoutId`) REFERENCES `craft_fieldlayouts` (`id`) ON DELETE SET NULL;

--
-- Constraints for table `craft_tags`
--
ALTER TABLE `craft_tags`
	ADD CONSTRAINT `craft_tags_groupId_fk` FOREIGN KEY (`groupId`) REFERENCES `craft_taggroups` (`id`) ON DELETE CASCADE,
	ADD CONSTRAINT `craft_tags_id_fk` FOREIGN KEY (`id`) REFERENCES `craft_elements` (`id`) ON DELETE CASCADE;

--
-- Constraints for table `craft_templatecachecriteria`
--
ALTER TABLE `craft_templatecachecriteria`
	ADD CONSTRAINT `craft_templatecachecriteria_cacheId_fk` FOREIGN KEY (`cacheId`) REFERENCES `craft_templatecaches` (`id`) ON DELETE CASCADE;

--
-- Constraints for table `craft_templatecacheelements`
--
ALTER TABLE `craft_templatecacheelements`
	ADD CONSTRAINT `craft_templatecacheelements_cacheId_fk` FOREIGN KEY (`cacheId`) REFERENCES `craft_templatecaches` (`id`) ON DELETE CASCADE,
	ADD CONSTRAINT `craft_templatecacheelements_elementId_fk` FOREIGN KEY (`elementId`) REFERENCES `craft_elements` (`id`) ON DELETE CASCADE;

--
-- Constraints for table `craft_templatecaches`
--
ALTER TABLE `craft_templatecaches`
	ADD CONSTRAINT `craft_templatecaches_locale_fk` FOREIGN KEY (`locale`) REFERENCES `craft_locales` (`locale`) ON DELETE CASCADE ON UPDATE CASCADE;

--
-- Constraints for table `craft_usergroups_users`
--
ALTER TABLE `craft_usergroups_users`
	ADD CONSTRAINT `craft_usergroups_users_groupId_fk` FOREIGN KEY (`groupId`) REFERENCES `craft_usergroups` (`id`) ON DELETE CASCADE,
	ADD CONSTRAINT `craft_usergroups_users_userId_fk` FOREIGN KEY (`userId`) REFERENCES `craft_users` (`id`) ON DELETE CASCADE;

--
-- Constraints for table `craft_userpermissions_usergroups`
--
ALTER TABLE `craft_userpermissions_usergroups`
	ADD CONSTRAINT `craft_userpermissions_usergroups_groupId_fk` FOREIGN KEY (`groupId`) REFERENCES `craft_usergroups` (`id`) ON DELETE CASCADE,
	ADD CONSTRAINT `craft_userpermissions_usergroups_permissionId_fk` FOREIGN KEY (`permissionId`) REFERENCES `craft_userpermissions` (`id`) ON DELETE CASCADE;

--
-- Constraints for table `craft_userpermissions_users`
--
ALTER TABLE `craft_userpermissions_users`
	ADD CONSTRAINT `craft_userpermissions_users_permissionId_fk` FOREIGN KEY (`permissionId`) REFERENCES `craft_userpermissions` (`id`) ON DELETE CASCADE,
	ADD CONSTRAINT `craft_userpermissions_users_userId_fk` FOREIGN KEY (`userId`) REFERENCES `craft_users` (`id`) ON DELETE CASCADE;

--
-- Constraints for table `craft_users`
--
ALTER TABLE `craft_users`
	ADD CONSTRAINT `craft_users_id_fk` FOREIGN KEY (`id`) REFERENCES `craft_elements` (`id`) ON DELETE CASCADE,
	ADD CONSTRAINT `craft_users_preferredLocale_fk` FOREIGN KEY (`preferredLocale`) REFERENCES `craft_locales` (`locale`) ON DELETE SET NULL ON UPDATE CASCADE;

--
-- Constraints for table `craft_widgets`
--
ALTER TABLE `craft_widgets`
	ADD CONSTRAINT `craft_widgets_userId_fk` FOREIGN KEY (`userId`) REFERENCES `craft_users` (`id`) ON DELETE CASCADE;

SET FOREIGN_KEY_CHECKS = 1;
